user_id,watch_time_hours,avg_session_minutes,sessions_per_week,completion_rate,weekend_ratio,genre_diversity,action_affinity,comedy_affinity,thriller_affinity,drama_affinity,sci_fi_affinity
USR_00001,24.81,76.2,6.5,0.762,0.391,3,0.891,0.213,0.571,0.328,0.832
USR_00002,15.6,90.8,8.0,0.846,0.533,3,0.872,0.359,0.591,0.128,0.9
USR_00003,25.95,93.0,8.7,0.855,0.589,2,0.856,0.217,0.855,0.373,0.753
USR_00004,13.31,61.3,7.6,0.932,0.236,3,0.277,0.57,0.65,0.99,0.5
USR_00005,20.51,80.1,7.3,0.925,0.308,2,0.968,0.139,0.729,0.322,0.915
USR_00006,4.18,33.3,4.1,0.386,0.151,1,0.303,0.855,0.243,0.679,0.05
USR_00007,3.61,26.0,5.9,0.675,0.308,2,0.404,0.948,0.35,0.744,0.135
USR_00008,22.02,62.8,7.0,0.87,0.48,3,0.151,0.384,0.395,0.823,0.181
USR_00009,8.76,16.3,4.8,0.7,0.539,1,0.31,0.824,0.171,0.549,0.208
USR_00010,11.34,54.4,7.8,0.943,0.272,4,0.4,0.601,0.483,0.891,0.149
USR_00011,6.7,34.2,6.5,0.658,0.46,2,0.352,0.673,0.349,0.727,0.177
USR_00012,4.15,22.2,7.1,0.614,0.554,1,0.236,0.99,0.134,0.723,0.07
USR_00013,7.66,34.5,10.5,0.553,0.553,5,0.403,0.786,0.561,0.785,0.579
USR_00014,34.1,75.9,5.0,0.802,0.842,3,0.901,0.523,0.791,0.447,0.753
USR_00015,17.76,59.6,8.4,0.826,0.481,4,0.832,0.662,0.61,0.676,0.401
USR_00016,4.81,29.6,3.5,0.391,0.34,3,0.364,0.84,0.116,0.916,0.054
USR_00017,31.83,89.0,3.1,0.768,0.649,4,0.822,0.28,0.988,0.5,0.561
USR_00018,7.87,34.5,2.8,0.63,0.112,2,0.216,0.758,0.267,0.674,0.178
USR_00019,21.99,69.1,6.3,0.841,0.307,2,0.101,0.278,0.755,0.815,0.53
USR_00020,34.42,88.1,5.4,0.89,0.721,3,0.581,0.401,0.773,0.317,0.99
USR_00021,13.96,64.9,9.3,0.894,0.39,5,0.615,0.666,0.416,0.639,0.398
USR_00022,22.21,107.0,5.0,0.803,0.882,3,0.815,0.16,0.83,0.345,0.812
USR_00023,3.98,29.8,4.1,0.379,0.397,1,0.304,0.85,0.192,0.852,0.414
USR_00024,27.25,50.3,7.5,0.859,0.709,4,0.717,0.213,0.908,0.544,0.875
USR_00025,17.06,57.3,6.3,0.982,0.497,3,0.759,0.455,0.577,0.406,0.898
USR_00026,15.34,69.3,6.6,0.869,0.523,3,0.362,0.285,0.747,0.843,0.12
USR_00027,29.35,118.4,4.9,0.887,0.713,3,0.675,0.328,0.812,0.48,0.635
USR_00028,19.16,62.0,4.0,0.859,0.454,2,0.777,0.209,0.725,0.299,0.962
USR_00029,18.09,63.5,9.5,0.735,0.438,4,0.554,0.592,0.589,0.707,0.613
USR_00030,18.68,52.7,7.2,0.99,0.225,4,0.353,0.344,0.591,0.843,0.413
USR_00031,11.46,68.2,5.9,0.829,0.319,2,0.326,0.285,0.584,0.879,0.199
USR_00032,23.21,49.5,4.5,0.845,0.239,4,0.359,0.395,0.227,0.954,0.145
USR_00033,31.79,109.1,6.7,0.831,0.63,3,0.737,0.352,0.832,0.422,0.62
USR_00034,16.57,78.6,4.7,0.841,0.455,2,0.246,0.189,0.809,0.843,0.376
USR_00035,11.73,67.1,5.6,0.819,0.384,3,0.824,0.322,0.702,0.354,0.888
USR_00036,15.74,40.0,5.3,0.798,0.26,3,0.379,0.168,0.733,0.849,0.218
USR_00037,23.93,100.5,4.5,0.779,0.616,2,0.813,0.247,0.518,0.423,0.912
USR_00038,21.99,51.1,5.1,0.929,0.785,3,0.703,0.226,0.773,0.389,0.854
USR_00039,4.6,21.7,2.9,0.607,0.404,1,0.345,0.9,0.166,0.798,0.155
USR_00040,19.58,47.4,3.4,0.695,0.653,3,0.95,0.159,0.671,0.392,0.99
USR_00041,10.13,28.1,3.4,0.591,0.376,2,0.062,0.842,0.327,0.571,0.28
USR_00042,13.96,44.6,10.9,0.713,0.36,4,0.839,0.65,0.939,0.774,0.478
USR_00043,18.98,41.6,4.4,0.68,0.254,4,0.758,0.86,0.594,0.718,0.685
USR_00044,27.75,81.4,4.7,0.933,0.615,2,0.82,0.11,0.619,0.297,0.82
USR_00045,33.62,98.3,5.1,0.841,0.803,3,0.847,0.349,0.709,0.179,0.76
USR_00046,12.05,47.4,7.4,0.744,0.365,5,0.95,0.529,0.706,0.504,0.612
USR_00047,19.11,66.6,13.0,0.747,0.465,5,0.518,0.566,0.501,0.652,0.653
USR_00048,20.59,42.0,6.1,0.727,0.391,5,0.574,0.539,0.919,0.64,0.631
USR_00049,11.62,45.0,5.0,0.978,0.366,2,0.569,0.362,0.388,0.891,0.33
USR_00050,26.23,97.9,4.1,0.914,0.823,3,0.757,0.46,0.546,0.437,0.839
USR_00051,8.92,30.8,4.8,0.447,0.248,1,0.284,0.82,0.449,0.563,0.297
USR_00052,25.48,84.8,6.1,0.635,0.562,2,0.678,0.234,0.737,0.445,0.784
USR_00053,33.63,110.4,5.1,0.866,0.595,4,0.679,0.307,0.821,0.434,0.62
USR_00054,8.69,15.0,3.5,0.619,0.321,3,0.245,0.8,0.107,0.627,0.05
USR_00055,4.66,30.8,4.8,0.577,0.397,2,0.26,0.73,0.366,0.811,0.063
USR_00056,10.06,75.1,7.9,0.731,0.597,3,0.71,0.169,0.572,0.254,0.964
USR_00057,8.43,20.2,3.8,0.519,0.51,2,0.36,0.721,0.238,0.619,0.293
USR_00058,18.91,111.3,3.7,0.892,0.905,4,0.648,0.361,0.918,0.298,0.678
USR_00059,23.87,40.0,7.4,0.647,0.534,4,0.759,0.417,0.571,0.94,0.606
USR_00060,22.12,82.6,3.1,0.923,0.69,3,0.913,0.394,0.91,0.421,0.521
USR_00061,14.16,72.1,4.8,0.866,0.772,3,0.781,0.087,0.719,0.399,0.605
USR_00062,17.15,50.7,6.2,0.863,0.298,3,0.388,0.416,0.521,0.783,0.246
USR_00063,42.41,96.9,2.8,0.858,0.644,2,0.897,0.151,0.873,0.389,0.813
USR_00064,8.1,14.7,5.0,0.493,0.206,2,0.163,0.928,0.32,0.585,0.086
USR_00065,20.86,68.4,5.4,0.926,0.424,2,0.689,0.261,0.346,0.318,0.828
USR_00066,14.93,47.4,6.9,0.9,0.385,4,0.113,0.451,0.585,0.976,0.167
USR_00067,21.82,51.4,8.2,0.678,0.572,4,0.598,0.571,0.503,0.535,0.603
USR_00068,13.06,53.8,5.8,0.933,0.296,3,0.317,0.506,0.682,0.99,0.297
USR_00069,14.65,61.4,6.6,0.99,0.436,2,0.408,0.248,0.699,0.911,0.276
USR_00070,21.87,87.6,4.7,0.839,0.286,3,0.862,0.158,0.599,0.407,0.931
USR_00071,14.64,63.2,4.9,0.804,0.389,4,0.261,0.471,0.852,0.99,0.311
USR_00072,20.33,53.2,10.2,0.731,0.523,5,0.757,0.588,0.707,0.751,0.362
USR_00073,15.06,36.2,6.7,0.953,0.298,4,0.331,0.381,0.594,0.89,0.275
USR_00074,6.11,15.7,6.5,0.469,0.376,2,0.301,0.898,0.325,0.9,0.103
USR_00075,27.84,65.7,3.9,0.705,0.473,3,0.868,0.16,0.599,0.441,0.931
USR_00076,30.29,50.1,6.2,0.713,0.682,2,0.755,0.384,0.651,0.406,0.956
USR_00077,5.81,45.4,6.4,0.814,0.378,3,0.396,0.245,0.401,0.699,0.171
USR_00078,23.32,101.7,4.0,0.867,0.618,2,0.779,0.162,0.605,0.326,0.745
USR_00079,9.6,24.6,3.2,0.299,0.464,3,0.216,0.821,0.05,0.758,0.231
USR_00080,13.68,57.3,7.9,0.807,0.343,2,0.209,0.457,0.569,0.841,0.388
USR_00081,3.71,26.5,3.0,0.65,0.317,2,0.05,0.782,0.298,0.673,0.091
USR_00082,15.3,67.4,5.3,0.821,0.279,3,0.498,0.554,0.755,0.827,0.377
USR_00083,17.18,44.8,9.7,0.878,0.487,4,0.781,0.356,0.578,0.631,0.673
USR_00084,5.84,19.4,4.9,0.558,0.515,2,0.17,0.812,0.206,0.546,0.075
USR_00085,16.63,102.7,6.3,0.884,0.491,2,0.945,0.258,0.588,0.375,0.899
USR_00086,10.79,31.2,2.1,0.506,0.428,1,0.44,0.836,0.45,0.585,0.26
USR_00087,7.99,26.9,5.2,0.551,0.287,2,0.151,0.719,0.327,0.648,0.219
USR_00088,29.49,87.9,5.3,0.756,0.732,3,0.653,0.228,0.882,0.342,0.807
USR_00089,14.84,50.7,6.1,0.877,0.36,3,0.314,0.486,0.657,0.894,0.205
USR_00090,8.75,17.9,4.1,0.612,0.373,1,0.208,0.846,0.18,0.561,0.24
USR_00091,5.68,33.1,2.7,0.425,0.249,2,0.259,0.884,0.074,0.567,0.059
USR_00092,20.2,72.7,9.6,0.627,0.434,4,0.481,0.549,0.659,0.708,0.507
USR_00093,24.81,73.3,4.7,0.733,0.413,2,0.962,0.327,0.649,0.12,0.99
USR_00094,19.64,45.0,7.6,0.889,0.342,2,0.251,0.112,0.869,0.749,0.238
USR_00095,14.57,67.1,5.7,0.732,0.3,5,0.743,0.516,0.715,0.627,0.346
USR_00096,4.56,30.7,3.9,0.457,0.317,2,0.215,0.769,0.247,0.734,0.082
USR_00097,27.31,83.7,5.6,0.867,0.719,2,0.886,0.309,0.464,0.148,0.868
USR_00098,23.12,119.0,3.8,0.942,0.821,2,0.753,0.259,0.813,0.181,0.771
USR_00099,20.03,73.2,6.6,0.867,0.412,3,0.555,0.374,0.391,0.956,0.397
USR_00100,26.73,101.0,8.2,0.842,0.539,2,0.882,0.298,0.436,0.139,0.948
USR_00101,20.39,96.6,6.2,0.891,0.743,4,0.761,0.211,0.926,0.473,0.921
USR_00102,32.23,110.3,6.6,0.827,0.611,3,0.719,0.518,0.771,0.589,0.739
USR_00103,24.71,80.6,6.4,0.797,0.386,3,0.864,0.215,0.676,0.05,0.94
USR_00104,14.19,60.8,6.1,0.905,0.254,2,0.37,0.314,0.458,0.988,0.292
USR_00105,13.35,34.4,7.3,0.803,0.425,3,0.303,0.485,0.622,0.978,0.134
USR_00106,12.48,56.0,8.6,0.839,0.423,5,0.589,0.55,0.53,0.594,0.483
USR_00107,5.69,23.0,2.9,0.575,0.149,2,0.386,0.676,0.374,0.704,0.203
USR_00108,27.81,69.8,5.1,0.776,0.377,2,0.816,0.3,0.428,0.11,0.99
USR_00109,20.82,81.6,7.3,0.816,0.605,2,0.356,0.497,0.598,0.988,0.224
USR_00110,6.55,22.6,2.7,0.64,0.291,1,0.139,0.873,0.228,0.925,0.123
USR_00111,17.23,55.1,7.3,0.932,0.344,3,0.35,0.447,0.724,0.859,0.332
USR_00112,15.15,78.5,5.2,0.731,0.369,3,0.871,0.216,0.605,0.222,0.866
USR_00113,18.62,54.4,6.2,0.864,0.383,3,0.255,0.32,0.403,0.863,0.615
USR_00114,27.24,95.0,3.6,0.855,0.712,2,0.794,0.436,0.733,0.352,0.719
USR_00115,14.11,83.8,4.8,0.876,0.451,2,0.798,0.35,0.88,0.189,0.957
USR_00116,7.4,24.7,4.7,0.495,0.051,2,0.375,0.824,0.333,0.687,0.083
USR_00117,7.12,26.3,4.7,0.669,0.37,3,0.116,0.99,0.348,0.719,0.128
USR_00118,27.98,78.7,4.1,0.895,0.792,4,0.94,0.458,0.706,0.399,0.637
USR_00119,20.27,47.5,6.2,0.901,0.298,3,0.47,0.258,0.369,0.814,0.181
USR_00120,21.75,103.0,5.4,0.883,0.556,3,0.59,0.461,0.876,0.505,0.58
USR_00121,23.27,90.6,4.4,0.854,0.745,2,0.653,0.318,0.834,0.373,0.588
USR_00122,21.42,61.0,3.9,0.791,0.779,3,0.863,0.339,0.561,0.548,0.973
USR_00123,25.51,87.7,4.7,0.904,0.65,2,0.682,0.438,0.99,0.675,0.711
USR_00124,19.86,78.5,6.9,0.747,0.378,3,0.706,0.05,0.791,0.443,0.912
USR_00125,18.24,39.5,8.5,0.784,0.412,5,0.854,0.479,0.46,0.625,0.391
USR_00126,17.16,86.5,7.0,0.746,0.418,2,0.737,0.165,0.547,0.313,0.812
USR_00127,1.99,19.7,3.7,0.695,0.312,1,0.068,0.705,0.284,0.896,0.343
USR_00128,15.72,56.7,9.5,0.701,0.425,4,0.887,0.662,0.823,0.533,0.423
USR_00129,30.02,45.6,6.6,0.716,0.53,4,0.511,0.541,0.637,0.378,0.717
USR_00130,15.98,43.4,8.2,0.516,0.512,5,0.617,0.597,0.759,0.738,0.392
USR_00131,18.95,47.9,4.9,0.838,0.297,4,0.333,0.489,0.783,0.553,0.611
USR_00132,16.05,60.5,4.0,0.956,0.26,3,0.187,0.465,0.636,0.76,0.251
USR_00133,13.57,76.0,5.0,0.703,0.689,3,0.917,0.136,0.918,0.46,0.701
USR_00134,41.59,60.5,5.3,0.942,0.829,2,0.755,0.379,0.72,0.468,0.759
USR_00135,17.57,73.0,4.7,0.778,0.395,3,0.902,0.4,0.708,0.311,0.99
USR_00136,3.13,31.3,2.0,0.548,0.323,1,0.172,0.916,0.227,0.671,0.12
USR_00137,21.32,109.7,3.8,0.828,0.843,4,0.734,0.441,0.626,0.288,0.825
USR_00138,7.47,25.1,5.2,0.681,0.35,1,0.297,0.965,0.251,0.628,0.162
USR_00139,25.34,70.6,6.4,0.981,0.393,3,0.99,0.131,0.588,0.394,0.99
USR_00140,21.15,85.0,5.6,0.883,0.687,4,0.842,0.445,0.839,0.377,0.808
USR_00141,33.0,88.8,3.8,0.848,0.9,2,0.7,0.443,0.937,0.505,0.528
USR_00142,15.91,50.6,4.3,0.825,0.507,3,0.374,0.323,0.481,0.821,0.254
USR_00143,19.34,117.9,4.7,0.82,0.68,2,0.614,0.226,0.733,0.419,0.692
USR_00144,18.98,71.3,7.1,0.803,0.59,2,0.838,0.269,0.611,0.13,0.939
USR_00145,22.68,83.1,6.2,0.88,0.684,3,0.75,0.183,0.899,0.348,0.786
USR_00146,27.19,63.9,5.5,0.771,0.496,3,0.88,0.403,0.543,0.21,0.928
USR_00147,22.68,72.5,5.2,0.902,0.507,2,0.99,0.235,0.701,0.273,0.866
USR_00148,23.69,103.4,3.5,0.85,0.772,3,0.803,0.228,0.643,0.665,0.9
USR_00149,18.96,54.3,4.5,0.668,0.504,4,0.751,0.441,0.573,0.598,0.563
USR_00150,22.49,72.0,5.3,0.889,0.482,2,0.719,0.251,0.684,0.433,0.91
USR_00151,7.95,23.7,4.5,0.498,0.101,2,0.221,0.971,0.3,0.762,0.188
USR_00152,18.52,53.3,4.8,0.885,0.322,2,0.419,0.418,0.603,0.885,0.151
USR_00153,8.01,38.7,7.8,0.795,0.376,4,0.668,0.561,0.774,0.792,0.547
USR_00154,17.94,105.1,5.8,0.99,0.88,3,0.847,0.363,0.694,0.404,0.615
USR_00155,21.4,78.8,5.6,0.926,0.801,2,0.787,0.246,0.9,0.184,0.969
USR_00156,28.49,92.3,3.9,0.915,0.798,4,0.741,0.274,0.735,0.296,0.734
USR_00157,4.59,12.9,2.9,0.663,0.552,2,0.198,0.944,0.463,0.629,0.069
USR_00158,14.58,40.6,5.8,0.863,0.456,3,0.392,0.351,0.642,0.858,0.422
USR_00159,10.28,51.9,5.7,0.99,0.16,2,0.348,0.328,0.369,0.81,0.451
USR_00160,23.84,49.7,5.5,0.778,0.321,5,0.25,0.76,0.583,0.95,0.833
USR_00161,10.37,40.7,6.4,0.499,0.356,5,0.613,0.658,0.747,0.809,0.373
USR_00162,26.46,54.6,6.7,0.724,0.579,3,0.89,0.117,0.528,0.297,0.973
USR_00163,14.01,68.6,5.8,0.878,0.449,3,0.056,0.406,0.294,0.878,0.103
USR_00164,29.67,142.9,2.5,0.789,0.796,3,0.99,0.067,0.795,0.396,0.771
USR_00165,19.18,38.3,7.4,0.809,0.49,4,0.887,0.74,0.95,0.477,0.455
USR_00166,15.61,61.0,7.3,0.874,0.65,2,0.835,0.289,0.846,0.263,0.969
USR_00167,38.13,105.5,3.4,0.778,0.865,3,0.656,0.585,0.874,0.387,0.74
USR_00168,17.6,55.4,4.5,0.99,0.284,4,0.464,0.427,0.622,0.844,0.356
USR_00169,21.07,91.6,2.7,0.836,0.837,2,0.69,0.247,0.956,0.307,0.745
USR_00170,19.31,62.6,4.3,0.916,0.548,3,0.723,0.142,0.425,0.24,0.902
USR_00171,12.34,26.0,3.5,0.449,0.28,2,0.118,0.99,0.078,0.419,0.202
USR_00172,19.94,46.3,11.1,0.587,0.406,4,0.546,0.479,0.566,0.797,0.574
USR_00173,21.22,66.3,5.6,0.896,0.596,3,0.904,0.317,0.553,0.511,0.989
USR_00174,16.54,59.7,6.3,0.953,0.532,2,0.869,0.269,0.757,0.228,0.929
USR_00175,27.29,39.2,6.4,0.78,0.283,3,0.451,0.367,0.26,0.903,0.15
USR_00176,20.57,85.2,8.0,0.845,0.519,2,0.97,0.336,0.627,0.253,0.899
USR_00177,7.12,32.5,5.6,0.762,0.358,2,0.291,0.917,0.243,0.707,0.254
USR_00178,25.97,108.4,3.2,0.833,0.81,3,0.882,0.273,0.87,0.528,0.59
USR_00179,15.51,44.4,8.2,0.714,0.344,4,0.586,0.669,0.851,0.748,0.599
USR_00180,32.45,125.5,3.6,0.897,0.755,3,0.766,0.304,0.854,0.658,0.859
USR_00181,6.7,22.5,2.8,0.708,0.156,2,0.226,0.865,0.185,0.622,0.188
USR_00182,6.65,28.7,4.2,0.564,0.464,3,0.318,0.785,0.158,0.632,0.333
USR_00183,21.61,85.9,5.9,0.795,0.303,2,0.777,0.196,0.658,0.302,0.99
USR_00184,23.11,37.0,11.8,0.738,0.672,5,0.72,0.542,0.499,0.691,0.594
USR_00185,26.01,42.5,8.4,0.791,0.284,4,0.624,0.495,0.353,0.841,0.767
USR_00186,17.38,106.0,3.5,0.859,0.736,3,0.717,0.329,0.732,0.475,0.734
USR_00187,24.49,104.6,4.6,0.851,0.704,2,0.789,0.378,0.838,0.354,0.704
USR_00188,19.58,57.3,4.5,0.917,0.446,3,0.445,0.343,0.754,0.91,0.405
USR_00189,16.83,55.0,8.4,0.544,0.341,5,0.717,0.797,0.615,0.675,0.426
USR_00190,4.05,28.1,3.6,0.571,0.325,2,0.107,0.893,0.154,0.769,0.179
USR_00191,7.13,26.7,5.5,0.696,0.357,2,0.064,0.793,0.189,0.817,0.126
USR_00192,29.66,68.6,3.8,0.857,0.827,3,0.99,0.276,0.765,0.396,0.813
USR_00193,19.08,61.9,9.3,0.77,0.237,5,0.887,0.693,0.529,0.673,0.505
USR_00194,31.02,73.6,3.6,0.915,0.592,2,0.907,0.317,0.71,0.435,0.556
USR_00195,11.13,46.3,6.6,0.854,0.512,2,0.146,0.328,0.49,0.99,0.299
USR_00196,8.7,23.1,5.3,0.711,0.381,1,0.05,0.828,0.159,0.589,0.199
USR_00197,33.29,93.2,4.9,0.951,0.71,2,0.826,0.271,0.816,0.522,0.727
USR_00198,5.43,21.3,1.6,0.507,0.238,3,0.393,0.9,0.114,0.95,0.356
USR_00199,16.96,32.0,4.4,0.743,0.386,4,0.34,0.318,0.766,0.805,0.328
USR_00200,21.22,56.6,2.8,0.535,0.437,5,0.657,0.607,0.438,0.61,0.691
USR_00201,27.78,67.8,4.4,0.789,0.453,2,0.958,0.14,0.391,0.289,0.99
USR_00202,21.94,77.7,7.4,0.876,0.677,3,0.864,0.234,0.9,0.359,0.903
USR_00203,22.28,44.8,6.4,0.885,0.19,3,0.263,0.648,0.365,0.9,0.381
USR_00204,11.07,25.0,2.6,0.372,0.345,1,0.293,0.709,0.31,0.85,0.303
USR_00205,15.1,71.1,6.5,0.833,0.611,2,0.865,0.357,0.682,0.525,0.838
USR_00206,19.23,55.0,4.9,0.876,0.308,3,0.143,0.407,0.382,0.99,0.293
USR_00207,4.33,35.3,4.5,0.595,0.49,3,0.35,0.807,0.329,0.809,0.185
USR_00208,18.34,59.9,11.7,0.69,0.436,4,0.474,0.868,0.48,0.508,0.777
USR_00209,16.56,63.3,6.5,0.985,0.37,3,0.323,0.393,0.59,0.986,0.301
USR_00210,26.26,104.9,5.3,0.856,0.693,3,0.803,0.258,0.644,0.739,0.56
USR_00211,25.73,117.9,5.3,0.99,0.836,3,0.798,0.254,0.662,0.419,0.529
USR_00212,7.31,22.1,4.1,0.824,0.376,2,0.277,0.844,0.28,0.458,0.22
USR_00213,20.04,60.2,6.7,0.926,0.683,3,0.815,0.096,0.445,0.196,0.928
USR_00214,13.38,48.9,7.0,0.82,0.411,4,0.441,0.374,0.779,0.771,0.401
USR_00215,25.86,80.2,6.5,0.819,0.63,2,0.841,0.194,0.759,0.58,0.932
USR_00216,6.49,27.3,3.1,0.599,0.357,2,0.151,0.806,0.387,0.687,0.05
USR_00217,13.68,59.5,8.2,0.704,0.623,5,0.663,0.396,0.668,0.547,0.416
USR_00218,25.5,58.1,5.8,0.83,0.371,2,0.788,0.26,0.541,0.213,0.937
USR_00219,20.07,68.3,7.2,0.868,0.313,4,0.467,0.567,0.338,0.851,0.204
USR_00220,23.04,58.1,5.9,0.896,0.353,3,0.097,0.454,0.563,0.876,0.121
USR_00221,17.95,38.5,9.1,0.68,0.337,4,0.643,0.642,0.587,0.754,0.487
USR_00222,7.77,26.2,2.2,0.54,0.459,2,0.151,0.921,0.234,0.553,0.314
USR_00223,17.93,23.1,4.7,0.808,0.464,3,0.239,0.486,0.769,0.745,0.359
USR_00224,34.68,61.4,4.8,0.937,0.289,3,0.885,0.125,0.59,0.168,0.978
USR_00225,27.39,78.8,5.8,0.864,0.827,3,0.908,0.115,0.717,0.492,0.787
USR_00226,19.85,47.7,5.6,0.806,0.432,3,0.476,0.496,0.679,0.968,0.27
USR_00227,10.1,41.8,7.1,0.56,0.35,4,0.816,0.769,0.659,0.557,0.759
USR_00228,25.45,73.9,5.9,0.922,0.397,2,0.826,0.206,0.444,0.262,0.969
USR_00229,37.91,81.9,4.5,0.814,0.638,4,0.636,0.212,0.716,0.578,0.724
USR_00230,26.41,39.7,9.5,0.667,0.209,5,0.63,0.875,0.475,0.553,0.807
USR_00231,21.97,52.3,8.2,0.848,0.328,2,0.331,0.163,0.391,0.909,0.414
USR_00232,9.02,33.8,6.0,0.691,0.283,2,0.305,0.693,0.306,0.537,0.061
USR_00233,22.6,66.7,7.1,0.785,0.432,3,0.911,0.252,0.756,0.119,0.99
USR_00234,17.78,56.9,6.0,0.879,0.264,3,0.302,0.446,0.524,0.809,0.272
USR_00235,20.36,36.8,6.7,0.906,0.488,5,0.596,0.359,0.731,0.855,0.573
USR_00236,14.16,81.6,1.5,0.781,0.795,2,0.802,0.47,0.824,0.499,0.656
USR_00237,23.84,52.7,10.4,0.601,0.504,4,0.612,0.695,0.7,0.536,0.498
USR_00238,32.86,97.3,4.6,0.811,0.853,2,0.795,0.217,0.66,0.363,0.597
USR_00239,5.81,28.8,3.2,0.454,0.26,1,0.399,0.917,0.07,0.628,0.21
USR_00240,17.79,44.1,5.7,0.893,0.415,5,0.808,0.633,0.937,0.769,0.607
USR_00241,8.83,25.5,6.1,0.39,0.238,2,0.22,0.692,0.403,0.834,0.16
USR_00242,17.92,52.4,5.4,0.836,0.36,4,0.61,0.607,0.601,0.417,0.526
USR_00243,22.83,20.7,7.4,0.799,0.462,4,0.678,0.568,0.347,0.638,0.568
USR_00244,9.63,25.3,2.9,0.675,0.194,2,0.129,0.914,0.218,0.611,0.258
USR_00245,23.99,79.2,5.0,0.804,0.693,4,0.626,0.285,0.661,0.378,0.713
USR_00246,22.99,50.9,10.9,0.693,0.258,5,0.561,0.28,0.593,0.635,0.575
USR_00247,3.71,13.6,3.3,0.358,0.303,2,0.544,0.843,0.323,0.783,0.333
USR_00248,6.66,22.0,4.9,0.616,0.497,1,0.324,0.99,0.217,0.61,0.363
USR_00249,30.5,63.9,6.4,0.72,0.523,2,0.824,0.141,0.665,0.301,0.99
USR_00250,14.8,68.9,7.4,0.591,0.449,5,0.827,0.7,0.705,0.644,0.783
USR_00251,21.29,53.7,7.7,0.808,0.458,3,0.77,0.073,0.417,0.443,0.869
USR_00252,21.64,79.6,6.4,0.99,0.815,3,0.874,0.396,0.806,0.522,0.485
USR_00253,5.5,30.9,3.6,0.541,0.249,3,0.151,0.755,0.267,0.95,0.121
USR_00254,6.31,29.1,5.3,0.474,0.299,3,0.45,0.782,0.365,0.638,0.227
USR_00255,24.02,62.2,6.3,0.853,0.599,3,0.975,0.266,0.543,0.342,0.924
USR_00256,8.51,25.5,2.9,0.728,0.326,2,0.321,0.805,0.181,0.661,0.122
USR_00257,13.12,59.8,4.3,0.934,0.319,3,0.522,0.334,0.768,0.959,0.354
USR_00258,27.25,83.7,6.1,0.757,0.517,3,0.895,0.157,0.452,0.44,0.965
USR_00259,22.48,100.5,5.8,0.839,0.658,3,0.878,0.343,0.723,0.241,0.711
USR_00260,27.05,64.2,7.5,0.99,0.38,2,0.801,0.193,0.655,0.306,0.918
USR_00261,17.95,46.7,7.1,0.604,0.482,4,0.731,0.479,0.737,0.829,0.523
USR_00262,22.19,62.2,4.9,0.708,0.873,3,0.99,0.191,0.778,0.502,0.777
USR_00263,9.76,51.2,6.3,0.916,0.28,3,0.288,0.54,0.593,0.872,0.339
USR_00264,13.44,59.0,7.0,0.912,0.315,3,0.15,0.358,0.514,0.973,0.435
USR_00265,20.84,108.6,4.1,0.903,0.467,2,0.781,0.144,0.762,0.342,0.651
USR_00266,15.26,88.2,6.2,0.769,0.702,3,0.896,0.072,0.517,0.252,0.863
USR_00267,8.41,43.6,6.1,0.538,0.367,1,0.264,0.623,0.343,0.458,0.231
USR_00268,7.98,29.3,4.5,0.488,0.394,1,0.247,0.868,0.206,0.738,0.116
USR_00269,16.38,61.3,7.4,0.855,0.341,2,0.361,0.372,0.602,0.99,0.541
USR_00270,7.44,29.7,3.2,0.454,0.33,2,0.207,0.908,0.304,0.629,0.108
USR_00271,31.76,104.2,3.1,0.872,0.807,3,0.963,0.057,0.915,0.34,0.746
USR_00272,18.83,57.9,5.2,0.894,0.383,2,0.34,0.121,0.473,0.85,0.174
USR_00273,20.08,89.5,5.0,0.866,0.481,2,0.928,0.086,0.622,0.35,0.831
USR_00274,7.32,22.9,5.3,0.638,0.508,1,0.299,0.771,0.356,0.678,0.05
USR_00275,19.18,99.6,3.7,0.938,0.9,4,0.862,0.324,0.944,0.43,0.402
USR_00276,11.4,57.9,4.9,0.911,0.337,3,0.446,0.369,0.736,0.775,0.323
USR_00277,21.55,19.3,9.8,0.637,0.591,4,0.789,0.643,0.714,0.891,0.666
USR_00278,21.56,58.8,7.2,0.761,0.145,5,0.593,0.623,0.625,0.836,0.528
USR_00279,30.45,56.7,7.9,0.95,0.275,2,0.862,0.07,0.609,0.384,0.874
USR_00280,32.29,82.4,4.0,0.743,0.663,2,0.979,0.223,0.748,0.667,0.773
USR_00281,21.14,54.5,3.2,0.851,0.391,3,0.786,0.188,0.871,0.308,0.929
USR_00282,7.2,39.8,5.6,0.519,0.374,2,0.05,0.834,0.303,0.655,0.174
USR_00283,22.95,73.7,8.6,0.78,0.463,2,0.821,0.442,0.565,0.266,0.847
USR_00284,15.97,74.9,7.3,0.792,0.55,2,0.41,0.273,0.587,0.906,0.25
USR_00285,19.43,38.6,5.9,0.99,0.474,3,0.413,0.379,0.585,0.706,0.509
USR_00286,21.53,54.6,6.7,0.746,0.399,3,0.175,0.318,0.394,0.746,0.487
USR_00287,9.56,47.1,6.5,0.883,0.353,3,0.377,0.525,0.731,0.908,0.18
USR_00288,31.98,67.0,6.1,0.846,0.537,3,0.934,0.05,0.441,0.132,0.815
USR_00289,3.38,32.0,4.9,0.72,0.308,1,0.264,0.826,0.184,0.793,0.177
USR_00290,24.87,61.1,6.8,0.82,0.407,3,0.795,0.126,0.624,0.076,0.954
USR_00291,34.32,60.8,7.2,0.761,0.639,2,0.974,0.093,0.66,0.37,0.873
USR_00292,29.69,84.1,4.7,0.755,0.392,2,0.813,0.142,0.445,0.312,0.833
USR_00293,32.2,126.3,3.1,0.805,0.83,2,0.916,0.184,0.715,0.218,0.657
USR_00294,23.72,97.3,4.7,0.835,0.746,4,0.735,0.223,0.806,0.471,0.743
USR_00295,21.59,40.4,8.6,0.947,0.523,5,0.71,0.819,0.279,0.717,0.621
USR_00296,21.0,30.7,8.0,0.729,0.552,5,0.647,0.721,0.606,0.734,0.584
USR_00297,5.29,26.6,4.5,0.614,0.327,3,0.177,0.723,0.079,0.731,0.117
USR_00298,21.72,105.9,3.3,0.847,0.772,3,0.66,0.264,0.657,0.391,0.75
USR_00299,18.97,61.4,5.7,0.792,0.509,2,0.966,0.224,0.67,0.467,0.892
USR_00300,20.76,83.1,6.2,0.808,0.44,3,0.96,0.266,0.688,0.466,0.99
USR_00301,19.58,43.2,5.2,0.892,0.463,2,0.504,0.695,0.693,0.971,0.281
USR_00302,17.52,53.2,6.4,0.886,0.444,3,0.574,0.377,0.422,0.99,0.136
USR_00303,39.5,76.8,5.9,0.886,0.576,2,0.714,0.05,0.99,0.299,0.704
USR_00304,16.6,56.1,5.3,0.91,0.202,3,0.05,0.315,0.419,0.825,0.511
USR_00305,11.99,78.6,7.3,0.631,0.417,2,0.891,0.333,0.848,0.339,0.937
USR_00306,6.57,26.9,2.9,0.562,0.274,3,0.165,0.726,0.343,0.573,0.28
USR_00307,15.13,36.5,6.8,0.537,0.127,5,0.292,0.627,0.359,0.569,0.582
USR_00308,26.43,101.4,4.0,0.877,0.662,4,0.99,0.469,0.712,0.315,0.61
USR_00309,24.19,60.4,7.3,0.814,0.497,3,0.872,0.091,0.703,0.271,0.869
USR_00310,24.89,108.6,6.4,0.822,0.64,2,0.631,0.407,0.855,0.397,0.636
USR_00311,5.25,31.1,4.2,0.584,0.324,2,0.384,0.768,0.191,0.563,0.05
USR_00312,25.67,79.1,7.9,0.821,0.406,3,0.896,0.183,0.71,0.336,0.935
USR_00313,22.65,107.3,4.0,0.949,0.799,2,0.695,0.192,0.823,0.585,0.503
USR_00314,27.48,80.8,4.2,0.781,0.866,3,0.849,0.173,0.868,0.37,0.704
USR_00315,12.23,40.4,6.3,0.958,0.05,5,0.725,0.548,0.737,0.736,0.366
USR_00316,28.98,73.2,4.4,0.89,0.649,2,0.894,0.293,0.699,0.437,0.898
USR_00317,21.06,63.9,6.1,0.748,0.516,3,0.932,0.273,0.559,0.49,0.743
USR_00318,20.71,28.0,7.8,0.683,0.464,4,0.355,0.676,0.587,0.745,0.287
USR_00319,20.99,51.2,7.6,0.771,0.63,2,0.735,0.259,0.656,0.244,0.818
USR_00320,9.0,24.1,7.3,0.698,0.429,1,0.267,0.868,0.177,0.632,0.35
USR_00321,14.38,57.2,9.9,0.754,0.496,5,0.572,0.56,0.626,0.668,0.403
USR_00322,17.4,39.9,8.2,0.764,0.367,3,0.795,0.114,0.639,0.225,0.751
USR_00323,17.15,45.3,5.8,0.99,0.446,4,0.425,0.163,0.614,0.705,0.325
USR_00324,23.74,90.9,5.2,0.938,0.845,2,0.807,0.554,0.752,0.205,0.476
USR_00325,16.96,83.9,5.0,0.914,0.95,2,0.895,0.113,0.807,0.506,0.575
USR_00326,29.63,110.0,5.0,0.837,0.784,2,0.761,0.583,0.781,0.532,0.623
USR_00327,20.61,54.5,6.8,0.924,0.314,3,0.262,0.609,0.535,0.943,0.224
USR_00328,28.41,138.7,4.1,0.874,0.637,3,0.716,0.277,0.99,0.662,0.777
USR_00329,15.57,30.9,9.3,0.673,0.313,4,0.612,0.913,0.873,0.78,0.659
USR_00330,18.98,90.0,6.5,0.98,0.513,2,0.909,0.228,0.487,0.172,0.89
USR_00331,27.57,81.2,6.6,0.729,0.611,2,0.869,0.314,0.245,0.21,0.916
USR_00332,5.67,26.1,4.5,0.472,0.402,2,0.347,0.84,0.205,0.748,0.279
USR_00333,19.41,39.6,7.4,0.836,0.584,4,0.464,0.802,0.57,0.743,0.857
USR_00334,18.21,45.6,3.4,0.801,0.296,4,0.397,0.409,0.494,0.955,0.164
USR_00335,26.41,97.5,7.3,0.762,0.82,4,0.98,0.116,0.712,0.58,0.886
USR_00336,17.15,71.3,7.7,0.856,0.325,3,0.379,0.497,0.256,0.914,0.203
USR_00337,6.63,25.7,2.6,0.588,0.229,2,0.394,0.836,0.183,0.71,0.293
USR_00338,21.37,87.2,3.9,0.911,0.775,3,0.864,0.214,0.802,0.368,0.769
USR_00339,4.34,28.9,4.2,0.586,0.512,2,0.05,0.957,0.247,0.761,0.099
USR_00340,17.36,50.0,4.9,0.957,0.307,4,0.177,0.179,0.479,0.99,0.335
USR_00341,20.35,44.9,8.4,0.777,0.245,5,0.494,0.466,0.462,0.575,0.739
USR_00342,24.75,110.3,1.0,0.953,0.724,3,0.797,0.234,0.814,0.444,0.665
USR_00343,5.71,34.6,8.0,0.533,0.373,1,0.298,0.725,0.261,0.706,0.331
USR_00344,30.11,108.2,4.6,0.917,0.679,3,0.777,0.449,0.768,0.653,0.607
USR_00345,25.73,70.7,6.8,0.762,0.857,2,0.736,0.297,0.586,0.528,0.748
USR_00346,24.95,115.0,3.9,0.854,0.95,3,0.767,0.176,0.881,0.525,0.642
USR_00347,20.24,25.4,8.1,0.695,0.372,4,0.567,0.492,0.54,0.534,0.378
USR_00348,22.53,82.3,5.7,0.827,0.872,3,0.697,0.346,0.777,0.582,0.778
USR_00349,22.11,98.8,3.2,0.915,0.824,4,0.847,0.407,0.99,0.475,0.654
USR_00350,14.98,40.7,9.7,0.801,0.267,5,0.622,0.477,0.95,0.426,0.407
USR_00351,5.89,29.1,4.6,0.846,0.168,2,0.274,0.945,0.165,0.655,0.05
USR_00352,34.66,74.5,5.2,0.99,0.771,2,0.567,0.311,0.898,0.61,0.708
USR_00353,19.34,47.3,9.4,0.804,0.47,4,0.807,0.644,0.88,0.62,0.69
USR_00354,18.07,78.5,5.8,0.909,0.482,2,0.667,0.213,0.72,0.161,0.894
USR_00355,14.96,35.2,5.1,0.589,0.252,1,0.093,0.987,0.193,0.643,0.149
USR_00356,1.0,25.3,3.4,0.428,0.411,1,0.061,0.935,0.246,0.896,0.241
USR_00357,22.63,66.6,7.4,0.674,0.391,2,0.99,0.319,0.506,0.285,0.918
USR_00358,14.15,43.3,6.2,0.897,0.258,4,0.185,0.385,0.757,0.97,0.163
USR_00359,34.59,118.3,5.1,0.76,0.571,3,0.809,0.262,0.913,0.369,0.733
USR_00360,18.32,43.9,8.9,0.875,0.385,2,0.379,0.582,0.69,0.915,0.666
USR_00361,4.41,31.4,4.1,0.819,0.296,3,0.156,0.912,0.346,0.58,0.05
USR_00362,21.54,79.1,8.2,0.844,0.743,3,0.896,0.255,0.343,0.063,0.983
USR_00363,7.17,29.0,3.5,0.692,0.36,1,0.288,0.99,0.15,0.711,0.162
USR_00364,21.38,63.2,8.3,0.78,0.522,5,0.455,0.474,0.513,0.689,0.572
USR_00365,7.59,21.2,3.6,0.492,0.542,3,0.25,0.99,0.322,0.825,0.087
USR_00366,25.82,82.0,3.6,0.966,0.81,3,0.689,0.256,0.895,0.102,0.733
USR_00367,21.92,100.8,6.1,0.819,0.654,4,0.792,0.44,0.722,0.696,0.625
USR_00368,18.59,40.4,11.6,0.821,0.316,4,0.386,0.694,0.673,0.593,0.699
USR_00369,6.33,24.1,3.2,0.735,0.321,2,0.098,0.859,0.372,0.529,0.254
USR_00370,25.96,79.5,2.2,0.84,0.728,3,0.796,0.4,0.88,0.536,0.496
USR_00371,23.3,49.9,10.3,0.676,0.444,4,0.64,0.467,0.602,0.64,0.548
USR_00372,9.68,22.3,5.4,0.661,0.178,1,0.432,0.763,0.26,0.621,0.313
USR_00373,18.8,58.0,3.9,0.78,0.4,3,0.282,0.292,0.85,0.89,0.311
USR_00374,33.18,52.2,9.7,0.712,0.545,4,0.828,0.787,0.641,0.542,0.681
USR_00375,15.36,51.4,4.6,0.877,0.642,3,0.573,0.435,0.478,0.893,0.219
USR_00376,22.96,61.6,2.9,0.865,0.891,3,0.706,0.058,0.718,0.21,0.635
USR_00377,7.75,20.5,3.6,0.636,0.522,2,0.099,0.773,0.247,0.811,0.211
USR_00378,19.45,68.5,3.9,0.85,0.541,3,0.99,0.312,0.634,0.341,0.892
USR_00379,4.86,26.5,4.5,0.409,0.364,2,0.204,0.921,0.283,0.774,0.112
USR_00380,21.6,83.1,4.8,0.914,0.541,3,0.88,0.23,0.607,0.317,0.924
USR_00381,4.31,17.5,5.5,0.593,0.267,2,0.322,0.846,0.166,0.814,0.224
USR_00382,22.11,53.9,8.4,0.878,0.308,4,0.461,0.408,0.431,0.855,0.119
USR_00383,5.28,24.0,4.5,0.684,0.282,2,0.475,0.789,0.233,0.637,0.266
USR_00384,14.43,62.8,9.5,0.764,0.457,4,0.799,0.568,0.673,0.673,0.754
USR_00385,31.82,104.4,4.1,0.841,0.722,4,0.803,0.28,0.955,0.558,0.538
USR_00386,24.31,51.6,6.2,0.815,0.364,2,0.755,0.343,0.702,0.366,0.905
USR_00387,16.42,41.2,5.7,0.928,0.423,3,0.348,0.113,0.655,0.93,0.282
USR_00388,12.7,45.7,6.2,0.985,0.315,4,0.803,0.57,0.609,0.717,0.551
USR_00389,7.8,19.2,3.5,0.596,0.287,2,0.181,0.849,0.181,0.51,0.369
USR_00390,26.05,56.4,14.2,0.678,0.425,5,0.677,0.6,0.777,0.901,0.548
USR_00391,9.85,55.4,9.7,0.488,0.224,5,0.834,0.566,0.867,0.761,0.926
USR_00392,15.53,56.3,7.6,0.758,0.374,4,0.527,0.679,0.446,0.927,0.451
USR_00393,7.37,24.0,3.2,0.627,0.399,1,0.153,0.853,0.26,0.727,0.169
USR_00394,7.04,32.9,5.5,0.605,0.327,1,0.266,0.99,0.196,0.743,0.301
USR_00395,18.75,38.0,5.2,0.821,0.404,2,0.278,0.406,0.755,0.876,0.489
USR_00396,12.4,88.0,4.2,0.91,0.6,4,0.598,0.423,0.99,0.563,0.651
USR_00397,33.79,64.6,6.6,0.99,0.43,2,0.901,0.206,0.773,0.446,0.933
USR_00398,23.12,52.2,8.3,0.543,0.52,4,0.546,0.801,0.602,0.654,0.824
USR_00399,19.16,35.0,11.7,0.532,0.356,5,0.812,0.569,0.647,0.768,0.547
USR_00400,12.67,21.7,2.9,0.613,0.211,1,0.121,0.757,0.127,0.516,0.05
USR_00401,19.43,60.9,3.7,0.952,0.207,3,0.26,0.226,0.71,0.832,0.292
USR_00402,20.75,61.6,9.1,0.825,0.393,4,0.341,0.448,0.631,0.926,0.355
USR_00403,20.99,81.4,4.8,0.893,0.702,3,0.99,0.158,0.836,0.138,0.454
USR_00404,25.84,83.4,7.0,0.825,0.197,2,0.788,0.328,0.829,0.351,0.914
USR_00405,8.8,23.1,3.8,0.697,0.116,1,0.197,0.82,0.296,0.908,0.209
USR_00406,27.13,131.7,4.1,0.783,0.9,3,0.853,0.213,0.99,0.323,0.777
USR_00407,19.23,56.1,5.0,0.953,0.514,3,0.429,0.219,0.517,0.875,0.35
USR_00408,7.44,16.6,1.6,0.581,0.27,1,0.239,0.866,0.125,0.627,0.262
USR_00409,9.04,29.9,5.7,0.791,0.328,2,0.504,0.932,0.23,0.871,0.193
USR_00410,16.58,27.4,9.1,0.956,0.309,4,0.636,0.628,0.893,0.759,0.689
USR_00411,6.7,18.6,4.6,0.44,0.362,1,0.511,0.72,0.113,0.699,0.151
USR_00412,20.37,107.9,4.8,0.814,0.847,2,0.76,0.384,0.875,0.441,0.767
USR_00413,18.25,108.8,3.9,0.878,0.769,3,0.752,0.196,0.724,0.659,0.681
USR_00414,12.48,52.4,5.9,0.783,0.325,2,0.086,0.349,0.4,0.971,0.266
USR_00415,27.04,86.0,3.6,0.783,0.8,3,0.701,0.47,0.936,0.375,0.52
USR_00416,27.43,73.5,4.4,0.93,0.817,3,0.855,0.268,0.906,0.337,0.665
USR_00417,3.91,22.8,2.2,0.907,0.34,1,0.05,0.724,0.128,0.384,0.365
USR_00418,27.97,101.8,3.1,0.787,0.834,4,0.709,0.392,0.632,0.406,0.573
USR_00419,18.58,46.9,6.7,0.843,0.384,4,0.185,0.333,0.517,0.799,0.324
USR_00420,8.93,18.8,7.8,0.517,0.405,2,0.111,0.647,0.275,0.549,0.169
USR_00421,30.79,81.1,2.9,0.839,0.869,2,0.88,0.171,0.74,0.608,0.64
USR_00422,22.56,68.1,4.5,0.836,0.335,2,0.829,0.226,0.642,0.355,0.752
USR_00423,17.45,54.2,5.4,0.99,0.364,3,0.194,0.29,0.495,0.932,0.34
USR_00424,7.39,20.4,4.3,0.597,0.255,2,0.05,0.752,0.374,0.873,0.253
USR_00425,25.57,48.7,3.1,0.823,0.478,2,0.851,0.292,0.453,0.417,0.99
USR_00426,9.53,28.2,4.3,0.179,0.23,2,0.067,0.863,0.283,0.63,0.299
USR_00427,20.25,131.4,7.2,0.874,0.755,3,0.74,0.134,0.753,0.4,0.826
USR_00428,14.1,64.7,7.4,0.99,0.405,4,0.481,0.353,0.609,0.892,0.335
USR_00429,24.95,64.3,4.2,0.921,0.456,2,0.756,0.173,0.499,0.477,0.797
USR_00430,24.97,39.6,9.0,0.779,0.418,4,0.896,0.526,0.54,0.793,0.694
USR_00431,27.72,53.7,6.8,0.865,0.695,2,0.827,0.292,0.709,0.097,0.863
USR_00432,12.16,58.4,10.9,0.67,0.571,5,0.703,0.546,0.703,0.59,0.499
USR_00433,31.35,76.1,6.0,0.869,0.596,2,0.921,0.202,0.447,0.05,0.948
USR_00434,17.54,72.8,4.9,0.916,0.238,2,0.233,0.503,0.5,0.892,0.161
USR_00435,2.95,10.0,3.8,0.544,0.293,2,0.28,0.894,0.212,0.653,0.2
USR_00436,21.09,42.5,10.1,0.63,0.346,4,0.45,0.847,0.82,0.538,0.59
USR_00437,20.21,77.8,7.4,0.948,0.598,3,0.76,0.162,0.54,0.153,0.803
USR_00438,15.21,96.4,3.3,0.809,0.71,2,0.739,0.418,0.852,0.314,0.721
USR_00439,20.85,75.6,9.2,0.888,0.685,2,0.69,0.322,0.651,0.435,0.928
USR_00440,32.62,94.4,4.8,0.883,0.513,2,0.589,0.347,0.703,0.05,0.908
USR_00441,29.02,119.2,2.7,0.848,0.768,3,0.768,0.344,0.549,0.327,0.87
USR_00442,17.68,67.8,3.3,0.85,0.443,3,0.548,0.314,0.738,0.757,0.469
USR_00443,30.59,97.4,3.3,0.823,0.91,2,0.99,0.231,0.676,0.183,0.61
USR_00444,15.25,65.1,4.7,0.915,0.459,3,0.409,0.348,0.403,0.847,0.205
USR_00445,6.09,25.3,2.5,0.404,0.13,1,0.329,0.875,0.338,0.705,0.182
USR_00446,27.09,74.3,5.0,0.807,0.726,3,0.885,0.285,0.907,0.795,0.665
USR_00447,27.3,100.9,5.0,0.732,0.71,3,0.602,0.246,0.814,0.389,0.752
USR_00448,19.06,51.1,4.4,0.87,0.326,4,0.387,0.635,0.49,0.793,0.275
USR_00449,22.86,54.6,6.4,0.823,0.399,4,0.382,0.05,0.597,0.99,0.304
USR_00450,24.98,63.1,6.8,0.99,0.342,4,0.493,0.313,0.633,0.99,0.279
USR_00451,1.89,22.6,4.2,0.737,0.252,2,0.347,0.734,0.179,0.693,0.124
USR_00452,24.61,40.2,7.9,0.721,0.371,5,0.706,0.4,0.77,0.748,0.581
USR_00453,17.41,67.6,6.9,0.913,0.347,2,0.302,0.05,0.379,0.897,0.29
USR_00454,22.89,60.8,9.5,0.731,0.314,5,0.757,0.623,0.65,0.712,0.47
USR_00455,5.18,30.5,4.9,0.756,0.32,3,0.131,0.99,0.224,0.68,0.267
USR_00456,8.38,73.5,5.4,0.811,0.388,2,0.892,0.185,0.452,0.218,0.97
USR_00457,36.64,108.0,6.8,0.842,0.412,3,0.912,0.05,0.567,0.396,0.968
USR_00458,32.37,123.3,4.8,0.928,0.668,3,0.876,0.252,0.909,0.521,0.837
USR_00459,28.61,92.4,5.2,0.693,0.854,4,0.574,0.262,0.538,0.358,0.953
USR_00460,7.83,23.7,4.0,0.478,0.345,1,0.06,0.875,0.234,0.558,0.335
USR_00461,17.01,61.1,6.8,0.911,0.458,4,0.371,0.327,0.704,0.833,0.347
USR_00462,24.57,85.5,2.4,0.884,0.755,2,0.598,0.271,0.977,0.263,0.751
USR_00463,23.24,68.6,5.3,0.889,0.389,3,0.824,0.345,0.634,0.316,0.853
USR_00464,28.51,90.9,6.2,0.878,0.677,4,0.642,0.282,0.749,0.651,0.704
USR_00465,17.09,57.9,5.5,0.805,0.281,3,0.128,0.385,0.864,0.926,0.335
USR_00466,30.74,121.0,4.7,0.776,0.718,3,0.691,0.234,0.806,0.364,0.566
USR_00467,29.77,100.2,4.5,0.893,0.671,2,0.708,0.296,0.759,0.613,0.874
USR_00468,19.34,50.2,9.3,0.743,0.63,5,0.768,0.725,0.722,0.892,0.911
USR_00469,24.7,52.0,6.7,0.895,0.336,3,0.197,0.572,0.43,0.863,0.217
USR_00470,30.56,77.3,6.4,0.774,0.602,2,0.819,0.066,0.575,0.358,0.795
USR_00471,11.13,54.0,5.3,0.876,0.441,2,0.386,0.304,0.402,0.981,0.281
USR_00472,1.0,21.8,2.1,0.537,0.354,1,0.311,0.879,0.218,0.565,0.234
USR_00473,28.87,94.5,2.8,0.761,0.72,3,0.761,0.192,0.906,0.241,0.579
USR_00474,11.07,40.5,7.1,0.718,0.431,4,0.343,0.544,0.516,0.678,0.447
USR_00475,18.29,38.2,9.9,0.719,0.453,5,0.64,0.461,0.748,0.733,0.577
USR_00476,20.58,69.3,6.2,0.745,0.458,3,0.854,0.3,0.455,0.279,0.851
USR_00477,24.85,101.2,8.6,0.864,0.43,2,0.894,0.308,0.525,0.163,0.929
USR_00478,7.77,27.3,5.6,0.668,0.231,2,0.386,0.867,0.383,0.887,0.223
USR_00479,7.34,38.0,6.2,0.7,0.602,2,0.232,0.874,0.05,0.669,0.06
USR_00480,11.37,33.0,4.4,0.508,0.213,3,0.384,0.966,0.357,0.849,0.102
USR_00481,24.71,83.0,5.4,0.795,0.906,3,0.772,0.306,0.777,0.636,0.777
USR_00482,18.13,48.9,4.9,0.684,0.527,5,0.63,0.373,0.753,0.727,0.678
USR_00483,21.26,97.0,3.2,0.984,0.476,2,0.741,0.159,0.763,0.634,0.806
USR_00484,14.48,65.8,6.1,0.884,0.294,3,0.24,0.306,0.705,0.861,0.377
USR_00485,16.55,56.7,5.1,0.886,0.389,3,0.217,0.534,0.272,0.843,0.307
USR_00486,13.03,57.4,6.0,0.805,0.482,5,0.641,0.634,0.881,0.527,0.56
USR_00487,16.09,47.1,5.5,0.873,0.476,4,0.402,0.322,0.336,0.874,0.406
USR_00488,27.43,105.5,7.9,0.863,0.489,2,0.822,0.127,0.555,0.343,0.881
USR_00489,17.82,56.7,5.0,0.981,0.28,3,0.462,0.685,0.886,0.747,0.361
USR_00490,28.36,129.6,3.7,0.924,0.917,3,0.863,0.215,0.835,0.461,0.644
USR_00491,21.04,51.7,5.8,0.849,0.31,2,0.203,0.388,0.481,0.788,0.487
USR_00492,23.77,58.9,5.8,0.864,0.282,2,0.454,0.287,0.721,0.99,0.066
USR_00493,15.63,69.1,6.4,0.888,0.486,3,0.36,0.324,0.591,0.89,0.319
USR_00494,23.39,28.5,6.5,0.788,0.456,3,0.418,0.306,0.622,0.891,0.284
USR_00495,19.51,70.2,5.5,0.887,0.271,4,0.2,0.621,0.52,0.942,0.429
USR_00496,8.39,27.3,2.7,0.484,0.504,1,0.636,0.808,0.428,0.649,0.395
USR_00497,23.02,76.2,6.2,0.85,0.51,3,0.834,0.1,0.5,0.533,0.933
USR_00498,33.22,85.9,4.2,0.862,0.556,3,0.748,0.362,0.803,0.431,0.694
USR_00499,34.78,90.2,5.5,0.885,0.741,2,0.805,0.22,0.717,0.298,0.79
USR_00500,22.98,56.9,6.0,0.838,0.486,2,0.339,0.441,0.35,0.836,0.379
USR_00501,4.2,35.5,2.4,0.661,0.222,2,0.115,0.881,0.064,0.596,0.11
USR_00502,7.68,25.3,4.3,0.471,0.593,1,0.269,0.833,0.255,0.672,0.42
USR_00503,16.06,69.5,8.9,0.716,0.554,3,0.948,0.143,0.623,0.344,0.969
USR_00504,22.99,64.8,7.1,0.802,0.468,5,0.689,0.634,0.636,0.398,0.63
USR_00505,17.61,31.4,7.6,0.764,0.425,5,0.654,0.629,0.577,0.722,0.661
USR_00506,28.8,62.4,10.1,0.617,0.355,5,0.528,0.453,0.644,0.543,0.679
USR_00507,25.64,76.8,7.0,0.826,0.625,3,0.769,0.379,0.99,0.331,0.779
USR_00508,17.53,54.4,4.7,0.974,0.352,2,0.123,0.585,0.664,0.819,0.446
USR_00509,33.69,72.2,4.5,0.902,0.435,3,0.956,0.334,0.491,0.263,0.956
USR_00510,7.62,29.7,4.3,0.602,0.137,2,0.264,0.885,0.308,0.527,0.249
USR_00511,23.13,105.3,6.4,0.824,0.607,3,0.856,0.242,0.837,0.307,0.796
USR_00512,19.14,61.7,6.5,0.674,0.374,5,0.604,0.443,0.784,0.556,0.427
USR_00513,17.32,77.9,4.3,0.907,0.53,2,0.836,0.179,0.707,0.322,0.931
USR_00514,17.67,71.2,3.9,0.731,0.482,4,0.255,0.299,0.638,0.972,0.228
USR_00515,11.52,41.6,5.0,0.925,0.324,3,0.375,0.391,0.646,0.99,0.05
USR_00516,21.19,49.6,8.6,0.651,0.336,5,0.618,0.559,0.717,0.698,0.379
USR_00517,26.23,31.8,9.4,0.757,0.393,5,0.474,0.563,0.92,0.587,0.496
USR_00518,14.81,86.1,6.0,0.832,0.211,2,0.941,0.318,0.734,0.378,0.961
USR_00519,18.03,66.5,6.4,0.809,0.126,3,0.368,0.57,0.766,0.927,0.256
USR_00520,41.54,97.9,5.2,0.958,0.868,4,0.841,0.421,0.613,0.387,0.63
USR_00521,8.66,32.3,4.6,0.63,0.16,1,0.413,0.929,0.212,0.516,0.233
USR_00522,17.39,84.0,8.7,0.653,0.338,3,0.936,0.331,0.644,0.084,0.952
USR_00523,11.61,62.1,4.1,0.939,0.433,4,0.246,0.577,0.628,0.85,0.276
USR_00524,24.09,86.1,5.1,0.805,0.608,2,0.973,0.271,0.489,0.38,0.891
USR_00525,6.34,29.8,4.1,0.569,0.527,2,0.139,0.952,0.05,0.718,0.229
USR_00526,23.41,75.8,6.5,0.737,0.499,2,0.95,0.125,0.497,0.256,0.864
USR_00527,4.69,33.1,2.8,0.751,0.267,1,0.303,0.908,0.248,0.698,0.192
USR_00528,19.15,53.6,6.6,0.852,0.397,5,0.902,0.682,0.628,0.683,0.39
USR_00529,15.73,59.2,9.2,0.851,0.562,5,0.95,0.539,0.562,0.636,0.461
USR_00530,33.57,159.6,5.6,0.824,0.542,4,0.845,0.166,0.985,0.55,0.558
USR_00531,23.78,48.3,6.4,0.772,0.483,3,0.823,0.316,0.628,0.526,0.954
USR_00532,27.57,119.7,3.3,0.811,0.85,2,0.603,0.253,0.635,0.487,0.533
USR_00533,20.7,63.1,5.9,0.96,0.32,2,0.397,0.292,0.591,0.99,0.348
USR_00534,22.05,67.4,10.3,0.478,0.363,5,0.711,0.574,0.922,0.558,0.95
USR_00535,11.54,65.9,3.9,0.84,0.478,4,0.214,0.378,0.554,0.99,0.175
USR_00536,14.38,61.4,11.8,0.607,0.362,5,0.877,0.687,0.575,0.475,0.555
USR_00537,23.85,69.0,6.2,0.811,0.793,2,0.943,0.304,0.871,0.469,0.546
USR_00538,18.97,117.9,4.9,0.897,0.644,4,0.662,0.385,0.982,0.335,0.69
USR_00539,23.05,87.8,6.1,0.839,0.474,3,0.875,0.243,0.727,0.307,0.916
USR_00540,20.02,60.9,6.3,0.669,0.175,5,0.722,0.67,0.459,0.773,0.499
USR_00541,24.16,72.0,5.9,0.961,0.887,4,0.597,0.275,0.772,0.459,0.925
USR_00542,13.59,69.0,7.7,0.835,0.438,2,0.99,0.302,0.689,0.27,0.853
USR_00543,28.49,60.1,6.2,0.895,0.515,2,0.778,0.107,0.563,0.45,0.958
USR_00544,20.53,111.2,5.6,0.876,0.764,2,0.8,0.319,0.837,0.489,0.573
USR_00545,4.83,25.8,4.0,0.927,0.269,3,0.239,0.902,0.35,0.908,0.265
USR_00546,15.19,61.5,6.1,0.883,0.325,3,0.47,0.428,0.733,0.861,0.187
USR_00547,9.3,68.1,4.4,0.815,0.392,4,0.394,0.525,0.459,0.696,0.348
USR_00548,7.25,19.2,3.4,0.792,0.405,2,0.196,0.707,0.45,0.702,0.124
USR_00549,25.25,48.2,3.0,0.883,0.769,3,0.861,0.306,0.727,0.079,0.809
USR_00550,21.04,52.8,7.4,0.782,0.335,3,0.443,0.365,0.455,0.953,0.357
USR_00551,6.35,21.3,2.7,0.528,0.285,3,0.371,0.99,0.234,0.631,0.21
USR_00552,4.24,18.4,6.0,0.53,0.238,1,0.444,0.872,0.263,0.725,0.092
USR_00553,31.83,94.4,4.1,0.954,0.95,2,0.861,0.301,0.8,0.423,0.765
USR_00554,16.33,64.9,7.6,0.625,0.412,4,0.661,0.598,0.5,0.691,0.477
USR_00555,23.77,80.4,4.9,0.976,0.754,3,0.9,0.224,0.773,0.386,0.797
USR_00556,26.97,89.4,4.9,0.792,0.692,2,0.545,0.309,0.934,0.435,0.803
USR_00557,22.52,34.2,8.6,0.721,0.187,4,0.802,0.751,0.702,0.601,0.395
USR_00558,20.71,39.5,8.2,0.72,0.386,5,0.84,0.551,0.823,0.659,0.447
USR_00559,1.0,23.3,1.0,0.609,0.404,1,0.088,0.818,0.213,0.553,0.223
USR_00560,21.91,64.5,6.7,0.936,0.536,2,0.853,0.243,0.598,0.254,0.879
USR_00561,19.7,73.1,4.9,0.901,0.847,2,0.853,0.189,0.99,0.323,0.853
USR_00562,34.12,103.3,5.8,0.973,0.666,3,0.481,0.225,0.884,0.451,0.698
USR_00563,16.51,96.0,5.1,0.911,0.671,3,0.701,0.229,0.936,0.447,0.876
USR_00564,24.7,88.2,5.4,0.706,0.667,3,0.693,0.272,0.84,0.265,0.832
USR_00565,14.97,40.3,7.2,0.99,0.533,4,0.524,0.803,0.509,0.476,0.661
USR_00566,26.96,106.9,4.2,0.876,0.57,3,0.673,0.397,0.666,0.555,0.674
USR_00567,20.88,43.8,7.9,0.943,0.349,3,0.523,0.48,0.521,0.965,0.425
USR_00568,18.47,74.8,6.3,0.849,0.522,3,0.976,0.235,0.586,0.18,0.99
USR_00569,24.79,63.3,6.3,0.839,0.175,4,0.247,0.191,0.401,0.698,0.333
USR_00570,21.51,48.8,7.6,0.827,0.398,4,0.472,0.928,0.657,0.73,0.32
USR_00571,15.94,70.7,4.0,0.839,0.31,3,0.264,0.208,0.492,0.945,0.275
USR_00572,4.91,34.9,5.3,0.656,0.368,3,0.138,0.794,0.194,0.596,0.167
USR_00573,37.13,66.0,6.7,0.874,0.747,2,0.715,0.413,0.68,0.353,0.608
USR_00574,7.22,20.2,2.7,0.539,0.388,1,0.172,0.737,0.112,0.673,0.137
USR_00575,26.14,82.5,6.7,0.889,0.532,3,0.967,0.188,0.49,0.4,0.978
USR_00576,14.52,45.6,5.8,0.99,0.383,4,0.271,0.505,0.634,0.87,0.497
USR_00577,17.81,76.0,5.2,0.901,0.37,3,0.346,0.46,0.437,0.851,0.402
USR_00578,32.04,101.4,4.9,0.971,0.603,4,0.613,0.43,0.945,0.434,0.661
USR_00579,14.75,61.8,8.9,0.719,0.364,4,0.663,0.828,0.6,0.65,0.36
USR_00580,22.92,65.0,9.0,0.866,0.517,2,0.741,0.092,0.574,0.267,0.87
USR_00581,16.41,51.0,7.6,0.691,0.248,4,0.656,0.648,0.5,0.571,0.5
USR_00582,21.53,53.2,3.3,0.847,0.484,2,0.531,0.395,0.326,0.785,0.172
USR_00583,22.32,74.8,8.5,0.826,0.459,3,0.861,0.269,0.407,0.452,0.976
USR_00584,9.0,122.2,5.4,0.738,0.679,3,0.968,0.409,0.931,0.185,0.682
USR_00585,4.62,30.4,6.1,0.534,0.447,1,0.298,0.773,0.291,0.39,0.352
USR_00586,29.27,83.2,5.8,0.99,0.603,2,0.843,0.188,0.678,0.242,0.873
USR_00587,30.4,31.1,4.2,0.803,0.206,2,0.878,0.227,0.849,0.276,0.944
USR_00588,34.36,78.6,4.7,0.806,0.782,4,0.778,0.461,0.793,0.458,0.546
USR_00589,29.56,40.2,9.1,0.764,0.426,4,0.424,0.618,0.786,0.751,0.411
USR_00590,23.58,62.7,6.3,0.865,0.368,4,0.296,0.344,0.663,0.858,0.295
USR_00591,24.96,103.3,3.7,0.876,0.818,3,0.692,0.265,0.902,0.399,0.859
USR_00592,27.56,120.4,3.2,0.787,0.872,2,0.601,0.297,0.906,0.514,0.665
USR_00593,26.17,88.9,4.3,0.832,0.826,3,0.803,0.281,0.874,0.565,0.964
USR_00594,16.2,84.1,7.4,0.808,0.421,3,0.904,0.214,0.9,0.378,0.861
USR_00595,11.25,26.4,6.1,0.489,0.183,1,0.222,0.768,0.386,0.691,0.286
USR_00596,14.38,36.9,4.5,0.818,0.354,3,0.393,0.569,0.354,0.986,0.397
USR_00597,4.04,36.5,5.6,0.581,0.309,1,0.144,0.78,0.381,0.675,0.329
USR_00598,6.29,38.5,5.7,0.65,0.446,5,0.656,0.723,0.799,0.842,0.589
USR_00599,27.97,116.1,4.0,0.907,0.461,2,0.912,0.514,0.896,0.635,0.798
USR_00600,15.91,40.7,6.4,0.902,0.276,3,0.243,0.181,0.645,0.97,0.23
USR_00601,8.12,42.5,3.5,0.487,0.189,3,0.302,0.961,0.189,0.574,0.09
USR_00602,34.66,57.6,6.3,0.895,0.643,4,0.783,0.261,0.793,0.428,0.704
USR_00603,31.48,74.6,7.2,0.752,0.285,2,0.957,0.285,0.613,0.519,0.899
USR_00604,8.52,24.1,1.5,0.86,0.296,2,0.269,0.769,0.115,0.79,0.221
USR_00605,24.72,66.9,9.8,0.939,0.483,5,0.514,0.603,0.589,0.587,0.516
USR_00606,11.32,70.0,7.5,0.917,0.249,3,0.173,0.619,0.19,0.95,0.326
USR_00607,10.72,44.8,8.7,0.912,0.486,2,0.908,0.283,0.559,0.319,0.955
USR_00608,16.87,105.7,3.8,0.985,0.77,3,0.799,0.141,0.799,0.395,0.899
USR_00609,18.5,41.1,12.2,0.836,0.495,5,0.762,0.63,0.685,0.706,0.599
USR_00610,25.35,44.9,4.3,0.877,0.395,3,0.346,0.42,0.54,0.779,0.116
USR_00611,22.01,60.8,11.7,0.675,0.399,5,0.7,0.517,0.592,0.559,0.596
USR_00612,6.72,25.9,4.3,0.639,0.238,2,0.351,0.661,0.404,0.679,0.249
USR_00613,19.81,64.7,8.1,0.725,0.428,3,0.406,0.439,0.577,0.942,0.21
USR_00614,24.91,84.5,4.6,0.923,0.805,2,0.706,0.174,0.735,0.137,0.742
USR_00615,25.31,60.2,8.2,0.913,0.556,2,0.838,0.213,0.885,0.363,0.839
USR_00616,18.11,75.5,5.0,0.87,0.418,2,0.308,0.308,0.462,0.926,0.377
USR_00617,14.83,49.0,12.1,0.862,0.301,5,0.479,0.524,0.542,0.746,0.561
USR_00618,19.93,88.4,5.7,0.949,0.698,3,0.593,0.08,0.6,0.399,0.634
USR_00619,22.01,112.5,4.4,0.778,0.739,4,0.827,0.067,0.959,0.293,0.635
USR_00620,22.83,106.7,6.0,0.861,0.771,3,0.984,0.052,0.829,0.674,0.801
USR_00621,1.6,32.3,7.3,0.318,0.163,2,0.27,0.99,0.066,0.731,0.05
USR_00622,17.06,55.7,6.7,0.835,0.426,3,0.322,0.12,0.571,0.923,0.16
USR_00623,8.45,23.9,2.8,0.637,0.305,2,0.196,0.903,0.475,0.659,0.079
USR_00624,9.07,25.2,4.9,0.518,0.149,1,0.25,0.694,0.26,0.497,0.284
USR_00625,23.96,133.9,4.4,0.884,0.645,3,0.99,0.27,0.732,0.557,0.747
USR_00626,16.91,34.3,13.9,0.758,0.452,4,0.497,0.553,0.517,0.727,0.596
USR_00627,23.24,70.1,6.2,0.733,0.493,2,0.889,0.206,0.658,0.397,0.815
USR_00628,2.98,21.1,5.1,0.598,0.352,2,0.207,0.906,0.223,0.83,0.237
USR_00629,18.13,99.8,4.9,0.943,0.819,2,0.746,0.286,0.843,0.498,0.592
USR_00630,19.21,24.3,8.7,0.664,0.258,5,0.751,0.502,0.578,0.79,0.649
USR_00631,23.33,76.2,7.9,0.846,0.538,2,0.756,0.331,0.684,0.288,0.912
USR_00632,11.57,13.2,2.2,0.67,0.249,3,0.323,0.851,0.211,0.657,0.12
USR_00633,11.07,33.8,3.9,0.939,0.336,3,0.236,0.579,0.458,0.882,0.326
USR_00634,6.99,30.6,3.8,0.591,0.328,2,0.314,0.801,0.058,0.899,0.269
USR_00635,31.79,81.6,4.6,0.779,0.536,3,0.782,0.07,0.535,0.409,0.721
USR_00636,20.19,38.0,10.7,0.695,0.353,5,0.766,0.454,0.726,0.646,0.684
USR_00637,18.18,55.7,6.8,0.821,0.282,3,0.22,0.208,0.365,0.985,0.294
USR_00638,23.01,65.3,5.4,0.82,0.418,2,0.979,0.148,0.57,0.542,0.886
USR_00639,21.41,76.0,6.5,0.881,0.461,3,0.841,0.05,0.669,0.424,0.97
USR_00640,22.26,57.9,6.7,0.777,0.584,5,0.618,0.95,0.634,0.796,0.832
USR_00641,16.03,126.0,5.1,0.912,0.664,3,0.855,0.282,0.945,0.535,0.942
USR_00642,18.16,55.9,7.1,0.761,0.5,4,0.717,0.64,0.542,0.802,0.613
USR_00643,23.39,110.0,4.7,0.882,0.829,2,0.717,0.324,0.99,0.389,0.675
USR_00644,18.51,42.9,5.9,0.774,0.467,2,0.57,0.534,0.733,0.915,0.373
USR_00645,25.34,48.1,3.9,0.586,0.194,4,0.734,0.819,0.541,0.82,0.574
USR_00646,27.57,102.5,3.0,0.836,0.745,4,0.864,0.127,0.685,0.422,0.764
USR_00647,12.15,27.2,4.9,0.619,0.454,1,0.199,0.777,0.252,0.491,0.304
USR_00648,20.64,48.2,12.0,0.681,0.325,5,0.638,0.799,0.61,0.688,0.577
USR_00649,38.22,90.6,6.6,0.723,0.755,2,0.74,0.333,0.868,0.315,0.574
USR_00650,4.87,21.6,4.4,0.705,0.175,2,0.099,0.727,0.368,0.702,0.087
USR_00651,28.0,101.5,4.2,0.879,0.787,3,0.868,0.225,0.849,0.162,0.753
USR_00652,14.78,61.1,5.3,0.795,0.373,3,0.295,0.39,0.668,0.806,0.503
USR_00653,21.32,56.9,9.4,0.673,0.362,4,0.732,0.723,0.624,0.888,0.605
USR_00654,35.1,101.2,4.1,0.748,0.603,3,0.844,0.096,0.961,0.467,0.623
USR_00655,14.86,41.7,7.9,0.852,0.348,4,0.774,0.659,0.685,0.556,0.602
USR_00656,4.52,26.1,1.6,0.68,0.37,3,0.31,0.768,0.208,0.728,0.079
USR_00657,22.33,57.6,5.0,0.769,0.569,3,0.414,0.563,0.412,0.643,0.54
USR_00658,10.87,21.2,7.2,0.595,0.517,1,0.124,0.709,0.185,0.692,0.151
USR_00659,34.55,90.4,5.4,0.94,0.592,3,0.834,0.367,0.956,0.263,0.827
USR_00660,19.02,34.2,8.2,0.725,0.405,5,0.686,0.762,0.513,0.729,0.596
USR_00661,20.83,39.9,7.6,0.603,0.35,4,0.693,0.536,0.897,0.69,0.367
USR_00662,1.28,21.0,4.7,0.621,0.335,2,0.229,0.758,0.221,0.616,0.173
USR_00663,25.33,95.6,4.3,0.99,0.709,3,0.85,0.408,0.742,0.393,0.798
USR_00664,10.23,34.5,4.2,0.434,0.289,1,0.421,0.747,0.146,0.64,0.107
USR_00665,21.63,95.6,6.4,0.835,0.453,3,0.883,0.246,0.697,0.479,0.924
USR_00666,16.63,135.0,4.4,0.985,0.577,3,0.711,0.457,0.972,0.332,0.771
USR_00667,32.76,75.5,4.3,0.762,0.705,3,0.578,0.292,0.99,0.4,0.754
USR_00668,25.35,56.9,6.4,0.787,0.426,2,0.957,0.264,0.5,0.329,0.95
USR_00669,5.88,22.1,6.3,0.777,0.287,1,0.37,0.765,0.182,0.872,0.189
USR_00670,28.4,81.4,4.1,0.926,0.76,2,0.536,0.24,0.854,0.557,0.59
USR_00671,19.15,96.2,2.5,0.866,0.699,3,0.96,0.39,0.948,0.093,0.64
USR_00672,29.63,67.4,3.9,0.869,0.58,3,0.944,0.307,0.969,0.303,0.828
USR_00673,11.86,54.4,7.5,0.647,0.458,4,0.904,0.95,0.65,0.852,0.521
USR_00674,19.0,53.3,7.3,0.85,0.448,2,0.441,0.375,0.778,0.99,0.05
USR_00675,25.17,62.2,7.2,0.82,0.699,2,0.982,0.244,0.641,0.246,0.799
USR_00676,36.91,104.4,5.9,0.704,0.661,3,0.724,0.296,0.611,0.346,0.706
USR_00677,19.95,54.5,6.7,0.99,0.349,2,0.322,0.447,0.672,0.875,0.197
USR_00678,8.4,50.1,4.6,0.854,0.524,3,0.674,0.317,0.604,0.918,0.222
USR_00679,5.12,12.1,3.9,0.56,0.293,1,0.219,0.99,0.088,0.667,0.234
USR_00680,32.34,81.1,5.9,0.922,0.796,3,0.854,0.318,0.816,0.228,0.761
USR_00681,21.16,92.0,5.6,0.878,0.773,2,0.876,0.356,0.732,0.545,0.638
USR_00682,13.19,58.0,4.1,0.944,0.309,3,0.33,0.488,0.622,0.99,0.38
USR_00683,27.55,99.3,5.4,0.83,0.781,2,0.846,0.32,0.836,0.261,0.88
USR_00684,3.64,27.0,4.4,0.578,0.201,1,0.14,0.77,0.241,0.698,0.209
USR_00685,6.35,37.2,2.8,0.447,0.193,3,0.168,0.836,0.146,0.728,0.268
USR_00686,18.11,46.7,6.6,0.945,0.202,3,0.252,0.154,0.35,0.861,0.408
USR_00687,33.91,79.0,6.0,0.909,0.769,2,0.775,0.314,0.99,0.406,0.895
USR_00688,18.24,64.3,7.4,0.824,0.456,4,0.654,0.556,0.559,0.633,0.484
USR_00689,6.29,20.9,5.3,0.354,0.349,2,0.094,0.737,0.144,0.615,0.239
USR_00690,14.27,63.9,3.7,0.897,0.625,3,0.699,0.331,0.66,0.505,0.802
USR_00691,28.32,50.1,7.0,0.815,0.413,5,0.66,0.718,0.475,0.54,0.534
USR_00692,26.99,107.2,4.9,0.808,0.812,4,0.887,0.386,0.939,0.46,0.699
USR_00693,33.24,97.7,4.7,0.816,0.678,3,0.882,0.374,0.919,0.329,0.821
USR_00694,15.18,45.4,6.3,0.904,0.373,3,0.189,0.54,0.215,0.922,0.079
USR_00695,29.77,89.2,3.7,0.819,0.944,2,0.807,0.252,0.656,0.591,0.594
USR_00696,20.71,74.9,3.2,0.906,0.666,3,0.656,0.319,0.9,0.444,0.886
USR_00697,14.94,55.3,6.1,0.933,0.134,2,0.967,0.192,0.616,0.411,0.832
USR_00698,12.98,47.6,4.7,0.82,0.368,3,0.327,0.382,0.633,0.841,0.289
USR_00699,16.82,52.4,5.5,0.96,0.416,2,0.365,0.354,0.688,0.99,0.121
USR_00700,9.02,34.5,3.3,0.523,0.395,2,0.27,0.799,0.278,0.682,0.153
USR_00701,19.64,42.2,3.4,0.951,0.348,2,0.4,0.222,0.422,0.887,0.338
USR_00702,16.69,60.0,7.7,0.887,0.295,3,0.177,0.45,0.695,0.869,0.365
USR_00703,9.1,31.5,7.7,0.709,0.227,2,0.28,0.99,0.163,0.878,0.237
USR_00704,26.37,88.8,4.8,0.934,0.738,3,0.778,0.184,0.88,0.409,0.669
USR_00705,27.0,71.2,6.7,0.822,0.623,3,0.789,0.212,0.721,0.438,0.809
USR_00706,23.06,115.9,5.3,0.989,0.798,3,0.737,0.392,0.866,0.477,0.813
USR_00707,23.26,104.2,4.1,0.858,0.671,4,0.777,0.274,0.982,0.445,0.617
USR_00708,31.64,87.2,3.0,0.829,0.55,4,0.63,0.284,0.99,0.417,0.758
USR_00709,27.26,59.7,6.5,0.857,0.354,2,0.807,0.345,0.384,0.076,0.99
USR_00710,28.7,92.6,4.4,0.857,0.657,3,0.923,0.317,0.99,0.478,0.905
USR_00711,10.81,28.5,4.2,0.737,0.397,1,0.232,0.694,0.346,0.642,0.208
USR_00712,17.71,62.8,7.0,0.823,0.721,2,0.646,0.234,0.848,0.453,0.772
USR_00713,15.62,89.7,8.5,0.875,0.492,2,0.751,0.358,0.504,0.513,0.961
USR_00714,26.28,39.1,8.4,0.669,0.492,5,0.632,0.876,0.712,0.7,0.556
USR_00715,15.3,45.2,8.2,0.838,0.575,2,0.544,0.583,0.536,0.786,0.305
USR_00716,22.73,112.0,2.2,0.788,0.754,3,0.949,0.155,0.861,0.366,0.776
USR_00717,7.04,25.6,5.1,0.468,0.169,1,0.19,0.883,0.128,0.787,0.315
USR_00718,20.68,70.0,7.3,0.813,0.464,2,0.552,0.306,0.536,0.775,0.219
USR_00719,21.39,53.8,5.2,0.922,0.62,3,0.866,0.246,0.534,0.317,0.866
USR_00720,10.82,24.4,4.1,0.651,0.409,2,0.36,0.847,0.222,0.867,0.171
USR_00721,24.13,61.1,7.6,0.813,0.468,3,0.746,0.306,0.682,0.485,0.968
USR_00722,16.42,51.6,7.0,0.885,0.376,3,0.223,0.501,0.742,0.898,0.385
USR_00723,8.64,22.0,4.6,0.515,0.144,2,0.275,0.829,0.358,0.591,0.312
USR_00724,33.11,115.7,4.5,0.902,0.793,3,0.766,0.195,0.778,0.362,0.853
USR_00725,15.88,59.6,6.6,0.847,0.319,3,0.27,0.45,0.499,0.664,0.236
USR_00726,18.3,67.0,6.8,0.857,0.489,3,0.532,0.268,0.398,0.885,0.265
USR_00727,29.02,88.0,3.9,0.902,0.587,4,0.576,0.34,0.761,0.591,0.606
USR_00728,15.76,56.2,6.4,0.811,0.21,3,0.238,0.455,0.664,0.99,0.243
USR_00729,9.37,29.5,5.7,0.506,0.196,3,0.409,0.99,0.235,0.283,0.172
USR_00730,29.97,62.3,4.1,0.819,0.434,3,0.744,0.301,0.57,0.359,0.941
USR_00731,17.53,111.1,4.8,0.911,0.551,3,0.817,0.317,0.682,0.421,0.797
USR_00732,15.03,41.3,6.2,0.837,0.486,4,0.39,0.381,0.671,0.7,0.847
USR_00733,23.91,54.4,5.2,0.944,0.466,3,0.246,0.05,0.612,0.882,0.309
USR_00734,14.04,46.1,4.8,0.834,0.396,3,0.115,0.384,0.454,0.889,0.34
USR_00735,7.63,32.8,5.4,0.561,0.296,3,0.349,0.798,0.229,0.618,0.421
USR_00736,16.84,38.9,6.8,0.835,0.385,2,0.839,0.212,0.674,0.162,0.842
USR_00737,15.82,36.3,5.9,0.873,0.542,4,0.593,0.731,0.685,0.638,0.413
USR_00738,24.62,118.4,5.0,0.889,0.799,2,0.67,0.153,0.704,0.293,0.819
USR_00739,6.9,17.9,4.7,0.582,0.605,1,0.073,0.903,0.298,0.614,0.238
USR_00740,6.71,34.3,3.5,0.788,0.455,3,0.296,0.9,0.225,0.676,0.258
USR_00741,21.18,106.7,6.1,0.774,0.911,4,0.765,0.322,0.749,0.356,0.533
USR_00742,17.68,84.5,4.3,0.895,0.639,4,0.688,0.147,0.903,0.438,0.413
USR_00743,18.83,33.4,8.9,0.645,0.549,4,0.717,0.525,0.571,0.474,0.612
USR_00744,21.15,49.3,8.2,0.783,0.544,2,0.85,0.228,0.551,0.484,0.901
USR_00745,23.5,65.1,5.7,0.881,0.585,2,0.881,0.168,0.578,0.321,0.899
USR_00746,20.22,56.4,2.4,0.771,0.651,3,0.761,0.289,0.693,0.394,0.983
USR_00747,6.63,24.4,5.7,0.736,0.284,3,0.228,0.785,0.183,0.542,0.268
USR_00748,18.72,35.7,7.4,0.944,0.171,3,0.245,0.287,0.564,0.887,0.215
USR_00749,14.13,67.5,6.2,0.923,0.293,3,0.339,0.193,0.419,0.849,0.353
USR_00750,18.92,42.7,9.3,0.733,0.304,5,0.712,0.64,0.681,0.776,0.567
USR_00751,19.89,73.3,3.7,0.928,0.582,4,0.827,0.133,0.864,0.172,0.765
USR_00752,4.61,25.7,4.1,0.75,0.367,1,0.301,0.81,0.25,0.683,0.153
USR_00753,23.64,69.6,4.3,0.858,0.539,2,0.865,0.25,0.552,0.357,0.99
USR_00754,5.78,38.6,3.8,0.629,0.138,2,0.118,0.76,0.245,0.64,0.345
USR_00755,18.26,96.2,5.6,0.89,0.734,4,0.576,0.396,0.633,0.449,0.617
USR_00756,3.99,15.5,4.6,0.546,0.639,3,0.305,0.971,0.378,0.618,0.161
USR_00757,15.07,51.7,6.3,0.857,0.556,2,0.204,0.469,0.435,0.849,0.332
USR_00758,16.85,128.9,4.2,0.9,0.707,4,0.696,0.157,0.872,0.423,0.913
USR_00759,14.53,40.6,1.7,0.926,0.307,3,0.464,0.311,0.551,0.912,0.277
USR_00760,17.98,53.6,7.1,0.986,0.434,3,0.912,0.14,0.368,0.219,0.907
USR_00761,3.68,24.7,1.2,0.499,0.357,3,0.299,0.99,0.326,0.663,0.258
USR_00762,27.44,132.9,4.2,0.739,0.761,3,0.727,0.375,0.877,0.593,0.457
USR_00763,8.66,52.6,6.2,0.822,0.381,2,0.366,0.459,0.567,0.748,0.11
USR_00764,5.11,20.4,6.3,0.428,0.341,1,0.408,0.744,0.203,0.703,0.119
USR_00765,21.95,108.9,3.8,0.84,0.631,2,0.839,0.241,0.901,0.141,0.888
USR_00766,10.02,19.5,3.2,0.6,0.232,2,0.355,0.868,0.186,0.569,0.209
USR_00767,18.08,27.3,4.1,0.846,0.28,4,0.656,0.594,0.551,0.736,0.634
USR_00768,8.05,30.7,5.9,0.531,0.343,3,0.166,0.81,0.337,0.62,0.357
USR_00769,19.17,48.8,6.9,0.753,0.352,4,0.73,0.662,0.862,0.788,0.834
USR_00770,12.71,37.8,6.1,0.82,0.353,2,0.262,0.457,0.456,0.959,0.402
USR_00771,28.51,105.9,2.6,0.904,0.758,4,0.842,0.43,0.854,0.344,0.856
USR_00772,21.34,151.7,4.1,0.845,0.83,4,0.688,0.351,0.959,0.681,0.736
USR_00773,24.8,81.4,4.7,0.721,0.365,3,0.833,0.187,0.641,0.273,0.951
USR_00774,21.65,87.0,6.6,0.96,0.338,3,0.849,0.217,0.709,0.296,0.942
USR_00775,9.19,10.0,5.2,0.638,0.28,1,0.477,0.686,0.162,0.829,0.245
USR_00776,25.38,29.1,8.2,0.815,0.589,5,0.474,0.637,0.369,0.95,0.497
USR_00777,16.53,64.0,5.3,0.864,0.252,3,0.496,0.524,0.259,0.879,0.286
USR_00778,39.21,87.9,4.6,0.831,0.74,3,0.964,0.383,0.672,0.525,0.771
USR_00779,20.59,57.0,7.1,0.922,0.56,2,0.875,0.149,0.649,0.302,0.841
USR_00780,19.98,61.0,4.9,0.822,0.329,3,0.153,0.451,0.552,0.866,0.335
USR_00781,11.71,45.6,5.7,0.784,0.316,3,0.427,0.313,0.49,0.913,0.364
USR_00782,12.76,73.6,5.5,0.873,0.548,2,0.446,0.184,0.249,0.99,0.4
USR_00783,22.77,84.3,8.0,0.827,0.459,3,0.735,0.155,0.647,0.327,0.938
USR_00784,34.33,59.7,6.0,0.99,0.867,4,0.661,0.201,0.793,0.315,0.665
USR_00785,28.77,100.8,3.6,0.942,0.674,2,0.835,0.411,0.76,0.233,0.814
USR_00786,22.74,47.7,5.3,0.911,0.414,4,0.38,0.455,0.51,0.948,0.396
USR_00787,31.13,121.7,5.1,0.821,0.665,3,0.731,0.251,0.775,0.561,0.672
USR_00788,14.22,63.8,8.1,0.862,0.395,5,0.767,0.641,0.592,0.674,0.597
USR_00789,6.94,27.3,3.8,0.415,0.499,2,0.247,0.99,0.238,0.76,0.086
USR_00790,5.32,35.2,4.8,0.524,0.185,2,0.134,0.851,0.095,0.599,0.141
USR_00791,26.4,44.9,8.4,0.812,0.34,5,0.684,0.712,0.497,0.679,0.447
USR_00792,26.56,95.0,6.8,0.808,0.488,2,0.99,0.097,0.621,0.232,0.871
USR_00793,28.13,74.1,7.6,0.939,0.389,2,0.99,0.414,0.691,0.228,0.908
USR_00794,7.47,25.1,6.4,0.656,0.333,3,0.359,0.99,0.326,0.532,0.182
USR_00795,19.88,52.6,6.5,0.99,0.233,2,0.481,0.274,0.377,0.705,0.245
USR_00796,5.85,30.8,2.2,0.442,0.287,2,0.086,0.928,0.201,0.659,0.194
USR_00797,5.1,21.4,3.0,0.532,0.257,2,0.326,0.82,0.346,0.831,0.237
USR_00798,24.96,47.3,5.3,0.859,0.303,2,0.313,0.374,0.44,0.819,0.421
USR_00799,26.6,110.0,2.5,0.898,0.674,3,0.848,0.314,0.518,0.356,0.68
USR_00800,6.87,28.7,2.6,0.739,0.207,1,0.1,0.767,0.16,0.421,0.05
USR_00801,12.45,57.9,8.6,0.698,0.411,5,0.565,0.62,0.653,0.669,0.299
USR_00802,16.39,87.3,7.2,0.74,0.501,3,0.777,0.231,0.616,0.43,0.846
USR_00803,5.86,10.0,6.4,0.74,0.332,1,0.288,0.823,0.05,0.587,0.061
USR_00804,19.7,111.9,4.4,0.826,0.744,4,0.99,0.31,0.757,0.581,0.879
USR_00805,16.22,34.2,5.6,0.773,0.431,4,0.542,0.582,0.521,0.686,0.28
USR_00806,18.55,34.1,6.3,0.855,0.313,3,0.25,0.442,0.422,0.912,0.34
USR_00807,17.74,63.2,5.4,0.925,0.329,3,0.302,0.494,0.685,0.909,0.413
USR_00808,30.69,111.7,5.6,0.862,0.745,3,0.887,0.161,0.76,0.459,0.779
USR_00809,8.17,34.9,5.8,0.579,0.242,2,0.31,0.99,0.066,0.717,0.274
USR_00810,19.01,57.1,6.8,0.792,0.373,4,0.401,0.444,0.77,0.887,0.271
USR_00811,33.7,90.1,4.6,0.966,0.717,3,0.584,0.27,0.99,0.575,0.653
USR_00812,17.34,24.9,3.9,0.945,0.307,3,0.38,0.398,0.714,0.849,0.322
USR_00813,8.25,40.2,2.5,0.684,0.38,2,0.209,0.825,0.378,0.641,0.129
USR_00814,22.6,72.6,5.5,0.99,0.702,2,0.698,0.229,0.67,0.284,0.811
USR_00815,17.76,41.5,6.3,0.903,0.201,2,0.262,0.45,0.399,0.909,0.235
USR_00816,29.33,76.6,4.0,0.839,0.838,3,0.89,0.246,0.867,0.311,0.683
USR_00817,14.81,72.1,6.5,0.863,0.335,2,0.335,0.403,0.368,0.963,0.239
USR_00818,18.07,58.9,9.5,0.756,0.366,4,0.659,0.628,0.705,0.714,0.396
USR_00819,16.87,58.2,7.0,0.91,0.424,3,0.275,0.597,0.307,0.8,0.367
USR_00820,23.93,22.3,7.0,0.871,0.681,4,0.636,0.554,0.711,0.632,0.885
USR_00821,28.28,106.3,6.5,0.818,0.727,3,0.819,0.245,0.77,0.377,0.831
USR_00822,28.73,69.1,6.4,0.865,0.556,2,0.905,0.131,0.789,0.25,0.99
USR_00823,22.06,56.4,8.5,0.725,0.534,5,0.546,0.576,0.544,0.675,0.711
USR_00824,6.23,16.1,5.3,0.396,0.322,2,0.278,0.829,0.297,0.612,0.12
USR_00825,3.27,18.1,3.7,0.388,0.168,1,0.375,0.814,0.42,0.456,0.419
USR_00826,31.56,93.2,6.2,0.802,0.601,3,0.715,0.255,0.762,0.503,0.713
USR_00827,19.81,68.9,6.8,0.898,0.352,3,0.751,0.285,0.724,0.21,0.977
USR_00828,21.66,37.7,9.5,0.768,0.501,4,0.594,0.715,0.489,0.662,0.488
USR_00829,14.73,61.5,5.4,0.94,0.287,3,0.454,0.447,0.592,0.951,0.359
USR_00830,10.1,31.5,3.7,0.513,0.368,2,0.203,0.978,0.199,0.74,0.224
USR_00831,31.33,80.4,5.2,0.808,0.497,3,0.99,0.226,0.517,0.353,0.837
USR_00832,15.79,41.0,4.6,0.828,0.27,3,0.405,0.275,0.599,0.95,0.426
USR_00833,32.28,91.9,8.6,0.698,0.347,2,0.784,0.139,0.395,0.379,0.957
USR_00834,15.15,47.6,8.2,0.987,0.312,3,0.487,0.605,0.838,0.888,0.213
USR_00835,28.47,126.5,2.3,0.824,0.527,3,0.784,0.405,0.833,0.2,0.754
USR_00836,34.33,41.8,2.0,0.773,0.622,2,0.804,0.111,0.734,0.265,0.948
USR_00837,30.47,68.6,5.1,0.733,0.502,3,0.811,0.05,0.393,0.468,0.99
USR_00838,12.3,90.7,5.1,0.871,0.863,3,0.832,0.411,0.811,0.557,0.407
USR_00839,35.55,105.9,4.7,0.814,0.831,2,0.681,0.378,0.892,0.536,0.594
USR_00840,13.58,47.8,5.7,0.975,0.356,4,0.395,0.359,0.443,0.805,0.237
USR_00841,20.6,75.7,5.8,0.926,0.789,3,0.909,0.322,0.724,0.344,0.711
USR_00842,17.76,102.0,2.1,0.863,0.93,3,0.666,0.22,0.664,0.303,0.637
USR_00843,29.26,54.4,9.0,0.889,0.379,3,0.835,0.308,0.589,0.419,0.913
USR_00844,20.13,30.0,12.2,0.639,0.096,5,0.563,0.609,0.438,0.63,0.632
USR_00845,23.06,61.3,6.0,0.86,0.331,3,0.214,0.16,0.411,0.952,0.366
USR_00846,2.05,13.2,2.1,0.571,0.228,2,0.437,0.926,0.05,0.386,0.145
USR_00847,23.75,85.4,3.8,0.858,0.502,3,0.648,0.322,0.685,0.453,0.666
USR_00848,15.21,61.6,6.5,0.792,0.469,3,0.477,0.552,0.699,0.889,0.05
USR_00849,12.33,40.8,9.1,0.615,0.349,4,0.448,0.603,0.42,0.617,0.751
USR_00850,4.43,24.4,4.6,0.539,0.277,2,0.281,0.99,0.306,0.453,0.181
USR_00851,28.21,101.3,4.4,0.825,0.861,3,0.708,0.41,0.676,0.507,0.893
USR_00852,14.21,71.1,6.0,0.548,0.466,4,0.549,0.684,0.632,0.721,0.679
USR_00853,8.05,21.5,3.5,0.534,0.527,2,0.333,0.77,0.256,0.395,0.163
USR_00854,23.32,61.9,6.9,0.765,0.344,5,0.57,0.74,0.58,0.556,0.659
USR_00855,1.37,27.6,4.7,0.594,0.484,1,0.244,0.92,0.356,0.784,0.229
USR_00856,22.09,54.7,8.5,0.661,0.147,5,0.805,0.654,0.636,0.763,0.68
USR_00857,5.95,24.1,6.6,0.691,0.353,3,0.473,0.944,0.19,0.586,0.319
USR_00858,27.97,40.2,9.3,0.788,0.584,4,0.684,0.505,0.507,0.95,0.739
USR_00859,19.94,76.6,7.9,0.749,0.501,2,0.918,0.128,0.378,0.142,0.99
USR_00860,24.75,48.2,9.1,0.954,0.245,2,0.962,0.129,0.9,0.329,0.821
USR_00861,20.5,60.6,6.5,0.943,0.48,4,0.148,0.434,0.537,0.855,0.364
USR_00862,31.51,78.5,4.5,0.684,0.517,2,0.797,0.128,0.706,0.332,0.932
USR_00863,21.45,42.2,4.3,0.901,0.514,3,0.245,0.164,0.559,0.886,0.219
USR_00864,23.72,95.5,4.8,0.882,0.855,4,0.648,0.32,0.841,0.34,0.6
USR_00865,21.7,96.7,4.2,0.841,0.875,3,0.965,0.196,0.672,0.395,0.686
USR_00866,30.36,94.7,7.1,0.813,0.504,2,0.852,0.254,0.519,0.482,0.973
USR_00867,22.67,122.7,6.2,0.69,0.817,4,0.757,0.206,0.77,0.488,0.653
USR_00868,31.35,72.7,3.7,0.93,0.664,3,0.744,0.192,0.897,0.293,0.614
USR_00869,9.53,16.4,3.1,0.54,0.398,2,0.276,0.987,0.395,0.914,0.067
USR_00870,20.84,70.4,9.6,0.593,0.375,4,0.832,0.801,0.702,0.857,0.732
USR_00871,25.87,128.7,7.1,0.819,0.54,2,0.528,0.274,0.676,0.342,0.826
USR_00872,28.79,87.8,4.2,0.893,0.859,3,0.746,0.29,0.97,0.383,0.8
USR_00873,22.06,81.0,3.7,0.833,0.676,2,0.805,0.117,0.955,0.488,0.95
USR_00874,26.2,95.5,5.0,0.753,0.664,3,0.896,0.146,0.828,0.328,0.745
USR_00875,4.22,25.8,2.7,0.477,0.254,2,0.313,0.869,0.227,0.806,0.286
USR_00876,28.38,98.4,3.5,0.903,0.664,3,0.768,0.199,0.978,0.553,0.5
USR_00877,31.3,76.0,3.5,0.859,0.809,2,0.653,0.278,0.951,0.774,0.651
USR_00878,15.99,70.8,6.3,0.962,0.468,3,0.768,0.272,0.564,0.327,0.99
USR_00879,26.82,42.6,4.2,0.867,0.755,3,0.775,0.387,0.82,0.507,0.933
USR_00880,14.51,71.6,3.9,0.866,0.523,2,0.893,0.242,0.602,0.342,0.837
USR_00881,13.16,68.8,3.7,0.888,0.318,4,0.266,0.321,0.834,0.99,0.057
USR_00882,10.69,47.0,8.3,0.931,0.263,3,0.377,0.437,0.237,0.887,0.295
USR_00883,17.89,57.6,4.6,0.87,0.501,4,0.207,0.669,0.512,0.939,0.156
USR_00884,31.01,72.4,5.1,0.961,0.493,3,0.684,0.3,0.83,0.488,0.925
USR_00885,22.13,82.9,6.4,0.843,0.443,2,0.937,0.296,0.717,0.227,0.874
USR_00886,28.0,105.2,5.4,0.946,0.621,3,0.783,0.33,0.746,0.489,0.612
USR_00887,23.02,48.6,7.8,0.93,0.307,5,0.833,0.687,0.515,0.649,0.348
USR_00888,22.85,46.8,4.4,0.817,0.269,4,0.4,0.369,0.543,0.98,0.218
USR_00889,24.5,101.4,4.8,0.948,0.554,3,0.793,0.228,0.907,0.378,0.688
USR_00890,10.55,47.0,9.5,0.683,0.498,4,0.719,0.483,0.716,0.667,0.621
USR_00891,25.78,83.3,2.6,0.799,0.523,3,0.671,0.275,0.91,0.575,0.774
USR_00892,22.62,52.1,7.4,0.858,0.383,3,0.378,0.252,0.674,0.906,0.188
USR_00893,22.28,64.6,6.1,0.923,0.323,3,0.323,0.257,0.688,0.788,0.252
USR_00894,18.74,56.0,5.2,0.963,0.259,3,0.326,0.17,0.497,0.99,0.355
USR_00895,8.3,20.7,2.9,0.678,0.362,1,0.385,0.729,0.296,0.77,0.153
USR_00896,29.18,77.9,7.0,0.82,0.474,2,0.932,0.085,0.647,0.415,0.919
USR_00897,13.75,59.4,7.1,0.941,0.299,4,0.168,0.511,0.646,0.781,0.31
USR_00898,6.23,30.9,4.3,0.616,0.409,1,0.32,0.983,0.258,0.588,0.21
USR_00899,18.53,82.0,8.8,0.845,0.405,2,0.939,0.25,0.526,0.234,0.915
USR_00900,31.9,108.1,5.5,0.83,0.713,4,0.838,0.24,0.776,0.286,0.775
USR_00901,7.05,30.2,3.5,0.663,0.181,2,0.21,0.701,0.218,0.581,0.235
USR_00902,40.03,90.3,4.6,0.903,0.676,2,0.787,0.384,0.924,0.438,0.702
USR_00903,24.48,35.5,8.6,0.659,0.477,4,0.755,0.692,0.459,0.671,0.518
USR_00904,23.92,57.2,9.4,0.825,0.587,5,0.931,0.617,0.613,0.678,0.5
USR_00905,21.6,48.9,5.5,0.988,0.33,4,0.496,0.335,0.593,0.99,0.413
USR_00906,37.04,80.1,3.4,0.783,0.713,3,0.952,0.315,0.849,0.401,0.825
USR_00907,6.46,19.5,3.3,0.692,0.378,1,0.241,0.99,0.283,0.783,0.296
USR_00908,21.06,60.3,6.8,0.695,0.526,5,0.796,0.503,0.476,0.601,0.588
USR_00909,25.82,97.8,5.8,0.755,0.708,3,0.94,0.276,0.948,0.341,0.657
USR_00910,31.1,77.7,4.7,0.823,0.862,4,0.699,0.331,0.574,0.391,0.594
USR_00911,17.62,70.7,4.5,0.852,0.36,4,0.524,0.351,0.736,0.874,0.499
USR_00912,7.93,19.2,3.4,0.635,0.305,3,0.345,0.941,0.05,0.824,0.071
USR_00913,3.72,28.9,2.5,0.592,0.545,2,0.208,0.887,0.112,0.566,0.05
USR_00914,16.95,39.3,6.0,0.748,0.588,4,0.525,0.5,0.755,0.686,0.449
USR_00915,21.59,62.3,5.0,0.859,0.292,3,0.393,0.3,0.39,0.977,0.291
USR_00916,9.13,26.1,4.8,0.297,0.455,3,0.311,0.679,0.169,0.495,0.278
USR_00917,22.02,50.3,4.0,0.831,0.426,2,0.769,0.272,0.495,0.139,0.99
USR_00918,37.57,107.2,7.1,0.772,0.423,3,0.811,0.258,0.717,0.53,0.903
USR_00919,20.84,45.0,7.1,0.781,0.31,2,0.555,0.449,0.598,0.99,0.427
USR_00920,19.93,58.4,5.8,0.934,0.428,3,0.317,0.52,0.71,0.989,0.378
USR_00921,16.9,84.9,6.0,0.968,0.678,2,0.99,0.309,0.651,0.339,0.967
USR_00922,24.78,30.3,6.7,0.718,0.425,5,0.443,0.445,0.815,0.637,0.562
USR_00923,28.44,34.2,4.6,0.755,0.482,2,0.78,0.245,0.545,0.05,0.879
USR_00924,13.97,35.0,8.3,0.905,0.479,4,0.471,0.512,0.665,0.742,0.713
USR_00925,6.29,22.3,3.7,0.725,0.234,2,0.279,0.985,0.058,0.735,0.176
USR_00926,20.46,50.3,7.2,0.821,0.253,2,0.315,0.238,0.62,0.934,0.298
USR_00927,23.48,41.1,7.4,0.586,0.253,5,0.77,0.358,0.761,0.898,0.876
USR_00928,4.14,26.9,3.6,0.568,0.251,2,0.309,0.755,0.377,0.848,0.265
USR_00929,8.96,21.9,5.2,0.612,0.347,2,0.063,0.723,0.187,0.706,0.256
USR_00930,20.04,60.0,8.2,0.802,0.425,4,0.675,0.532,0.651,0.907,0.488
USR_00931,13.72,55.0,5.4,0.872,0.266,3,0.36,0.547,0.441,0.99,0.293
USR_00932,26.73,70.9,3.8,0.805,0.536,2,0.895,0.301,0.654,0.205,0.954
USR_00933,21.46,41.3,9.3,0.783,0.43,5,0.586,0.892,0.834,0.709,0.898
USR_00934,32.39,91.6,5.9,0.753,0.535,3,0.7,0.394,0.393,0.286,0.84
USR_00935,19.84,58.7,5.7,0.899,0.274,3,0.418,0.328,0.489,0.914,0.195
USR_00936,36.19,48.7,5.9,0.905,0.904,2,0.638,0.259,0.89,0.411,0.531
USR_00937,21.25,34.3,5.8,0.796,0.523,4,0.782,0.6,0.625,0.436,0.578
USR_00938,27.42,118.0,3.1,0.894,0.757,3,0.798,0.39,0.92,0.377,0.652
USR_00939,6.04,20.4,3.5,0.633,0.311,3,0.097,0.969,0.079,0.536,0.228
USR_00940,19.06,35.5,6.5,0.909,0.258,4,0.26,0.561,0.491,0.797,0.292
USR_00941,23.98,48.6,6.2,0.673,0.324,2,0.773,0.315,0.535,0.152,0.942
USR_00942,28.19,89.4,2.6,0.855,0.749,2,0.75,0.282,0.85,0.554,0.553
USR_00943,17.69,64.2,6.9,0.697,0.529,5,0.645,0.6,0.623,0.648,0.478
USR_00944,10.92,26.2,3.2,0.569,0.346,1,0.141,0.811,0.123,0.731,0.356
USR_00945,13.47,64.8,3.0,0.866,0.37,4,0.296,0.405,0.665,0.962,0.416
USR_00946,16.26,35.1,5.1,0.675,0.598,4,0.712,0.758,0.922,0.762,0.315
USR_00947,15.7,66.0,5.6,0.85,0.447,2,0.257,0.597,0.587,0.91,0.308
USR_00948,27.6,97.2,3.2,0.878,0.724,3,0.553,0.306,0.644,0.347,0.965
USR_00949,12.4,43.7,2.4,0.438,0.271,2,0.265,0.765,0.367,0.594,0.135
USR_00950,23.66,122.1,4.5,0.796,0.796,4,0.731,0.219,0.93,0.472,0.498
USR_00951,29.46,77.6,9.0,0.679,0.46,5,0.607,0.63,0.632,0.888,0.454
USR_00952,22.31,44.8,7.8,0.74,0.527,4,0.655,0.879,0.589,0.687,0.51
USR_00953,34.3,86.2,5.9,0.839,0.757,3,0.644,0.289,0.648,0.424,0.835
USR_00954,8.01,20.0,6.6,0.639,0.29,1,0.263,0.865,0.137,0.697,0.294
USR_00955,28.53,83.1,5.3,0.943,0.798,3,0.834,0.277,0.723,0.397,0.623
USR_00956,14.38,62.2,5.5,0.864,0.258,2,0.445,0.329,0.304,0.819,0.389
USR_00957,25.99,64.9,3.3,0.884,0.687,4,0.754,0.231,0.814,0.365,0.614
USR_00958,26.1,77.4,6.7,0.818,0.472,2,0.99,0.203,0.827,0.336,0.959
USR_00959,25.67,42.3,4.9,0.766,0.507,3,0.804,0.286,0.854,0.205,0.789
USR_00960,4.71,43.9,4.8,0.691,0.281,1,0.281,0.843,0.45,0.584,0.26
USR_00961,13.93,56.3,7.6,0.636,0.406,5,0.639,0.588,0.527,0.567,0.646
USR_00962,5.82,33.7,1.6,0.736,0.196,2,0.211,0.715,0.242,0.739,0.204
USR_00963,16.92,107.6,6.6,0.99,0.749,3,0.875,0.348,0.806,0.318,0.843
USR_00964,4.38,19.9,6.7,0.435,0.373,3,0.05,0.756,0.213,0.659,0.156
USR_00965,3.88,29.4,2.0,0.569,0.258,1,0.164,0.752,0.341,0.812,0.331
USR_00966,33.13,86.5,4.0,0.84,0.95,3,0.782,0.253,0.832,0.209,0.666
USR_00967,37.0,64.9,7.1,0.844,0.261,3,0.739,0.364,0.379,0.474,0.947
USR_00968,22.62,93.3,4.3,0.774,0.785,2,0.825,0.088,0.871,0.703,0.543
USR_00969,4.58,22.5,2.0,0.479,0.297,2,0.206,0.681,0.323,0.495,0.198
USR_00970,18.19,45.2,6.1,0.917,0.363,3,0.521,0.417,0.584,0.74,0.242
USR_00971,33.86,61.6,2.8,0.854,0.759,2,0.667,0.409,0.855,0.264,0.675
USR_00972,20.2,79.1,4.6,0.698,0.907,3,0.833,0.443,0.99,0.712,0.812
USR_00973,21.36,103.1,3.3,0.763,0.677,2,0.883,0.216,0.914,0.492,0.813
USR_00974,21.63,78.4,3.3,0.836,0.434,2,0.862,0.227,0.648,0.304,0.829
USR_00975,18.94,82.7,7.0,0.792,0.848,3,0.777,0.377,0.816,0.338,0.763
USR_00976,30.48,89.2,7.0,0.838,0.695,2,0.723,0.216,0.733,0.405,0.585
USR_00977,25.23,82.1,3.7,0.891,0.397,3,0.862,0.207,0.377,0.333,0.883
USR_00978,10.57,49.1,5.5,0.861,0.156,5,0.545,0.661,0.643,0.799,0.578
USR_00979,16.39,34.3,9.0,0.567,0.316,4,0.896,0.616,0.94,0.787,0.733
USR_00980,18.25,34.8,9.2,0.719,0.34,5,0.795,0.809,0.606,0.81,0.764
USR_00981,5.73,19.1,4.4,0.542,0.311,1,0.396,0.757,0.316,0.88,0.115
USR_00982,12.32,18.6,5.5,0.488,0.335,2,0.142,0.904,0.167,0.883,0.324
USR_00983,11.86,56.7,7.1,0.915,0.41,3,0.522,0.502,0.685,0.99,0.402
USR_00984,8.98,32.5,5.8,0.503,0.533,2,0.242,0.772,0.056,0.56,0.184
USR_00985,17.85,44.7,5.4,0.905,0.436,3,0.201,0.276,0.359,0.829,0.419
USR_00986,21.57,52.9,6.1,0.938,0.426,3,0.385,0.505,0.411,0.951,0.452
USR_00987,20.59,76.8,7.5,0.71,0.543,2,0.755,0.402,0.653,0.375,0.962
USR_00988,18.89,18.9,9.9,0.735,0.566,4,0.654,0.795,0.95,0.624,0.491
USR_00989,22.02,40.0,9.6,0.705,0.428,5,0.52,0.376,0.526,0.671,0.646
USR_00990,27.96,81.7,4.5,0.846,0.609,2,0.799,0.205,0.551,0.205,0.99
USR_00991,21.29,46.1,8.1,0.836,0.299,5,0.495,0.727,0.569,0.61,0.553
USR_00992,11.29,68.3,8.0,0.821,0.395,4,0.303,0.458,0.47,0.878,0.2
USR_00993,8.64,39.9,4.5,0.507,0.326,2,0.232,0.821,0.119,0.579,0.067
USR_00994,22.52,52.9,8.8,0.673,0.563,5,0.4,0.438,0.601,0.743,0.45
USR_00995,29.45,67.5,9.7,0.679,0.564,5,0.543,0.665,0.689,0.57,0.66
USR_00996,18.67,70.2,6.4,0.817,0.571,3,0.741,0.188,0.458,0.285,0.871
USR_00997,3.2,29.9,4.5,0.686,0.261,3,0.249,0.858,0.286,0.417,0.117
USR_00998,4.08,23.5,4.6,0.487,0.316,3,0.285,0.82,0.195,0.561,0.345
USR_00999,26.91,63.9,5.4,0.876,0.531,2,0.901,0.231,0.685,0.266,0.918
USR_01000,17.28,50.2,5.8,0.948,0.456,3,0.05,0.243,0.557,0.782,0.29
USR_01001,21.36,49.6,8.1,0.676,0.48,4,0.71,0.865,0.76,0.678,0.572
USR_01002,18.23,99.4,5.1,0.858,0.813,2,0.851,0.537,0.768,0.442,0.87
USR_01003,8.46,41.7,5.9,0.8,0.479,3,0.378,0.422,0.744,0.76,0.05
USR_01004,24.82,58.7,5.1,0.874,0.388,2,0.947,0.185,0.52,0.452,0.955
USR_01005,19.06,68.3,2.6,0.906,0.859,3,0.99,0.153,0.889,0.298,0.675
USR_01006,23.4,58.4,4.8,0.838,0.83,3,0.798,0.364,0.834,0.267,0.534
USR_01007,20.68,51.5,5.9,0.99,0.384,4,0.524,0.429,0.508,0.862,0.23
USR_01008,18.03,37.5,3.2,0.867,0.48,2,0.498,0.624,0.651,0.918,0.229
USR_01009,18.61,61.1,8.5,0.631,0.234,4,0.671,0.656,0.603,0.888,0.581
USR_01010,33.67,105.5,5.4,0.836,0.856,3,0.83,0.307,0.657,0.623,0.597
USR_01011,23.77,62.5,3.6,0.99,0.837,2,0.951,0.366,0.92,0.285,0.776
USR_01012,7.33,25.9,6.6,0.609,0.32,2,0.221,0.797,0.268,0.457,0.05
USR_01013,20.16,60.7,4.9,0.851,0.302,4,0.244,0.319,0.391,0.878,0.216
USR_01014,6.51,23.5,2.9,0.675,0.322,2,0.126,0.963,0.304,0.789,0.247
USR_01015,29.64,96.7,5.2,0.869,0.739,3,0.814,0.373,0.99,0.546,0.762
USR_01016,6.14,32.2,2.1,0.52,0.196,2,0.157,0.921,0.246,0.569,0.251
USR_01017,28.96,65.6,4.4,0.926,0.95,3,0.698,0.416,0.667,0.442,0.707
USR_01018,20.62,68.0,9.3,0.756,0.518,5,0.561,0.742,0.579,0.712,0.461
USR_01019,22.23,97.2,8.7,0.874,0.556,2,0.819,0.12,0.768,0.292,0.922
USR_01020,27.01,99.7,4.5,0.871,0.73,3,0.663,0.296,0.793,0.096,0.723
USR_01021,20.32,71.7,6.6,0.985,0.423,4,0.366,0.387,0.482,0.721,0.32
USR_01022,4.42,33.1,3.1,0.677,0.341,1,0.201,0.922,0.125,0.653,0.401
USR_01023,29.71,52.6,7.2,0.837,0.425,2,0.835,0.148,0.495,0.428,0.779
USR_01024,31.27,111.8,6.0,0.919,0.764,2,0.728,0.335,0.802,0.493,0.72
USR_01025,8.43,24.2,4.8,0.498,0.443,3,0.384,0.757,0.338,0.524,0.05
USR_01026,5.04,28.6,6.2,0.573,0.204,1,0.275,0.858,0.343,0.564,0.345
USR_01027,6.88,28.2,3.7,0.477,0.326,1,0.218,0.772,0.231,0.883,0.304
USR_01028,23.16,49.1,4.8,0.944,0.524,2,0.802,0.324,0.528,0.38,0.901
USR_01029,8.42,22.6,3.9,0.446,0.412,2,0.119,0.829,0.379,0.782,0.223
USR_01030,20.88,78.7,8.6,0.734,0.425,3,0.783,0.279,0.57,0.135,0.888
USR_01031,24.55,124.3,5.1,0.891,0.621,2,0.861,0.193,0.782,0.298,0.632
USR_01032,16.13,48.6,8.0,0.67,0.274,5,0.566,0.749,0.632,0.661,0.514
USR_01033,27.31,114.7,5.1,0.889,0.277,2,0.927,0.203,0.832,0.3,0.985
USR_01034,33.31,100.1,5.8,0.944,0.631,3,0.875,0.306,0.787,0.389,0.82
USR_01035,28.83,46.6,7.6,0.909,0.767,3,0.824,0.248,0.492,0.05,0.935
USR_01036,20.27,56.0,9.0,0.966,0.471,4,0.363,0.475,0.561,0.645,0.622
USR_01037,16.1,109.7,5.7,0.816,0.588,3,0.515,0.16,0.924,0.441,0.587
USR_01038,25.69,74.5,8.2,0.624,0.214,5,0.63,0.697,0.582,0.743,0.543
USR_01039,11.61,34.7,1.7,0.55,0.497,1,0.33,0.974,0.222,0.699,0.084
USR_01040,14.84,58.9,6.1,0.817,0.366,3,0.419,0.272,0.574,0.825,0.238
USR_01041,18.29,78.4,7.7,0.904,0.386,3,0.334,0.451,0.469,0.87,0.05
USR_01042,18.24,91.8,6.7,0.886,0.671,3,0.931,0.05,0.689,0.27,0.851
USR_01043,8.31,18.8,4.3,0.432,0.335,3,0.247,0.791,0.109,0.506,0.108
USR_01044,21.01,82.2,3.5,0.785,0.95,3,0.94,0.193,0.842,0.212,0.732
USR_01045,15.52,58.3,6.4,0.836,0.346,4,0.296,0.517,0.571,0.981,0.13
USR_01046,17.96,62.9,5.7,0.871,0.332,4,0.289,0.387,0.523,0.986,0.306
USR_01047,20.29,57.1,6.1,0.922,0.23,2,0.51,0.533,0.628,0.849,0.308
USR_01048,7.84,23.8,5.1,0.768,0.199,1,0.289,0.673,0.318,0.707,0.278
USR_01049,27.03,40.9,3.8,0.916,0.729,2,0.952,0.26,0.562,0.138,0.99
USR_01050,17.57,51.8,6.7,0.932,0.413,2,0.086,0.735,0.679,0.877,0.344
USR_01051,23.42,101.3,2.9,0.929,0.662,3,0.874,0.178,0.852,0.501,0.748
USR_01052,16.89,46.1,5.6,0.893,0.511,2,0.835,0.239,0.715,0.478,0.941
USR_01053,20.09,101.0,4.4,0.853,0.69,3,0.801,0.337,0.796,0.345,0.692
USR_01054,16.25,41.3,9.9,0.859,0.494,5,0.792,0.617,0.541,0.737,0.451
USR_01055,9.66,31.4,2.8,0.522,0.074,1,0.255,0.85,0.271,0.637,0.238
USR_01056,13.6,37.8,10.3,0.708,0.567,4,0.507,0.688,0.575,0.72,0.516
USR_01057,5.05,30.8,6.5,0.691,0.178,3,0.383,0.856,0.393,0.847,0.399
USR_01058,18.75,103.2,3.2,0.89,0.721,2,0.722,0.303,0.678,0.334,0.717
USR_01059,30.01,72.2,3.4,0.872,0.617,2,0.917,0.146,0.5,0.337,0.976
USR_01060,12.26,60.6,7.8,0.827,0.378,4,0.675,0.534,0.626,0.914,0.342
USR_01061,18.69,65.5,5.4,0.842,0.435,2,0.388,0.631,0.445,0.797,0.323
USR_01062,28.92,33.5,6.3,0.762,0.571,4,0.296,0.66,0.639,0.572,0.688
USR_01063,21.75,62.3,8.1,0.867,0.419,5,0.735,0.576,0.599,0.624,0.387
USR_01064,7.6,20.8,5.3,0.522,0.434,2,0.286,0.775,0.329,0.628,0.2
USR_01065,11.25,31.1,6.2,0.555,0.358,5,0.939,0.578,0.556,0.762,0.858
USR_01066,13.37,63.5,7.1,0.87,0.666,3,0.793,0.257,0.866,0.562,0.529
USR_01067,14.75,35.4,7.5,0.738,0.474,5,0.671,0.7,0.724,0.545,0.507
USR_01068,42.21,93.5,5.6,0.827,0.819,4,0.893,0.386,0.721,0.157,0.787
USR_01069,20.9,45.3,8.8,0.635,0.544,4,0.695,0.354,0.847,0.577,0.517
USR_01070,15.1,58.6,7.1,0.767,0.359,3,0.47,0.632,0.71,0.751,0.479
USR_01071,23.15,60.0,5.3,0.834,0.448,5,0.741,0.307,0.484,0.653,0.498
USR_01072,8.82,49.9,8.3,0.667,0.432,4,0.754,0.632,0.431,0.575,0.562
USR_01073,29.0,42.7,6.0,0.827,0.439,4,0.485,0.842,0.452,0.696,0.829
USR_01074,23.0,51.5,7.8,0.705,0.292,4,0.812,0.565,0.662,0.941,0.648
USR_01075,22.79,61.2,6.8,0.697,0.43,5,0.721,0.852,0.676,0.629,0.505
USR_01076,5.6,29.2,3.0,0.832,0.388,1,0.312,0.749,0.283,0.617,0.141
USR_01077,28.69,65.4,4.7,0.813,0.274,2,0.862,0.11,0.416,0.17,0.92
USR_01078,27.92,53.8,5.4,0.821,0.46,2,0.263,0.46,0.519,0.835,0.244
USR_01079,25.91,69.2,5.4,0.819,0.216,3,0.926,0.301,0.702,0.12,0.907
USR_01080,14.19,82.9,3.7,0.764,0.45,2,0.96,0.098,0.667,0.148,0.837
USR_01081,14.8,65.1,6.5,0.827,0.382,3,0.394,0.245,0.477,0.917,0.4
USR_01082,20.44,37.3,8.7,0.761,0.297,5,0.831,0.756,0.687,0.766,0.535
USR_01083,20.87,44.0,5.9,0.561,0.337,5,0.598,0.621,0.764,0.608,0.445
USR_01084,37.99,135.6,4.3,0.802,0.798,2,0.736,0.216,0.852,0.21,0.887
USR_01085,19.55,56.4,6.0,0.86,0.355,2,0.217,0.686,0.543,0.936,0.122
USR_01086,11.93,28.0,4.9,0.678,0.468,3,0.18,0.832,0.219,0.63,0.126
USR_01087,21.75,134.1,3.9,0.872,0.78,2,0.796,0.573,0.76,0.168,0.914
USR_01088,7.94,29.3,6.9,0.446,0.423,2,0.244,0.757,0.271,0.39,0.095
USR_01089,26.45,90.4,5.6,0.836,0.791,2,0.777,0.321,0.87,0.5,0.778
USR_01090,6.33,19.1,5.0,0.507,0.288,2,0.366,0.855,0.287,0.679,0.314
USR_01091,16.86,98.6,5.3,0.759,0.72,3,0.866,0.403,0.81,0.263,0.844
USR_01092,18.06,66.3,9.3,0.9,0.47,2,0.734,0.217,0.67,0.31,0.893
USR_01093,19.83,50.2,4.4,0.979,0.458,2,0.317,0.422,0.624,0.856,0.447
USR_01094,24.48,60.9,6.2,0.845,0.36,3,0.258,0.45,0.665,0.914,0.168
USR_01095,27.69,83.0,6.2,0.753,0.295,3,0.754,0.204,0.428,0.217,0.927
USR_01096,27.31,51.0,7.5,0.759,0.435,4,0.678,0.721,0.502,0.617,0.616
USR_01097,16.52,53.2,7.3,0.798,0.316,4,0.164,0.611,0.896,0.99,0.05
USR_01098,31.67,55.2,6.4,0.835,0.358,3,0.799,0.241,0.385,0.232,0.904
USR_01099,21.67,83.4,3.6,0.799,0.809,2,0.638,0.466,0.666,0.372,0.699
USR_01100,33.34,97.7,3.1,0.825,0.91,3,0.771,0.43,0.813,0.553,0.672
USR_01101,5.67,17.8,1.9,0.72,0.371,2,0.247,0.888,0.154,0.401,0.076
USR_01102,30.58,63.1,5.3,0.875,0.505,3,0.736,0.286,0.793,0.263,0.99
USR_01103,19.47,72.6,10.8,0.556,0.162,4,0.705,0.82,0.482,0.735,0.655
USR_01104,8.94,30.9,6.9,0.502,0.175,2,0.287,0.848,0.307,0.679,0.206
USR_01105,6.11,29.2,3.6,0.595,0.153,1,0.15,0.761,0.258,0.732,0.288
USR_01106,34.2,55.9,3.3,0.871,0.7,2,0.806,0.31,0.86,0.196,0.71
USR_01107,11.85,120.6,4.6,0.89,0.657,3,0.689,0.251,0.821,0.494,0.831
USR_01108,23.73,120.3,3.3,0.96,0.758,4,0.838,0.207,0.967,0.23,0.708
USR_01109,34.91,68.7,5.9,0.859,0.734,2,0.788,0.107,0.924,0.553,0.823
USR_01110,23.89,133.9,5.8,0.752,0.734,3,0.824,0.184,0.813,0.149,0.798
USR_01111,35.76,117.1,4.8,0.862,0.784,2,0.803,0.26,0.777,0.431,0.574
USR_01112,26.98,83.8,6.9,0.91,0.347,2,0.751,0.174,0.74,0.209,0.99
USR_01113,29.04,134.8,4.7,0.786,0.728,3,0.853,0.361,0.838,0.585,0.772
USR_01114,8.16,71.6,7.3,0.942,0.341,3,0.467,0.598,0.662,0.874,0.262
USR_01115,14.74,46.6,5.8,0.831,0.421,4,0.377,0.367,0.485,0.863,0.302
USR_01116,22.37,84.2,3.6,0.918,0.693,3,0.637,0.316,0.923,0.542,0.41
USR_01117,22.31,52.4,5.4,0.98,0.424,3,0.729,0.22,0.703,0.163,0.933
USR_01118,15.19,64.1,8.2,0.772,0.602,5,0.859,0.465,0.41,0.602,0.563
USR_01119,17.63,67.8,7.8,0.895,0.245,3,0.313,0.259,0.403,0.842,0.331
USR_01120,8.63,118.9,6.7,0.817,0.633,4,0.764,0.189,0.806,0.721,0.776
USR_01121,19.3,38.5,5.0,0.95,0.194,3,0.596,0.774,0.431,0.938,0.399
USR_01122,24.14,98.8,4.8,0.882,0.726,3,0.735,0.073,0.846,0.387,0.815
USR_01123,18.47,55.7,7.3,0.903,0.406,3,0.437,0.621,0.28,0.937,0.155
USR_01124,15.33,124.9,5.3,0.856,0.768,3,0.645,0.256,0.825,0.67,0.797
USR_01125,29.65,64.6,4.5,0.814,0.571,3,0.898,0.276,0.99,0.332,0.956
USR_01126,30.78,127.7,1.9,0.816,0.87,3,0.612,0.157,0.887,0.625,0.716
USR_01127,21.11,84.1,6.0,0.826,0.883,2,0.706,0.192,0.903,0.516,0.96
USR_01128,4.39,29.5,6.7,0.759,0.388,1,0.246,0.945,0.195,0.516,0.05
USR_01129,21.59,57.7,4.8,0.79,0.229,3,0.243,0.535,0.612,0.793,0.321
USR_01130,4.43,19.0,5.4,0.749,0.517,2,0.37,0.805,0.251,0.505,0.122
USR_01131,18.94,43.2,7.7,0.639,0.578,5,0.698,0.745,0.651,0.77,0.477
USR_01132,8.69,27.0,4.9,0.624,0.335,1,0.271,0.886,0.064,0.559,0.355
USR_01133,20.97,51.0,6.6,0.983,0.435,4,0.206,0.386,0.446,0.927,0.254
USR_01134,29.79,62.8,5.6,0.873,0.617,3,0.866,0.315,0.594,0.333,0.903
USR_01135,21.6,61.6,7.8,0.82,0.387,4,0.366,0.454,0.58,0.901,0.462
USR_01136,17.47,65.4,5.4,0.863,0.394,3,0.323,0.404,0.747,0.99,0.483
USR_01137,19.26,77.4,5.9,0.972,0.362,3,0.404,0.324,0.14,0.838,0.241
USR_01138,21.58,72.6,8.2,0.817,0.579,3,0.99,0.234,0.619,0.074,0.89
USR_01139,18.64,49.6,3.7,0.919,0.293,3,0.322,0.398,0.623,0.99,0.246
USR_01140,6.03,25.2,5.0,0.468,0.358,1,0.284,0.843,0.313,0.686,0.253
USR_01141,30.97,26.8,10.9,0.701,0.397,5,0.569,0.55,0.352,0.486,0.417
USR_01142,16.27,56.4,8.6,0.784,0.381,5,0.543,0.632,0.782,0.656,0.569
USR_01143,28.82,58.8,4.9,0.725,0.147,4,0.784,0.728,0.419,0.687,0.515
USR_01144,16.24,57.4,8.5,0.825,0.469,2,0.959,0.194,0.69,0.388,0.977
USR_01145,19.92,112.1,4.1,0.842,0.95,3,0.852,0.545,0.829,0.05,0.881
USR_01146,7.08,26.7,3.3,0.543,0.058,1,0.118,0.864,0.178,0.881,0.384
USR_01147,28.48,53.7,6.7,0.775,0.65,2,0.947,0.245,0.591,0.293,0.99
USR_01148,23.43,78.9,4.4,0.847,0.663,3,0.687,0.242,0.932,0.371,0.828
USR_01149,24.8,102.4,5.7,0.723,0.703,3,0.806,0.184,0.55,0.388,0.907
USR_01150,22.41,81.5,5.3,0.73,0.352,2,0.892,0.366,0.594,0.357,0.912
USR_01151,24.51,64.3,7.5,0.771,0.751,2,0.882,0.275,0.719,0.399,0.885
USR_01152,29.46,48.2,6.4,0.872,0.876,3,0.674,0.267,0.867,0.616,0.882
USR_01153,32.52,113.5,4.0,0.907,0.686,3,0.845,0.333,0.906,0.484,0.938
USR_01154,17.65,129.1,4.4,0.836,0.829,4,0.645,0.377,0.754,0.428,0.633
USR_01155,21.64,70.4,4.7,0.99,0.372,2,0.367,0.467,0.476,0.847,0.383
USR_01156,17.15,44.2,9.9,0.703,0.257,4,0.713,0.438,0.738,0.741,0.652
USR_01157,21.2,58.1,6.9,0.91,0.404,2,0.893,0.172,0.58,0.233,0.971
USR_01158,14.48,112.3,4.9,0.989,0.854,3,0.408,0.128,0.926,0.405,0.705
USR_01159,15.08,58.2,5.6,0.965,0.423,2,0.453,0.281,0.571,0.908,0.3
USR_01160,20.37,47.9,8.4,0.653,0.577,5,0.522,0.671,0.95,0.682,0.612
USR_01161,15.49,69.6,8.5,0.665,0.363,4,0.788,0.706,0.95,0.831,0.793
USR_01162,18.5,85.7,5.4,0.826,0.515,2,0.772,0.272,0.503,0.276,0.862
USR_01163,7.19,22.6,1.5,0.751,0.412,2,0.234,0.965,0.312,0.632,0.386
USR_01164,24.09,71.9,8.3,0.822,0.126,5,0.507,0.783,0.481,0.564,0.675
USR_01165,30.89,76.4,4.8,0.848,0.916,3,0.759,0.252,0.676,0.446,0.609
USR_01166,20.01,120.1,4.6,0.924,0.828,3,0.844,0.354,0.811,0.375,0.742
USR_01167,17.01,58.2,4.8,0.848,0.252,2,0.301,0.272,0.641,0.818,0.449
USR_01168,20.69,52.7,8.3,0.77,0.392,4,0.652,0.674,0.746,0.703,0.742
USR_01169,14.07,50.0,5.6,0.907,0.281,2,0.471,0.557,0.456,0.99,0.315
USR_01170,28.46,67.4,3.9,0.856,0.84,3,0.711,0.394,0.938,0.332,0.681
USR_01171,5.16,26.8,5.5,0.398,0.338,3,0.05,0.717,0.086,0.609,0.297
USR_01172,21.95,35.0,6.6,0.816,0.396,5,0.533,0.386,0.673,0.782,0.232
USR_01173,8.7,28.6,3.4,0.641,0.27,1,0.258,0.831,0.371,0.654,0.085
USR_01174,4.64,31.6,4.9,0.672,0.39,2,0.144,0.834,0.34,0.721,0.171
USR_01175,15.73,79.9,5.0,0.918,0.618,3,0.694,0.287,0.583,0.253,0.955
USR_01176,30.19,64.5,5.7,0.784,0.518,2,0.837,0.05,0.639,0.147,0.922
USR_01177,36.03,100.0,5.3,0.883,0.842,3,0.724,0.149,0.952,0.449,0.739
USR_01178,7.5,19.9,3.3,0.563,0.455,2,0.172,0.735,0.164,0.79,0.229
USR_01179,8.83,59.5,5.1,0.976,0.488,2,0.36,0.434,0.269,0.867,0.477
USR_01180,19.93,72.7,4.1,0.876,0.387,2,0.399,0.496,0.248,0.721,0.18
USR_01181,32.29,93.9,4.2,0.934,0.486,2,0.809,0.052,0.528,0.253,0.99
USR_01182,8.34,30.0,1.0,0.535,0.41,2,0.153,0.911,0.153,0.75,0.241
USR_01183,15.81,69.6,6.2,0.902,0.588,3,0.862,0.206,0.665,0.371,0.865
USR_01184,32.18,66.1,4.2,0.824,0.427,2,0.973,0.084,0.471,0.152,0.948
USR_01185,23.41,85.8,2.2,0.833,0.835,3,0.836,0.318,0.815,0.455,0.743
USR_01186,8.51,17.3,6.9,0.606,0.24,1,0.291,0.957,0.127,0.53,0.246
USR_01187,16.19,31.6,9.0,0.769,0.434,4,0.721,0.613,0.588,0.79,0.527
USR_01188,9.35,38.7,3.8,0.564,0.375,2,0.429,0.931,0.081,0.633,0.134
USR_01189,25.11,43.9,8.3,0.99,0.504,3,0.857,0.38,0.767,0.39,0.99
USR_01190,31.51,89.2,4.8,0.883,0.673,2,0.899,0.137,0.781,0.275,0.891
USR_01191,23.88,79.8,4.3,0.901,0.531,2,0.793,0.105,0.44,0.404,0.873
USR_01192,28.69,53.1,5.6,0.957,0.461,4,0.415,0.266,0.465,0.955,0.163
USR_01193,6.06,27.9,3.8,0.647,0.328,1,0.242,0.802,0.31,0.58,0.19
USR_01194,11.3,65.1,5.2,0.91,0.315,3,0.139,0.271,0.725,0.773,0.308
USR_01195,20.41,55.8,5.9,0.937,0.306,3,0.334,0.521,0.381,0.868,0.457
USR_01196,9.13,20.5,4.2,0.64,0.43,1,0.191,0.824,0.143,0.862,0.176
USR_01197,3.09,16.1,1.6,0.424,0.19,1,0.416,0.702,0.184,0.676,0.152
USR_01198,28.43,84.0,6.4,0.894,0.464,3,0.809,0.364,0.48,0.227,0.99
USR_01199,7.22,24.5,4.0,0.656,0.346,3,0.05,0.858,0.201,0.75,0.259
USR_01200,27.84,94.7,6.9,0.804,0.755,4,0.729,0.349,0.637,0.719,0.505
USR_01201,24.87,103.6,4.0,0.706,0.873,2,0.812,0.323,0.877,0.358,0.751
USR_01202,11.16,44.2,4.8,0.449,0.467,2,0.218,0.847,0.11,0.613,0.225
USR_01203,20.4,66.9,6.2,0.752,0.355,4,0.442,0.5,0.671,0.815,0.352
USR_01204,28.98,73.8,7.0,0.735,0.457,3,0.849,0.185,0.9,0.225,0.781
USR_01205,10.32,22.9,5.7,0.547,0.292,3,0.159,0.872,0.05,0.766,0.16
USR_01206,20.65,74.2,8.6,0.771,0.437,3,0.275,0.23,0.775,0.89,0.274
USR_01207,17.94,66.1,4.5,0.85,0.236,4,0.45,0.114,0.692,0.946,0.396
USR_01208,22.73,64.4,6.1,0.827,0.579,3,0.449,0.403,0.604,0.855,0.237
USR_01209,19.55,44.6,9.3,0.662,0.397,4,0.577,0.697,0.734,0.744,0.719
USR_01210,19.0,50.4,6.0,0.823,0.35,3,0.236,0.587,0.694,0.844,0.117
USR_01211,1.37,25.9,6.7,0.584,0.324,2,0.207,0.864,0.325,0.64,0.1
USR_01212,24.93,50.6,4.6,0.857,0.465,3,0.212,0.151,0.535,0.812,0.396
USR_01213,18.91,49.1,6.5,0.712,0.214,2,0.419,0.393,0.504,0.963,0.135
USR_01214,27.93,79.9,5.5,0.962,0.538,3,0.79,0.226,0.431,0.328,0.776
USR_01215,29.71,83.9,7.9,0.99,0.663,2,0.749,0.19,0.604,0.387,0.99
USR_01216,30.96,89.9,3.4,0.794,0.828,3,0.595,0.344,0.853,0.272,0.801
USR_01217,27.56,64.2,5.5,0.91,0.448,3,0.915,0.158,0.475,0.426,0.99
USR_01218,15.74,87.1,2.6,0.756,0.64,4,0.669,0.305,0.766,0.352,0.587
USR_01219,16.96,82.8,5.7,0.99,0.556,3,0.919,0.22,0.542,0.205,0.969
USR_01220,29.86,76.3,4.5,0.806,0.373,3,0.943,0.26,0.37,0.277,0.938
USR_01221,25.78,64.1,3.3,0.903,0.651,2,0.68,0.19,0.816,0.47,0.888
USR_01222,27.38,80.5,8.6,0.896,0.732,2,0.718,0.298,0.981,0.592,0.779
USR_01223,7.89,30.5,4.7,0.45,0.238,2,0.278,0.827,0.05,0.608,0.245
USR_01224,7.57,26.6,4.2,0.719,0.546,1,0.25,0.76,0.24,0.927,0.343
USR_01225,20.06,89.3,6.8,0.865,0.858,3,0.841,0.445,0.829,0.663,0.639
USR_01226,4.79,13.4,5.8,0.527,0.202,2,0.159,0.841,0.224,0.487,0.078
USR_01227,32.99,90.9,4.3,0.93,0.95,4,0.803,0.278,0.777,0.577,0.843
USR_01228,22.39,74.1,12.0,0.517,0.377,4,0.577,0.754,0.723,0.814,0.722
USR_01229,5.25,29.0,4.2,0.525,0.268,2,0.26,0.784,0.226,0.559,0.268
USR_01230,22.21,50.6,5.0,0.841,0.386,3,0.52,0.257,0.578,0.973,0.074
USR_01231,25.87,109.4,6.3,0.84,0.817,4,0.964,0.436,0.784,0.572,0.67
USR_01232,22.74,44.5,4.2,0.811,0.458,3,0.267,0.466,0.514,0.773,0.284
USR_01233,27.15,85.3,8.1,0.859,0.514,2,0.827,0.235,0.59,0.394,0.799
USR_01234,16.7,47.6,3.9,0.902,0.35,3,0.298,0.05,0.557,0.795,0.392
USR_01235,13.34,44.8,5.6,0.921,0.62,4,0.315,0.376,0.508,0.781,0.537
USR_01236,24.24,53.0,7.3,0.615,0.615,4,0.704,0.742,0.488,0.822,0.686
USR_01237,25.21,115.1,4.8,0.843,0.728,2,0.773,0.463,0.99,0.544,0.598
USR_01238,13.64,53.3,10.8,0.711,0.551,4,0.53,0.364,0.554,0.909,0.221
USR_01239,22.05,54.4,5.1,0.795,0.302,3,0.351,0.322,0.405,0.99,0.166
USR_01240,18.38,64.4,6.2,0.771,0.445,4,0.434,0.478,0.401,0.851,0.178
USR_01241,23.92,77.2,6.9,0.793,0.328,3,0.889,0.204,0.9,0.334,0.759
USR_01242,27.98,54.6,6.3,0.925,0.314,3,0.97,0.15,0.877,0.138,0.974
USR_01243,26.83,65.2,7.1,0.868,0.374,2,0.805,0.404,0.523,0.431,0.957
USR_01244,20.13,74.4,9.0,0.66,0.503,4,0.662,0.528,0.757,0.664,0.712
USR_01245,13.19,59.4,9.8,0.679,0.142,5,0.579,0.81,0.634,0.699,0.571
USR_01246,3.34,25.1,5.9,0.595,0.299,2,0.345,0.781,0.198,0.631,0.324
USR_01247,24.74,45.2,7.2,0.858,0.249,3,0.507,0.348,0.526,0.933,0.431
USR_01248,13.72,32.8,6.4,0.841,0.444,5,0.726,0.784,0.614,0.635,0.477
USR_01249,14.18,56.2,10.8,0.883,0.316,4,0.611,0.461,0.569,0.871,0.546
USR_01250,30.65,112.2,3.3,0.99,0.702,2,0.952,0.193,0.868,0.329,0.471
USR_01251,18.65,79.6,5.3,0.746,0.45,2,0.804,0.188,0.402,0.25,0.938
USR_01252,2.92,32.3,4.8,0.454,0.126,1,0.363,0.836,0.05,0.682,0.319
USR_01253,6.94,17.2,4.9,0.376,0.283,2,0.273,0.7,0.315,0.684,0.262
USR_01254,3.1,29.9,6.0,0.541,0.39,2,0.145,0.99,0.169,0.572,0.313
USR_01255,33.69,93.0,4.7,0.887,0.498,2,0.967,0.166,0.686,0.273,0.99
USR_01256,32.37,78.5,7.6,0.835,0.221,2,0.84,0.141,0.445,0.088,0.934
USR_01257,23.48,41.9,5.3,0.907,0.279,2,0.439,0.284,0.872,0.727,0.449
USR_01258,23.84,113.7,5.3,0.875,0.762,3,0.642,0.299,0.99,0.608,0.805
USR_01259,16.02,64.0,7.5,0.926,0.349,3,0.402,0.442,0.647,0.924,0.413
USR_01260,5.02,16.2,5.8,0.559,0.459,1,0.08,0.926,0.08,0.65,0.358
USR_01261,26.79,90.0,5.6,0.841,0.709,3,0.585,0.288,0.936,0.553,0.677
USR_01262,6.94,21.1,3.9,0.572,0.372,1,0.27,0.943,0.105,0.649,0.228
USR_01263,14.65,33.8,7.4,0.72,0.346,4,0.726,0.72,0.39,0.657,0.444
USR_01264,15.2,61.4,7.9,0.68,0.37,4,0.717,0.661,0.488,0.683,0.25
USR_01265,26.48,106.1,3.5,0.862,0.525,3,0.885,0.113,0.755,0.38,0.64
USR_01266,27.92,92.8,4.3,0.959,0.795,2,0.716,0.212,0.686,0.418,0.582
USR_01267,6.66,29.5,3.9,0.632,0.143,2,0.065,0.699,0.276,0.678,0.346
USR_01268,8.19,26.0,7.3,0.487,0.415,1,0.289,0.809,0.343,0.725,0.179
USR_01269,7.38,26.0,3.6,0.456,0.299,3,0.367,0.964,0.216,0.671,0.15
USR_01270,6.33,23.0,5.4,0.595,0.334,2,0.05,0.71,0.219,0.617,0.234
USR_01271,22.44,72.2,3.1,0.95,0.564,2,0.887,0.13,0.663,0.301,0.99
USR_01272,14.51,60.2,6.3,0.639,0.797,5,0.676,0.937,0.755,0.687,0.66
USR_01273,15.74,47.9,7.1,0.917,0.444,3,0.792,0.05,0.807,0.362,0.845
USR_01274,22.06,91.3,4.0,0.757,0.625,2,0.748,0.05,0.389,0.328,0.902
USR_01275,15.56,61.2,9.0,0.63,0.442,4,0.71,0.79,0.598,0.663,0.524
USR_01276,30.11,52.7,1.6,0.843,0.801,2,0.822,0.282,0.903,0.53,0.778
USR_01277,17.94,55.3,6.3,0.909,0.382,4,0.345,0.568,0.439,0.99,0.204
USR_01278,33.94,91.6,4.6,0.913,0.81,2,0.813,0.372,0.712,0.46,0.753
USR_01279,28.75,73.0,5.6,0.813,0.724,2,0.945,0.233,0.831,0.494,0.653
USR_01280,25.12,46.4,8.7,0.588,0.376,5,0.771,0.78,0.797,0.567,0.557
USR_01281,20.64,44.6,8.7,0.668,0.752,4,0.626,0.906,0.521,0.858,0.612
USR_01282,31.9,74.0,5.6,0.701,0.319,2,0.937,0.279,0.613,0.323,0.976
USR_01283,16.53,118.0,3.3,0.814,0.611,4,0.734,0.05,0.695,0.51,0.555
USR_01284,5.69,17.2,1.0,0.559,0.331,2,0.334,0.924,0.351,0.663,0.2
USR_01285,25.12,47.9,4.3,0.99,0.341,2,0.905,0.134,0.797,0.16,0.898
USR_01286,30.64,55.0,4.3,0.869,0.345,3,0.933,0.213,0.756,0.191,0.915
USR_01287,19.86,50.8,7.8,0.979,0.23,2,0.389,0.383,0.526,0.785,0.401
USR_01288,8.99,15.3,4.0,0.374,0.444,2,0.07,0.914,0.32,0.745,0.294
USR_01289,24.64,53.7,8.9,0.646,0.345,5,0.476,0.44,0.788,0.629,0.499
USR_01290,15.53,36.1,7.9,0.892,0.353,3,0.461,0.348,0.437,0.928,0.215
USR_01291,11.94,48.4,7.6,0.776,0.565,4,0.797,0.692,0.699,0.697,0.34
USR_01292,15.21,58.8,5.3,0.99,0.233,3,0.334,0.221,0.458,0.889,0.31
USR_01293,13.87,41.4,11.4,0.67,0.278,4,0.489,0.578,0.564,0.717,0.828
USR_01294,21.61,64.5,6.2,0.99,0.488,2,0.759,0.326,0.9,0.31,0.98
USR_01295,33.14,115.7,5.7,0.926,0.784,2,0.828,0.366,0.99,0.408,0.804
USR_01296,6.15,92.0,1.0,0.852,0.739,3,0.482,0.413,0.931,0.243,0.487
USR_01297,15.82,43.6,5.7,0.981,0.201,2,0.072,0.271,0.504,0.891,0.094
USR_01298,30.61,84.5,4.5,0.888,0.819,2,0.567,0.261,0.878,0.427,0.73
USR_01299,16.12,37.1,3.3,0.873,0.178,3,0.319,0.263,0.157,0.99,0.05
USR_01300,18.62,104.9,3.9,0.853,0.95,2,0.6,0.312,0.99,0.369,0.756
USR_01301,1.86,30.4,4.1,0.574,0.353,3,0.37,0.775,0.239,0.831,0.206
USR_01302,28.37,119.2,3.5,0.718,0.69,2,0.901,0.255,0.905,0.261,0.644
USR_01303,25.13,103.1,4.5,0.791,0.514,2,0.832,0.431,0.99,0.486,0.687
USR_01304,7.76,17.1,2.9,0.591,0.458,1,0.329,0.75,0.288,0.718,0.218
USR_01305,8.02,26.5,2.0,0.787,0.287,1,0.242,0.845,0.379,0.836,0.139
USR_01306,14.85,65.4,4.6,0.866,0.395,2,0.465,0.464,0.66,0.919,0.297
USR_01307,19.6,38.6,5.3,0.895,0.517,3,0.678,0.232,0.398,0.19,0.971
USR_01308,24.38,93.3,4.3,0.809,0.76,3,0.652,0.211,0.883,0.616,0.84
USR_01309,27.57,92.0,5.5,0.923,0.572,2,0.706,0.243,0.81,0.186,0.953
USR_01310,5.38,33.7,4.3,0.649,0.342,2,0.199,0.857,0.221,0.736,0.105
USR_01311,26.81,93.7,4.6,0.99,0.647,3,0.834,0.368,0.655,0.232,0.99
USR_01312,7.85,30.4,6.6,0.418,0.387,1,0.325,0.855,0.189,0.731,0.151
USR_01313,15.72,42.4,9.1,0.829,0.545,5,0.739,0.675,0.411,0.587,0.643
USR_01314,28.71,87.9,4.5,0.909,0.617,2,0.698,0.382,0.68,0.515,0.727
USR_01315,14.86,116.8,2.2,0.99,0.687,4,0.747,0.314,0.966,0.428,0.688
USR_01316,24.31,82.4,3.5,0.908,0.72,2,0.734,0.197,0.754,0.166,0.823
USR_01317,23.18,33.1,7.5,0.617,0.239,5,0.784,0.855,0.598,0.626,0.552
USR_01318,9.11,36.0,5.1,0.605,0.255,1,0.151,0.831,0.354,0.656,0.284
USR_01319,39.07,87.2,4.7,0.921,0.801,2,0.986,0.405,0.601,0.38,0.9
USR_01320,26.19,66.5,7.0,0.811,0.279,3,0.425,0.616,0.483,0.876,0.548
USR_01321,25.11,76.1,5.6,0.737,0.818,3,0.917,0.183,0.843,0.436,0.851
USR_01322,11.0,140.8,2.8,0.745,0.842,3,0.99,0.362,0.883,0.385,0.771
USR_01323,15.37,64.8,6.6,0.746,0.502,4,0.745,0.697,0.438,0.822,0.436
USR_01324,22.68,73.8,3.1,0.969,0.829,2,0.988,0.277,0.953,0.371,0.877
USR_01325,31.03,78.7,6.0,0.85,0.829,3,0.868,0.302,0.677,0.476,0.635
USR_01326,21.2,58.8,3.0,0.921,0.726,4,0.719,0.345,0.82,0.169,0.724
USR_01327,20.32,48.0,6.0,0.955,0.428,3,0.334,0.54,0.576,0.928,0.309
USR_01328,28.22,74.8,7.8,0.888,0.526,3,0.878,0.312,0.542,0.443,0.912
USR_01329,8.71,36.9,5.0,0.613,0.271,3,0.171,0.899,0.137,0.801,0.315
USR_01330,6.89,33.8,2.3,0.748,0.454,1,0.298,0.882,0.223,0.818,0.412
USR_01331,19.35,46.6,6.7,0.836,0.452,3,0.452,0.457,0.802,0.923,0.54
USR_01332,23.32,57.6,7.1,0.804,0.579,3,0.862,0.415,0.606,0.484,0.929
USR_01333,1.79,23.6,4.4,0.782,0.347,1,0.33,0.809,0.101,0.543,0.05
USR_01334,27.28,96.3,2.7,0.963,0.847,2,0.934,0.481,0.795,0.633,0.719
USR_01335,30.61,75.9,5.7,0.882,0.4,2,0.742,0.115,0.697,0.258,0.971
USR_01336,28.05,116.7,2.6,0.918,0.706,2,0.82,0.207,0.731,0.553,0.562
USR_01337,8.52,18.2,5.9,0.538,0.559,2,0.258,0.724,0.291,0.615,0.186
USR_01338,7.06,23.8,3.8,0.618,0.431,1,0.311,0.99,0.05,0.606,0.202
USR_01339,19.49,95.6,3.7,0.964,0.667,3,0.612,0.134,0.739,0.384,0.713
USR_01340,11.31,13.6,5.3,0.625,0.279,2,0.289,0.87,0.238,0.682,0.281
USR_01341,23.38,67.3,9.1,0.865,0.464,5,0.459,0.545,0.702,0.766,0.655
USR_01342,33.06,60.3,4.7,0.913,0.778,2,0.856,0.143,0.832,0.415,0.693
USR_01343,22.38,45.9,5.8,0.836,0.342,2,0.446,0.383,0.319,0.843,0.292
USR_01344,26.18,89.6,4.4,0.979,0.95,2,0.825,0.05,0.751,0.352,0.802
USR_01345,16.14,62.2,5.3,0.937,0.372,4,0.371,0.349,0.714,0.988,0.326
USR_01346,25.59,67.8,5.4,0.883,0.526,3,0.825,0.3,0.673,0.126,0.988
USR_01347,15.75,53.0,3.5,0.875,0.261,2,0.624,0.437,0.492,0.874,0.311
USR_01348,27.19,119.2,4.2,0.793,0.95,3,0.801,0.27,0.972,0.113,0.535
USR_01349,8.11,18.3,4.8,0.581,0.258,1,0.251,0.841,0.225,0.678,0.157
USR_01350,13.7,47.3,7.1,0.894,0.226,3,0.282,0.361,0.645,0.796,0.442
USR_01351,33.03,88.9,6.6,0.867,0.737,4,0.735,0.49,0.757,0.152,0.436
USR_01352,28.78,94.4,6.2,0.745,0.699,2,0.99,0.313,0.791,0.474,0.827
USR_01353,6.98,26.6,4.4,0.582,0.166,1,0.05,0.843,0.076,0.686,0.212
USR_01354,24.23,83.9,5.5,0.809,0.381,3,0.988,0.132,0.538,0.294,0.828
USR_01355,16.27,67.2,5.2,0.951,0.32,3,0.546,0.354,0.587,0.901,0.394
USR_01356,10.16,20.0,3.1,0.719,0.281,2,0.132,0.879,0.248,0.422,0.45
USR_01357,22.86,51.2,7.2,0.785,0.618,5,0.885,0.698,0.771,0.796,0.753
USR_01358,21.31,50.8,5.4,0.847,0.395,3,0.32,0.329,0.21,0.99,0.457
USR_01359,6.09,30.7,1.1,0.574,0.234,2,0.143,0.882,0.303,0.86,0.297
USR_01360,7.89,22.9,5.0,0.634,0.277,2,0.05,0.783,0.201,0.716,0.097
USR_01361,4.47,32.6,4.6,0.615,0.222,1,0.05,0.839,0.235,0.608,0.168
USR_01362,16.94,29.2,9.6,0.735,0.475,5,0.625,0.726,0.78,0.555,0.578
USR_01363,16.17,42.3,7.8,0.99,0.248,3,0.453,0.355,0.514,0.892,0.453
USR_01364,32.0,80.8,5.2,0.862,0.942,3,0.754,0.263,0.886,0.319,0.574
USR_01365,23.32,62.5,7.1,0.97,0.607,3,0.982,0.05,0.311,0.391,0.915
USR_01366,16.95,64.8,6.0,0.837,0.474,3,0.347,0.545,0.538,0.904,0.363
USR_01367,7.79,26.3,5.2,0.676,0.17,1,0.404,0.951,0.282,0.623,0.175
USR_01368,24.4,71.4,6.1,0.962,0.61,3,0.874,0.094,0.719,0.463,0.89
USR_01369,20.3,67.3,3.0,0.824,0.354,3,0.479,0.214,0.429,0.823,0.272
USR_01370,20.62,73.2,5.0,0.874,0.273,2,0.785,0.05,0.748,0.292,0.88
USR_01371,30.2,74.3,6.1,0.836,0.343,3,0.956,0.193,0.601,0.476,0.912
USR_01372,17.56,64.8,4.1,0.986,0.163,2,0.524,0.258,0.783,0.943,0.257
USR_01373,21.95,67.6,6.1,0.962,0.581,2,0.819,0.304,0.498,0.403,0.923
USR_01374,21.05,83.1,3.7,0.541,0.324,3,0.879,0.144,0.457,0.461,0.969
USR_01375,15.34,38.1,7.2,0.895,0.35,2,0.887,0.226,0.592,0.29,0.933
USR_01376,18.83,63.0,7.6,0.691,0.517,4,0.728,0.47,0.584,0.582,0.627
USR_01377,11.67,81.0,7.3,0.895,0.611,2,0.841,0.29,0.772,0.418,0.912
USR_01378,6.72,19.7,4.1,0.5,0.254,1,0.449,0.789,0.2,0.768,0.267
USR_01379,7.01,34.6,4.8,0.701,0.225,3,0.305,0.785,0.307,0.439,0.32
USR_01380,22.1,68.5,3.3,0.874,0.806,3,0.532,0.297,0.737,0.627,0.532
USR_01381,21.86,55.8,7.5,0.681,0.398,4,0.699,0.628,0.538,0.797,0.405
USR_01382,13.28,72.3,5.0,0.7,0.624,2,0.875,0.072,0.775,0.345,0.98
USR_01383,27.56,48.5,6.0,0.818,0.447,3,0.835,0.104,0.527,0.361,0.852
USR_01384,18.66,75.3,7.6,0.817,0.517,3,0.515,0.354,0.576,0.976,0.411
USR_01385,28.69,78.3,7.0,0.753,0.339,3,0.876,0.309,0.715,0.32,0.964
USR_01386,27.06,62.2,4.7,0.937,0.507,2,0.169,0.334,0.69,0.781,0.285
USR_01387,16.93,72.7,6.1,0.796,0.333,2,0.357,0.288,0.435,0.836,0.191
USR_01388,19.06,45.0,8.7,0.707,0.511,4,0.578,0.583,0.687,0.736,0.602
USR_01389,23.24,71.4,5.9,0.921,0.509,2,0.99,0.23,0.579,0.592,0.902
USR_01390,7.8,21.8,5.2,0.538,0.184,3,0.218,0.876,0.081,0.426,0.306
USR_01391,13.29,44.8,12.2,0.865,0.317,5,0.526,0.67,0.549,0.696,0.471
USR_01392,21.14,56.2,9.6,0.771,0.523,5,0.869,0.735,0.849,0.728,0.427
USR_01393,24.43,97.7,5.0,0.725,0.675,3,0.905,0.312,0.918,0.432,0.859
USR_01394,38.0,78.5,6.0,0.933,0.439,3,0.864,0.386,0.668,0.391,0.834
USR_01395,15.63,28.1,7.6,0.717,0.51,4,0.621,0.472,0.756,0.343,0.566
USR_01396,23.99,54.4,5.3,0.791,0.664,3,0.892,0.341,0.968,0.327,0.616
USR_01397,17.37,50.4,5.1,0.891,0.294,3,0.321,0.109,0.5,0.99,0.495
USR_01398,8.44,23.7,4.5,0.771,0.316,2,0.363,0.99,0.059,0.552,0.05
USR_01399,30.98,65.5,5.6,0.806,0.396,3,0.795,0.19,0.438,0.181,0.902
USR_01400,5.08,26.6,2.9,0.76,0.499,2,0.334,0.925,0.308,0.918,0.164
USR_01401,23.86,107.9,6.5,0.839,0.716,3,0.855,0.247,0.904,0.548,0.714
USR_01402,14.37,67.3,4.6,0.881,0.401,3,0.431,0.397,0.364,0.953,0.271
USR_01403,9.65,35.5,2.0,0.667,0.391,1,0.2,0.891,0.089,0.616,0.31
USR_01404,4.92,29.4,2.7,0.786,0.455,2,0.34,0.73,0.285,0.551,0.433
USR_01405,12.47,35.6,6.8,0.832,0.491,4,0.614,0.848,0.615,0.695,0.542
USR_01406,17.98,64.8,5.2,0.937,0.935,2,0.683,0.334,0.695,0.593,0.803
USR_01407,1.18,25.2,1.9,0.618,0.428,1,0.295,0.99,0.233,0.422,0.295
USR_01408,32.04,74.1,3.4,0.837,0.808,2,0.629,0.176,0.746,0.507,0.588
USR_01409,16.68,44.4,11.0,0.628,0.326,5,0.842,0.455,0.755,0.473,0.763
USR_01410,7.85,26.2,6.0,0.438,0.377,2,0.302,0.803,0.151,0.647,0.25
USR_01411,21.93,49.8,9.2,0.772,0.517,4,0.827,0.504,0.516,0.624,0.546
USR_01412,11.75,46.6,4.5,0.924,0.363,3,0.411,0.477,0.251,0.931,0.49
USR_01413,13.46,130.4,4.1,0.916,0.801,2,0.943,0.309,0.764,0.354,0.75
USR_01414,17.16,49.4,6.7,0.915,0.329,2,0.509,0.433,0.453,0.988,0.331
USR_01415,16.06,43.9,5.0,0.924,0.271,3,0.45,0.387,0.431,0.99,0.543
USR_01416,10.28,66.2,12.3,0.731,0.65,5,0.744,0.639,0.566,0.691,0.743
USR_01417,10.73,57.4,8.7,0.898,0.416,5,0.622,0.684,0.567,0.491,0.729
USR_01418,25.23,57.4,3.8,0.866,0.756,3,0.657,0.383,0.962,0.486,0.83
USR_01419,23.47,39.3,7.2,0.87,0.5,5,0.549,0.593,0.522,0.702,0.701
USR_01420,9.81,38.7,9.5,0.703,0.547,4,0.502,0.551,0.443,0.578,0.389
USR_01421,19.2,51.6,5.3,0.886,0.374,3,0.335,0.403,0.598,0.934,0.14
USR_01422,24.67,41.1,6.9,0.658,0.396,5,0.796,0.684,0.47,0.716,0.652
USR_01423,20.6,40.6,10.4,0.718,0.356,4,0.698,0.469,0.698,0.605,0.683
USR_01424,5.33,33.8,3.1,0.454,0.162,2,0.214,0.873,0.323,0.862,0.175
USR_01425,30.66,105.3,3.2,0.709,0.782,2,0.844,0.422,0.692,0.251,0.749
USR_01426,9.32,63.3,5.6,0.862,0.498,5,0.785,0.572,0.525,0.651,0.513
USR_01427,12.99,49.2,4.2,0.896,0.425,3,0.367,0.459,0.441,0.933,0.41
USR_01428,7.4,20.2,3.5,0.652,0.142,3,0.088,0.551,0.248,0.715,0.395
USR_01429,10.56,15.4,4.2,0.557,0.495,2,0.05,0.729,0.159,0.628,0.313
USR_01430,4.34,33.1,5.3,0.557,0.222,2,0.268,0.885,0.05,0.471,0.206
USR_01431,27.6,83.1,3.5,0.913,0.718,4,0.77,0.326,0.931,0.333,0.692
USR_01432,25.87,53.0,8.8,0.908,0.56,3,0.937,0.253,0.556,0.376,0.99
USR_01433,23.59,28.8,6.2,0.889,0.377,2,0.463,0.224,0.354,0.98,0.198
USR_01434,17.07,52.4,5.6,0.95,0.305,3,0.387,0.468,0.621,0.971,0.284
USR_01435,31.7,88.1,4.4,0.828,0.95,2,0.81,0.211,0.523,0.568,0.814
USR_01436,19.13,68.3,4.8,0.812,0.404,2,0.341,0.336,0.479,0.847,0.286
USR_01437,21.6,38.6,8.3,0.831,0.335,4,0.715,0.438,0.858,0.453,0.524
USR_01438,19.3,39.7,9.2,0.879,0.494,5,0.529,0.583,0.812,0.735,0.508
USR_01439,20.11,104.2,4.7,0.818,0.747,4,0.734,0.052,0.961,0.334,0.99
USR_01440,3.57,29.2,5.2,0.23,0.176,2,0.205,0.798,0.269,0.632,0.18
USR_01441,13.46,52.7,5.7,0.863,0.325,4,0.514,0.372,0.484,0.841,0.544
USR_01442,20.31,61.2,7.3,0.815,0.37,4,0.663,0.739,0.594,0.883,0.554
USR_01443,9.43,24.6,5.3,0.412,0.244,1,0.353,0.971,0.32,0.751,0.292
USR_01444,25.58,84.8,4.2,0.792,0.779,3,0.909,0.337,0.802,0.332,0.939
USR_01445,19.23,142.9,5.4,0.873,0.722,3,0.75,0.207,0.91,0.433,0.808
USR_01446,22.07,56.2,8.0,0.783,0.419,2,0.826,0.078,0.716,0.281,0.851
USR_01447,29.58,85.7,4.9,0.722,0.333,2,0.828,0.219,0.658,0.31,0.884
USR_01448,29.66,80.7,5.7,0.88,0.545,3,0.932,0.05,0.663,0.05,0.975
USR_01449,28.35,70.8,4.3,0.614,0.54,3,0.949,0.436,0.84,0.221,0.85
USR_01450,16.03,55.1,7.2,0.895,0.54,2,0.886,0.249,0.76,0.159,0.93
USR_01451,21.7,55.5,8.1,0.484,0.381,4,0.647,0.378,0.843,0.605,0.375
USR_01452,30.53,90.6,2.9,0.984,0.772,3,0.611,0.268,0.767,0.607,0.851
USR_01453,22.58,59.3,5.1,0.656,0.676,2,0.623,0.127,0.59,0.311,0.821
USR_01454,28.98,78.2,4.0,0.879,0.876,4,0.783,0.357,0.822,0.095,0.822
USR_01455,20.42,53.0,8.5,0.73,0.381,5,0.811,0.527,0.592,0.568,0.588
USR_01456,27.97,61.6,5.1,0.769,0.495,3,0.99,0.221,0.489,0.264,0.99
USR_01457,21.98,42.9,7.1,0.575,0.46,5,0.231,0.709,0.654,0.672,0.299
USR_01458,18.34,75.7,5.7,0.755,0.59,3,0.743,0.433,0.522,0.298,0.982
USR_01459,30.36,75.6,7.2,0.633,0.428,2,0.798,0.173,0.577,0.366,0.875
USR_01460,18.47,68.1,3.6,0.905,0.436,3,0.399,0.178,0.717,0.917,0.435
USR_01461,22.54,81.9,6.6,0.759,0.501,2,0.799,0.453,0.641,0.452,0.906
USR_01462,32.5,35.6,7.4,0.808,0.478,5,0.712,0.568,0.777,0.737,0.61
USR_01463,19.55,141.7,2.9,0.82,0.853,2,0.896,0.336,0.861,0.529,0.665
USR_01464,8.76,20.6,3.8,0.728,0.367,2,0.258,0.99,0.148,0.711,0.204
USR_01465,22.04,68.4,5.6,0.92,0.225,3,0.14,0.614,0.56,0.873,0.127
USR_01466,23.73,67.3,5.9,0.729,0.437,3,0.759,0.115,0.647,0.387,0.953
USR_01467,14.93,95.9,7.2,0.879,0.466,3,0.813,0.177,0.9,0.326,0.893
USR_01468,6.7,35.9,2.4,0.562,0.319,2,0.21,0.982,0.169,0.592,0.123
USR_01469,21.69,45.1,3.6,0.866,0.293,3,0.365,0.336,0.448,0.878,0.085
USR_01470,24.07,89.3,3.0,0.838,0.649,3,0.74,0.178,0.676,0.399,0.607
USR_01471,3.5,32.4,2.6,0.702,0.321,2,0.183,0.902,0.262,0.587,0.05
USR_01472,15.68,79.7,3.8,0.817,0.742,2,0.795,0.188,0.762,0.456,0.678
USR_01473,11.79,52.5,4.7,0.876,0.297,3,0.33,0.423,0.301,0.901,0.261
USR_01474,17.83,72.9,8.6,0.717,0.553,2,0.922,0.176,0.585,0.332,0.984
USR_01475,21.3,61.6,6.4,0.82,0.27,2,0.37,0.548,0.517,0.852,0.236
USR_01476,16.78,45.7,5.9,0.85,0.319,2,0.245,0.716,0.671,0.948,0.456
USR_01477,24.87,106.1,4.5,0.793,0.653,3,0.662,0.302,0.973,0.549,0.516
USR_01478,30.45,115.1,5.0,0.797,0.78,4,0.959,0.168,0.731,0.465,0.843
USR_01479,8.15,36.8,4.3,0.365,0.364,2,0.22,0.903,0.219,0.425,0.254
USR_01480,21.39,76.3,2.6,0.865,0.683,3,0.896,0.331,0.789,0.398,0.825
USR_01481,21.11,98.5,3.0,0.841,0.743,3,0.812,0.202,0.789,0.681,0.597
USR_01482,8.36,29.2,4.2,0.867,0.179,2,0.18,0.872,0.321,0.651,0.266
USR_01483,8.23,65.3,6.0,0.855,0.186,3,0.208,0.205,0.472,0.99,0.395
USR_01484,25.99,126.4,3.3,0.981,0.837,2,0.669,0.294,0.679,0.543,0.534
USR_01485,25.24,50.6,7.1,0.734,0.521,4,0.773,0.504,0.534,0.838,0.872
USR_01486,11.66,47.9,5.8,0.804,0.395,2,0.557,0.117,0.423,0.84,0.178
USR_01487,1.0,26.2,2.1,0.622,0.336,2,0.265,0.759,0.154,0.638,0.433
USR_01488,6.86,29.4,3.3,0.461,0.267,2,0.377,0.851,0.389,0.591,0.305
USR_01489,17.35,67.1,8.8,0.935,0.466,2,0.238,0.453,0.626,0.803,0.222
USR_01490,22.22,28.3,7.6,0.873,0.236,2,0.344,0.443,0.64,0.8,0.254
USR_01491,25.05,85.3,5.2,0.609,0.854,4,0.67,0.3,0.948,0.344,0.836
USR_01492,17.41,75.7,3.8,0.898,0.577,2,0.801,0.337,0.536,0.268,0.961
USR_01493,25.5,66.0,3.4,0.79,0.761,3,0.788,0.27,0.84,0.448,0.614
USR_01494,26.35,88.6,5.4,0.867,0.422,3,0.681,0.05,0.431,0.057,0.99
USR_01495,20.13,22.4,7.7,0.583,0.474,5,0.526,0.7,0.356,0.739,0.497
USR_01496,5.05,23.3,5.4,0.387,0.281,3,0.378,0.93,0.103,0.563,0.294
USR_01497,5.99,19.9,1.0,0.479,0.397,1,0.083,0.769,0.19,0.906,0.303
USR_01498,21.44,80.8,4.7,0.786,0.782,2,0.882,0.487,0.874,0.545,0.879
USR_01499,7.79,20.0,3.7,0.739,0.319,1,0.295,0.85,0.287,0.703,0.323
USR_01500,10.83,29.9,2.6,0.687,0.198,1,0.282,0.918,0.331,0.606,0.244
USR_01501,20.7,47.8,7.9,0.93,0.509,4,0.374,0.348,0.429,0.896,0.439
USR_01502,5.17,17.9,5.1,0.636,0.36,3,0.247,0.872,0.219,0.711,0.087
USR_01503,15.39,75.9,3.5,0.862,0.412,2,0.62,0.35,0.639,0.398,0.948
USR_01504,32.01,93.2,4.0,0.825,0.726,3,0.774,0.174,0.837,0.34,0.87
USR_01505,7.78,13.7,3.4,0.501,0.176,2,0.15,0.669,0.22,0.66,0.194
USR_01506,23.55,31.9,9.2,0.763,0.401,5,0.784,0.679,0.807,0.734,0.56
USR_01507,6.98,36.0,4.0,0.639,0.364,3,0.353,0.957,0.267,0.597,0.249
USR_01508,7.63,38.5,2.1,0.373,0.108,2,0.148,0.778,0.329,0.64,0.182
USR_01509,31.16,58.9,4.7,0.927,0.772,2,0.99,0.274,0.646,0.288,0.647
USR_01510,27.37,103.5,4.8,0.874,0.579,2,0.935,0.492,0.792,0.05,0.694
USR_01511,24.77,54.1,6.5,0.778,0.294,4,0.473,0.641,0.59,0.662,0.334
USR_01512,29.24,69.4,3.3,0.889,0.671,4,0.772,0.298,0.783,0.334,0.681
USR_01513,23.56,82.7,5.2,0.85,0.852,3,0.824,0.319,0.761,0.538,0.544
USR_01514,23.0,69.5,4.1,0.893,0.68,2,0.884,0.316,0.767,0.535,0.556
USR_01515,3.84,16.5,4.4,0.665,0.235,3,0.05,0.719,0.274,0.549,0.265
USR_01516,4.49,27.9,5.4,0.613,0.194,3,0.17,0.785,0.255,0.902,0.11
USR_01517,3.23,42.0,3.3,0.77,0.286,2,0.346,0.737,0.273,0.739,0.177
USR_01518,19.42,50.8,6.8,0.808,0.599,2,0.767,0.065,0.721,0.311,0.644
USR_01519,8.6,27.6,4.5,0.599,0.383,2,0.219,0.743,0.428,0.867,0.05
USR_01520,24.38,67.1,7.7,0.888,0.552,2,0.836,0.251,0.345,0.214,0.835
USR_01521,5.72,30.8,2.2,0.582,0.297,2,0.255,0.75,0.092,0.95,0.263
USR_01522,18.64,89.6,7.9,0.733,0.573,2,0.824,0.16,0.598,0.203,0.897
USR_01523,29.94,40.7,6.9,0.99,0.329,2,0.846,0.257,0.512,0.39,0.99
USR_01524,24.42,51.3,9.1,0.696,0.549,4,0.718,0.76,0.95,0.583,0.484
USR_01525,23.68,73.1,4.9,0.791,0.767,2,0.797,0.208,0.835,0.43,0.846
USR_01526,22.98,52.3,7.7,0.769,0.322,5,0.786,0.64,0.608,0.872,0.489
USR_01527,3.18,27.2,4.8,0.512,0.196,2,0.156,0.76,0.325,0.73,0.276
USR_01528,19.27,45.8,5.1,0.848,0.418,2,0.753,0.431,0.533,0.483,0.935
USR_01529,5.3,19.7,3.6,0.459,0.276,3,0.41,0.964,0.312,0.738,0.159
USR_01530,29.11,84.5,3.4,0.775,0.589,3,0.545,0.443,0.822,0.49,0.79
USR_01531,31.67,92.6,4.0,0.881,0.875,3,0.834,0.129,0.659,0.42,0.953
USR_01532,15.41,100.8,4.9,0.907,0.807,3,0.99,0.133,0.755,0.47,0.564
USR_01533,26.81,85.8,6.2,0.88,0.526,2,0.698,0.207,0.66,0.05,0.851
USR_01534,3.83,29.2,3.4,0.647,0.321,1,0.226,0.763,0.277,0.664,0.334
USR_01535,24.62,77.1,6.9,0.789,0.606,3,0.809,0.247,0.824,0.443,0.888
USR_01536,16.49,68.7,6.2,0.884,0.164,4,0.393,0.47,0.519,0.784,0.161
USR_01537,25.72,100.5,4.6,0.757,0.606,3,0.91,0.16,0.688,0.234,0.509
USR_01538,20.67,42.0,6.3,0.805,0.518,3,0.305,0.091,0.673,0.978,0.188
USR_01539,23.25,71.5,7.1,0.842,0.537,3,0.849,0.05,0.375,0.204,0.942
USR_01540,17.38,97.7,4.5,0.787,0.756,2,0.689,0.295,0.715,0.364,0.73
USR_01541,9.31,66.3,5.3,0.786,0.248,4,0.287,0.338,0.441,0.925,0.134
USR_01542,4.89,27.3,5.2,0.646,0.439,1,0.268,0.788,0.235,0.51,0.181
USR_01543,24.03,111.0,4.8,0.792,0.856,3,0.725,0.132,0.939,0.351,0.553
USR_01544,12.1,107.5,4.1,0.845,0.709,3,0.808,0.198,0.8,0.466,0.887
USR_01545,15.53,64.2,6.4,0.922,0.522,3,0.286,0.145,0.824,0.893,0.321
USR_01546,30.79,71.5,4.4,0.929,0.618,4,0.83,0.176,0.819,0.439,0.99
USR_01547,20.89,50.7,8.0,0.868,0.573,3,0.794,0.264,0.762,0.328,0.934
USR_01548,20.15,52.3,8.3,0.596,0.325,4,0.642,0.422,0.639,0.609,0.817
USR_01549,37.88,66.9,2.5,0.916,0.877,2,0.753,0.402,0.691,0.564,0.636
USR_01550,25.28,97.3,3.8,0.901,0.708,4,0.742,0.315,0.99,0.542,0.678
USR_01551,18.03,47.4,6.6,0.839,0.427,4,0.466,0.341,0.461,0.964,0.215
USR_01552,25.33,57.9,9.3,0.753,0.371,4,0.58,0.438,0.685,0.691,0.734
USR_01553,10.42,22.3,2.2,0.744,0.512,2,0.18,0.801,0.231,0.476,0.203
USR_01554,14.85,67.1,5.7,0.909,0.371,4,0.265,0.334,0.642,0.945,0.296
USR_01555,30.24,118.8,5.1,0.934,0.743,2,0.877,0.151,0.829,0.353,0.99
USR_01556,8.71,40.2,4.5,0.593,0.242,2,0.372,0.99,0.191,0.639,0.248
USR_01557,5.58,17.3,2.3,0.318,0.38,2,0.199,0.99,0.385,0.83,0.408
USR_01558,16.88,49.6,8.0,0.694,0.502,4,0.666,0.658,0.799,0.848,0.394
USR_01559,30.22,98.2,4.3,0.899,0.593,4,0.797,0.355,0.917,0.337,0.736
USR_01560,30.46,66.7,7.0,0.787,0.473,3,0.777,0.268,0.587,0.459,0.967
USR_01561,12.12,45.9,7.0,0.861,0.502,4,0.56,0.706,0.502,0.634,0.751
USR_01562,21.84,86.3,4.5,0.85,0.716,3,0.675,0.184,0.759,0.367,0.816
USR_01563,14.35,64.9,5.1,0.963,0.753,3,0.709,0.203,0.791,0.294,0.99
USR_01564,10.47,25.0,3.9,0.588,0.172,1,0.202,0.811,0.165,0.926,0.252
USR_01565,5.37,32.0,3.5,0.513,0.578,1,0.102,0.728,0.251,0.687,0.163
USR_01566,9.19,19.6,4.8,0.787,0.232,1,0.149,0.809,0.12,0.8,0.251
USR_01567,3.91,36.3,3.5,0.414,0.304,1,0.441,0.652,0.104,0.604,0.215
USR_01568,8.77,61.2,6.1,0.903,0.512,2,0.368,0.126,0.629,0.898,0.354
USR_01569,3.0,25.1,3.3,0.819,0.339,2,0.277,0.99,0.179,0.44,0.32
USR_01570,17.32,93.8,2.7,0.952,0.739,3,0.801,0.378,0.834,0.388,0.901
USR_01571,28.34,92.9,4.8,0.819,0.496,3,0.764,0.343,0.73,0.447,0.729
USR_01572,22.52,54.3,7.1,0.859,0.465,3,0.879,0.292,0.557,0.273,0.887
USR_01573,8.78,26.9,3.6,0.513,0.204,2,0.202,0.99,0.144,0.587,0.16
USR_01574,28.89,105.9,5.2,0.842,0.727,3,0.819,0.365,0.821,0.569,0.442
USR_01575,29.59,66.2,5.8,0.83,0.455,3,0.832,0.22,0.617,0.358,0.892
USR_01576,2.86,33.7,6.4,0.621,0.298,2,0.287,0.99,0.208,0.872,0.115
USR_01577,33.5,76.3,3.6,0.797,0.626,2,0.798,0.237,0.685,0.585,0.644
USR_01578,18.76,116.4,2.5,0.91,0.767,4,0.746,0.341,0.941,0.221,0.593
USR_01579,19.25,60.6,3.2,0.911,0.178,2,0.263,0.591,0.695,0.896,0.356
USR_01580,18.83,73.3,7.7,0.887,0.333,2,0.879,0.13,0.719,0.246,0.841
USR_01581,19.93,53.8,7.5,0.802,0.424,5,0.685,0.498,0.701,0.675,0.438
USR_01582,6.18,27.4,2.9,0.439,0.322,1,0.318,0.823,0.05,0.673,0.198
USR_01583,25.78,85.0,5.5,0.745,0.367,2,0.722,0.386,0.598,0.226,0.986
USR_01584,14.01,47.1,5.2,0.879,0.457,3,0.407,0.753,0.384,0.751,0.371
USR_01585,15.43,55.9,5.2,0.786,0.452,3,0.314,0.37,0.615,0.9,0.283
USR_01586,30.71,108.9,6.4,0.907,0.73,2,0.838,0.092,0.904,0.353,0.358
USR_01587,27.91,68.5,5.9,0.726,0.383,3,0.794,0.187,0.623,0.352,0.99
USR_01588,3.86,18.5,4.5,0.561,0.374,2,0.24,0.864,0.097,0.682,0.213
USR_01589,5.92,32.2,3.7,0.51,0.316,3,0.089,0.953,0.05,0.716,0.283
USR_01590,25.03,71.2,4.7,0.932,0.718,2,0.812,0.14,0.99,0.575,0.798
USR_01591,24.35,22.9,5.6,0.827,0.457,3,0.816,0.07,0.588,0.32,0.984
USR_01592,22.59,49.7,7.9,0.944,0.494,2,0.38,0.498,0.324,0.99,0.41
USR_01593,31.89,52.2,10.5,0.551,0.474,5,0.582,0.7,0.545,0.548,0.579
USR_01594,29.9,80.3,7.5,0.832,0.424,3,0.856,0.17,0.683,0.439,0.844
USR_01595,15.85,125.6,4.3,0.83,0.639,3,0.581,0.252,0.889,0.598,0.614
USR_01596,6.72,28.4,6.0,0.608,0.373,2,0.206,0.812,0.243,0.582,0.306
USR_01597,11.36,55.3,4.7,0.972,0.375,3,0.192,0.259,0.611,0.868,0.258
USR_01598,4.44,10.0,6.1,0.562,0.276,1,0.05,0.929,0.086,0.662,0.183
USR_01599,7.37,20.6,6.0,0.405,0.373,2,0.129,0.804,0.151,0.745,0.105
USR_01600,25.47,64.8,8.9,0.961,0.325,2,0.777,0.154,0.672,0.29,0.99
USR_01601,8.0,25.6,5.9,0.442,0.092,2,0.301,0.819,0.264,0.805,0.131
USR_01602,15.72,42.2,7.1,0.878,0.556,5,0.705,0.907,0.507,0.709,0.562
USR_01603,28.96,100.2,3.8,0.813,0.737,2,0.921,0.261,0.937,0.107,0.751
USR_01604,14.84,58.2,7.0,0.822,0.347,3,0.518,0.219,0.398,0.97,0.454
USR_01605,24.39,80.8,3.5,0.941,0.862,3,0.894,0.259,0.841,0.284,0.653
USR_01606,14.96,94.4,5.3,0.869,0.729,2,0.624,0.382,0.99,0.501,0.394
USR_01607,25.64,57.6,9.4,0.99,0.484,2,0.827,0.435,0.725,0.324,0.861
USR_01608,27.85,116.4,4.6,0.877,0.729,3,0.623,0.235,0.758,0.351,0.363
USR_01609,15.9,42.7,9.4,0.976,0.386,3,0.098,0.057,0.324,0.95,0.388
USR_01610,5.6,26.9,3.5,0.81,0.252,1,0.123,0.855,0.23,0.95,0.278
USR_01611,25.2,75.5,5.8,0.852,0.523,4,0.882,0.257,0.716,0.389,0.775
USR_01612,24.24,108.8,4.5,0.819,0.725,4,0.707,0.376,0.709,0.397,0.711
USR_01613,7.01,26.6,4.7,0.635,0.284,1,0.292,0.931,0.126,0.636,0.163
USR_01614,21.89,77.4,5.6,0.877,0.65,3,0.897,0.15,0.593,0.311,0.911
USR_01615,7.21,17.9,2.2,0.623,0.548,1,0.329,0.81,0.201,0.531,0.245
USR_01616,21.15,37.7,7.2,0.634,0.245,5,0.682,0.454,0.602,0.927,0.66
USR_01617,33.89,120.7,4.7,0.854,0.756,3,0.817,0.284,0.721,0.329,0.649
USR_01618,25.54,75.8,5.2,0.768,0.369,2,0.924,0.153,0.79,0.246,0.872
USR_01619,17.85,61.7,4.1,0.88,0.424,3,0.473,0.361,0.428,0.91,0.286
USR_01620,23.15,88.1,6.0,0.871,0.328,2,0.748,0.15,0.729,0.322,0.79
USR_01621,23.39,110.9,4.6,0.853,0.667,3,0.714,0.184,0.99,0.291,0.841
USR_01622,36.45,151.9,4.2,0.885,0.75,3,0.749,0.392,0.652,0.375,0.563
USR_01623,20.74,43.0,4.3,0.948,0.434,3,0.319,0.237,0.746,0.99,0.224
USR_01624,30.17,95.2,4.4,0.815,0.272,2,0.976,0.423,0.589,0.238,0.99
USR_01625,41.57,117.8,4.0,0.825,0.827,2,0.578,0.198,0.926,0.559,0.899
USR_01626,33.11,103.7,1.9,0.8,0.483,2,0.735,0.313,0.924,0.433,0.896
USR_01627,25.75,81.1,7.2,0.928,0.502,2,0.99,0.337,0.606,0.333,0.923
USR_01628,22.46,67.9,3.2,0.701,0.545,3,0.941,0.203,0.656,0.371,0.99
USR_01629,29.18,81.7,4.5,0.838,0.753,3,0.494,0.144,0.706,0.506,0.77
USR_01630,22.83,62.5,4.0,0.807,0.301,2,0.909,0.275,0.621,0.234,0.884
USR_01631,4.61,24.9,1.3,0.744,0.207,1,0.112,0.717,0.177,0.587,0.238
USR_01632,17.19,118.9,1.7,0.903,0.81,2,0.982,0.445,0.936,0.547,0.679
USR_01633,26.48,123.0,5.2,0.878,0.764,2,0.99,0.397,0.749,0.248,0.696
USR_01634,27.71,54.8,7.9,0.724,0.354,5,0.716,0.639,0.541,0.847,0.334
USR_01635,21.96,46.9,5.8,0.774,0.371,4,0.824,0.773,0.573,0.598,0.426
USR_01636,23.48,44.7,9.3,0.724,0.626,5,0.666,0.511,0.714,0.532,0.658
USR_01637,5.04,21.3,2.6,0.646,0.309,1,0.505,0.876,0.207,0.95,0.238
USR_01638,23.36,54.3,3.3,0.859,0.646,3,0.73,0.44,0.636,0.307,0.938
USR_01639,16.65,42.0,7.1,0.789,0.321,5,0.761,0.591,0.738,0.67,0.708
USR_01640,36.59,85.3,8.6,0.847,0.327,3,0.905,0.261,0.896,0.235,0.811
USR_01641,20.54,108.9,4.0,0.769,0.784,3,0.608,0.483,0.564,0.354,0.667
USR_01642,29.13,56.8,7.0,0.717,0.612,4,0.718,0.642,0.683,0.868,0.547
USR_01643,15.66,41.1,6.4,0.933,0.518,3,0.356,0.594,0.627,0.844,0.149
USR_01644,15.29,64.4,2.2,0.88,0.171,3,0.498,0.284,0.793,0.99,0.418
USR_01645,14.38,84.1,7.0,0.76,0.427,2,0.982,0.298,0.266,0.336,0.973
USR_01646,4.18,28.2,6.0,0.626,0.457,2,0.318,0.804,0.296,0.727,0.286
USR_01647,18.13,63.0,6.2,0.716,0.286,5,0.581,0.484,0.425,0.898,0.823
USR_01648,21.77,68.0,4.5,0.832,0.95,4,0.861,0.148,0.612,0.584,0.649
USR_01649,24.83,55.8,5.2,0.856,0.587,5,0.578,0.691,0.507,0.892,0.627
USR_01650,28.21,76.0,6.7,0.896,0.297,3,0.9,0.259,0.882,0.388,0.901
USR_01651,34.56,80.6,4.1,0.848,0.293,2,0.907,0.05,0.614,0.258,0.899
USR_01652,21.78,57.0,9.0,0.617,0.384,5,0.477,0.536,0.573,0.796,0.573
USR_01653,4.34,25.9,1.0,0.502,0.306,1,0.317,0.898,0.05,0.639,0.204
USR_01654,9.02,21.3,3.7,0.612,0.325,2,0.216,0.983,0.245,0.877,0.321
USR_01655,20.96,52.0,8.0,0.548,0.533,5,0.635,0.739,0.286,0.622,0.7
USR_01656,23.06,63.0,6.0,0.89,0.421,3,0.629,0.417,0.692,0.882,0.156
USR_01657,23.31,83.8,7.5,0.786,0.429,3,0.708,0.236,0.694,0.202,0.921
USR_01658,12.04,45.4,4.5,0.74,0.253,3,0.25,0.227,0.481,0.965,0.412
USR_01659,12.23,52.3,9.9,0.64,0.536,4,0.567,0.566,0.435,0.636,0.67
USR_01660,21.51,48.8,1.9,0.885,0.223,4,0.251,0.344,0.778,0.967,0.415
USR_01661,18.28,99.0,6.1,0.777,0.351,2,0.766,0.226,0.66,0.224,0.922
USR_01662,23.08,51.3,6.3,0.797,0.558,2,0.359,0.533,0.755,0.884,0.144
USR_01663,19.99,69.2,10.8,0.795,0.36,5,0.598,0.551,0.842,0.742,0.419
USR_01664,23.07,56.3,6.9,0.906,0.468,3,0.739,0.269,0.632,0.256,0.976
USR_01665,9.18,25.4,5.3,0.368,0.434,1,0.152,0.903,0.16,0.739,0.085
USR_01666,24.71,117.9,4.7,0.91,0.843,2,0.827,0.367,0.791,0.373,0.878
USR_01667,23.6,57.3,4.3,0.866,0.492,2,0.904,0.169,0.724,0.394,0.99
USR_01668,20.79,58.8,6.7,0.838,0.532,3,0.905,0.316,0.547,0.427,0.799
USR_01669,23.74,56.2,4.2,0.979,0.299,3,0.303,0.287,0.498,0.968,0.479
USR_01670,24.63,44.3,9.3,0.718,0.444,5,0.508,0.489,0.637,0.627,0.65
USR_01671,32.23,70.2,5.7,0.99,0.734,3,0.659,0.379,0.818,0.374,0.718
USR_01672,17.41,49.5,6.0,0.96,0.41,3,0.089,0.533,0.723,0.936,0.252
USR_01673,26.66,96.5,6.1,0.812,0.589,2,0.641,0.161,0.816,0.306,0.575
USR_01674,45.81,136.6,4.5,0.985,0.825,3,0.808,0.238,0.829,0.617,0.722
USR_01675,22.57,56.4,3.9,0.827,0.893,4,0.726,0.363,0.736,0.142,0.781
USR_01676,8.34,31.7,2.2,0.65,0.419,2,0.136,0.837,0.203,0.554,0.358
USR_01677,21.01,40.9,3.7,0.893,0.379,2,0.51,0.256,0.447,0.823,0.23
USR_01678,18.34,113.2,4.4,0.831,0.618,3,0.483,0.147,0.694,0.444,0.669
USR_01679,7.11,26.8,6.0,0.8,0.53,2,0.127,0.942,0.327,0.718,0.343
USR_01680,22.76,79.0,4.0,0.829,0.801,3,0.593,0.328,0.768,0.324,0.816
USR_01681,25.01,63.3,6.6,0.779,0.357,3,0.272,0.225,0.455,0.91,0.312
USR_01682,10.24,45.1,5.3,0.949,0.267,3,0.318,0.525,0.31,0.99,0.26
USR_01683,18.5,72.8,2.8,0.952,0.77,4,0.65,0.164,0.786,0.334,0.628
USR_01684,27.55,95.4,3.3,0.907,0.569,3,0.663,0.337,0.982,0.341,0.802
USR_01685,3.45,16.0,4.9,0.664,0.205,2,0.366,0.707,0.455,0.642,0.3
USR_01686,7.39,27.7,6.2,0.364,0.248,2,0.327,0.893,0.119,0.854,0.253
USR_01687,24.57,88.4,7.8,0.845,0.469,3,0.955,0.156,0.589,0.168,0.99
USR_01688,2.14,23.8,3.2,0.555,0.256,2,0.121,0.799,0.103,0.692,0.128
USR_01689,13.2,38.4,11.6,0.677,0.571,4,0.691,0.657,0.746,0.879,0.363
USR_01690,26.9,74.2,6.2,0.8,0.392,2,0.805,0.204,0.723,0.44,0.855
USR_01691,15.64,56.5,9.0,0.707,0.267,4,0.667,0.95,0.641,0.86,0.557
USR_01692,23.58,96.3,3.5,0.844,0.746,3,0.77,0.203,0.913,0.3,0.611
USR_01693,7.3,24.8,3.8,0.721,0.272,1,0.412,0.773,0.271,0.662,0.273
USR_01694,20.92,112.7,5.1,0.774,0.72,3,0.687,0.421,0.985,0.306,0.531
USR_01695,6.94,31.7,3.9,0.638,0.258,1,0.05,0.987,0.268,0.793,0.113
USR_01696,16.34,43.5,5.5,0.887,0.56,2,0.305,0.259,0.622,0.99,0.147
USR_01697,5.61,19.7,3.7,0.585,0.491,1,0.204,0.735,0.266,0.753,0.308
USR_01698,18.53,58.0,5.7,0.877,0.211,3,0.246,0.335,0.558,0.974,0.055
USR_01699,7.69,20.9,4.4,0.62,0.336,3,0.05,0.623,0.275,0.729,0.191
USR_01700,31.21,99.1,5.6,0.898,0.78,4,0.898,0.217,0.848,0.326,0.791
USR_01701,7.99,31.1,4.6,0.354,0.203,1,0.3,0.861,0.34,0.889,0.407
USR_01702,20.46,84.1,7.7,0.815,0.48,3,0.92,0.319,0.537,0.438,0.807
USR_01703,16.43,59.6,5.3,0.884,0.348,2,0.465,0.484,0.487,0.791,0.217
USR_01704,17.9,50.6,7.4,0.926,0.425,2,0.394,0.584,0.477,0.862,0.384
USR_01705,19.52,43.2,4.6,0.809,0.509,3,0.368,0.439,0.775,0.855,0.416
USR_01706,27.06,111.9,4.9,0.844,0.709,3,0.901,0.18,0.744,0.437,0.616
USR_01707,13.44,51.8,8.5,0.907,0.433,5,0.631,0.535,0.652,0.424,0.388
USR_01708,9.26,22.9,4.1,0.704,0.306,2,0.368,0.801,0.146,0.589,0.254
USR_01709,28.09,77.0,3.9,0.935,0.79,3,0.99,0.404,0.981,0.556,0.706
USR_01710,28.37,83.3,5.8,0.799,0.688,2,0.862,0.191,0.406,0.423,0.905
USR_01711,25.35,48.8,7.8,0.632,0.442,5,0.471,0.79,0.724,0.808,0.851
USR_01712,17.83,39.8,9.2,0.752,0.259,4,0.678,0.792,0.552,0.579,0.439
USR_01713,24.15,50.0,6.9,0.916,0.353,3,0.388,0.23,0.547,0.938,0.479
USR_01714,21.36,57.1,5.3,0.796,0.292,3,0.323,0.335,0.547,0.827,0.297
USR_01715,5.51,20.9,4.1,0.565,0.403,2,0.077,0.975,0.379,0.375,0.234
USR_01716,19.57,46.1,6.0,0.737,0.463,3,0.943,0.242,0.783,0.421,0.99
USR_01717,6.61,10.0,3.1,0.692,0.427,1,0.162,0.894,0.344,0.48,0.222
USR_01718,10.79,10.6,2.9,0.698,0.473,3,0.212,0.844,0.328,0.95,0.389
USR_01719,9.92,25.6,2.7,0.4,0.244,2,0.203,0.811,0.215,0.764,0.324
USR_01720,15.35,56.1,4.3,0.808,0.487,3,0.99,0.221,0.674,0.514,0.878
USR_01721,19.64,85.6,7.5,0.761,0.51,2,0.652,0.067,0.604,0.331,0.983
USR_01722,24.13,133.2,4.4,0.795,0.764,3,0.714,0.578,0.951,0.449,0.808
USR_01723,16.76,102.7,4.1,0.845,0.855,3,0.697,0.406,0.856,0.505,0.675
USR_01724,24.5,45.4,11.0,0.614,0.28,4,0.607,0.596,0.628,0.703,0.776
USR_01725,24.21,59.7,9.6,0.573,0.281,5,0.617,0.523,0.789,0.519,0.587
USR_01726,8.22,28.5,4.1,0.604,0.313,2,0.204,0.876,0.294,0.776,0.175
USR_01727,17.65,49.6,5.6,0.943,0.257,3,0.297,0.588,0.498,0.937,0.325
USR_01728,18.52,87.8,6.2,0.834,0.458,2,0.804,0.128,0.543,0.233,0.969
USR_01729,21.68,121.0,5.1,0.937,0.765,2,0.68,0.192,0.586,0.463,0.739
USR_01730,7.12,38.3,3.2,0.573,0.248,1,0.368,0.965,0.247,0.665,0.222
USR_01731,7.41,24.6,3.8,0.723,0.319,1,0.467,0.798,0.286,0.712,0.385
USR_01732,18.85,44.3,6.9,0.903,0.275,3,0.395,0.5,0.583,0.877,0.397
USR_01733,25.46,127.2,3.4,0.733,0.802,3,0.822,0.455,0.652,0.372,0.99
USR_01734,27.9,98.1,4.9,0.956,0.718,2,0.731,0.086,0.865,0.443,0.681
USR_01735,9.26,28.4,7.5,0.552,0.442,3,0.076,0.9,0.345,0.741,0.223
USR_01736,16.04,48.4,6.8,0.906,0.334,3,0.544,0.43,0.472,0.889,0.494
USR_01737,3.65,25.3,3.0,0.412,0.324,1,0.141,0.915,0.175,0.771,0.147
USR_01738,27.72,67.8,8.8,0.657,0.719,4,0.891,0.512,0.65,0.732,0.758
USR_01739,19.24,108.0,6.2,0.826,0.547,2,0.824,0.578,0.835,0.471,0.561
USR_01740,24.46,62.7,5.6,0.99,0.653,3,0.896,0.26,0.731,0.536,0.859
USR_01741,21.41,74.5,9.3,0.958,0.427,2,0.887,0.265,0.719,0.429,0.859
USR_01742,21.09,40.1,4.1,0.887,0.269,3,0.32,0.267,0.788,0.974,0.249
USR_01743,15.68,70.9,4.1,0.914,0.335,4,0.386,0.38,0.51,0.989,0.323
USR_01744,15.07,63.2,4.9,0.903,0.428,3,0.05,0.532,0.606,0.943,0.175
USR_01745,23.85,86.2,8.4,0.694,0.618,2,0.929,0.192,0.591,0.444,0.965
USR_01746,19.77,57.3,6.1,0.885,0.545,3,0.198,0.405,0.386,0.99,0.05
USR_01747,23.27,74.2,3.8,0.85,0.836,2,0.805,0.482,0.93,0.658,0.631
USR_01748,5.23,27.3,1.5,0.517,0.762,2,0.065,0.942,0.194,0.705,0.313
USR_01749,18.96,73.3,6.9,0.766,0.521,3,0.889,0.252,0.584,0.154,0.899
USR_01750,24.13,81.1,3.1,0.773,0.784,3,0.9,0.34,0.837,0.465,0.874
USR_01751,32.08,106.8,3.0,0.943,0.822,2,0.749,0.299,0.828,0.344,0.827
USR_01752,22.81,58.7,3.7,0.917,0.302,4,0.287,0.427,0.892,0.867,0.112
USR_01753,25.5,110.4,3.6,0.956,0.937,3,0.775,0.411,0.938,0.41,0.966
USR_01754,33.38,105.6,7.2,0.95,0.754,3,0.95,0.405,0.825,0.311,0.606
USR_01755,23.49,41.5,4.2,0.784,0.448,4,0.468,0.732,0.707,0.684,0.538
USR_01756,7.35,35.5,1.9,0.561,0.352,1,0.251,0.99,0.321,0.735,0.063
USR_01757,12.78,81.3,7.6,0.83,0.461,3,0.849,0.315,0.644,0.372,0.791
USR_01758,8.63,16.8,4.4,0.733,0.255,1,0.35,0.791,0.223,0.643,0.195
USR_01759,21.68,66.0,5.8,0.854,0.232,2,0.448,0.055,0.759,0.902,0.228
USR_01760,20.02,54.1,5.3,0.891,0.461,3,0.312,0.375,0.439,0.983,0.453
USR_01761,15.6,57.3,3.8,0.943,0.307,3,0.562,0.243,0.57,0.947,0.388
USR_01762,21.3,45.5,7.1,0.697,0.5,5,0.57,0.772,0.55,0.485,0.549
USR_01763,21.14,71.5,5.9,0.758,0.477,2,0.84,0.099,0.41,0.066,0.926
USR_01764,21.63,26.4,10.5,0.623,0.342,5,0.477,0.468,0.515,0.857,0.376
USR_01765,19.8,54.8,4.1,0.811,0.395,3,0.806,0.363,0.718,0.288,0.911
USR_01766,27.24,98.7,6.8,0.924,0.884,3,0.815,0.291,0.807,0.515,0.792
USR_01767,16.38,67.7,5.0,0.805,0.373,2,0.903,0.208,0.709,0.144,0.89
USR_01768,9.44,25.3,3.9,0.519,0.18,1,0.414,0.951,0.162,0.56,0.216
USR_01769,11.06,18.0,3.7,0.617,0.217,3,0.328,0.736,0.088,0.636,0.069
USR_01770,19.53,41.9,5.1,0.783,0.377,5,0.57,0.414,0.817,0.645,0.511
USR_01771,32.77,122.0,5.9,0.875,0.694,3,0.868,0.254,0.718,0.5,0.84
USR_01772,8.84,70.4,4.6,0.901,0.708,3,0.945,0.194,0.751,0.552,0.719
USR_01773,20.85,61.2,6.8,0.884,0.396,2,0.958,0.228,0.539,0.193,0.99
USR_01774,8.16,31.3,3.9,0.611,0.319,1,0.172,0.915,0.253,0.704,0.273
USR_01775,19.29,46.1,6.1,0.989,0.328,4,0.48,0.412,0.562,0.956,0.292
USR_01776,14.38,54.3,9.7,0.697,0.458,4,0.838,0.469,0.699,0.695,0.183
USR_01777,16.88,38.0,5.6,0.793,0.316,3,0.479,0.252,0.386,0.969,0.275
USR_01778,20.68,59.0,5.8,0.827,0.39,2,0.233,0.274,0.457,0.837,0.213
USR_01779,31.99,76.8,4.3,0.862,0.75,4,0.89,0.263,0.93,0.05,0.751
USR_01780,29.91,132.7,5.6,0.725,0.7,2,0.586,0.236,0.735,0.371,0.854
USR_01781,16.65,52.7,5.4,0.928,0.439,4,0.399,0.35,0.512,0.838,0.372
USR_01782,21.62,109.4,5.7,0.781,0.759,2,0.772,0.05,0.81,0.58,0.543
USR_01783,18.4,38.0,7.7,0.812,0.494,3,0.315,0.499,0.624,0.938,0.368
USR_01784,14.19,62.0,13.1,0.764,0.363,5,0.902,0.576,0.612,0.596,0.762
USR_01785,21.52,46.6,5.8,0.583,0.34,4,0.828,0.608,0.802,0.642,0.882
USR_01786,7.83,24.5,2.6,0.723,0.421,3,0.304,0.879,0.339,0.55,0.195
USR_01787,14.52,52.5,5.2,0.931,0.242,2,0.469,0.518,0.753,0.942,0.142
USR_01788,30.16,87.2,5.8,0.903,0.808,3,0.616,0.288,0.75,0.28,0.577
USR_01789,10.26,44.1,6.9,0.909,0.276,4,0.115,0.333,0.535,0.807,0.1
USR_01790,14.83,61.2,7.7,0.654,0.308,4,0.665,0.605,0.55,0.52,0.711
USR_01791,17.96,90.7,8.4,0.923,0.8,3,0.875,0.321,0.755,0.557,0.72
USR_01792,16.06,78.7,7.5,0.879,0.543,3,0.99,0.33,0.686,0.137,0.978
USR_01793,19.63,67.2,5.1,0.862,0.743,4,0.891,0.111,0.765,0.52,0.568
USR_01794,30.67,89.4,7.4,0.787,0.487,3,0.974,0.191,0.438,0.286,0.884
USR_01795,14.79,46.3,11.7,0.864,0.37,5,0.671,0.587,0.699,0.669,0.791
USR_01796,6.83,19.8,1.8,0.842,0.574,2,0.121,0.822,0.183,0.736,0.12
USR_01797,25.84,100.6,3.5,0.89,0.693,3,0.778,0.268,0.865,0.266,0.673
USR_01798,31.95,107.0,6.2,0.812,0.77,2,0.831,0.341,0.887,0.582,0.818
USR_01799,21.93,56.2,7.5,0.885,0.168,5,0.557,0.492,0.675,0.695,0.702
USR_01800,5.16,20.0,2.7,0.622,0.256,1,0.448,0.853,0.373,0.799,0.171
USR_01801,26.65,76.9,5.6,0.906,0.637,3,0.826,0.071,0.719,0.265,0.806
USR_01802,20.83,57.6,7.9,0.779,0.308,5,0.469,0.63,0.685,0.879,0.519
USR_01803,25.14,66.2,5.8,0.99,0.941,3,0.916,0.232,0.864,0.62,0.66
USR_01804,24.8,129.2,3.5,0.877,0.663,3,0.793,0.406,0.836,0.289,0.829
USR_01805,6.92,33.1,4.9,0.679,0.069,1,0.249,0.892,0.05,0.632,0.162
USR_01806,18.75,52.9,5.9,0.882,0.315,2,0.903,0.411,0.543,0.222,0.902
USR_01807,5.48,30.1,4.4,0.671,0.264,3,0.415,0.775,0.125,0.935,0.151
USR_01808,26.63,64.5,2.8,0.902,0.725,2,0.709,0.403,0.99,0.198,0.476
USR_01809,20.96,64.8,11.9,0.86,0.637,2,0.856,0.117,0.516,0.56,0.99
USR_01810,3.15,25.1,3.9,0.481,0.378,2,0.05,0.871,0.189,0.673,0.157
USR_01811,7.2,28.5,6.0,0.54,0.38,2,0.466,0.932,0.254,0.621,0.249
USR_01812,8.94,10.0,3.7,0.472,0.393,1,0.415,0.761,0.174,0.851,0.215
USR_01813,21.68,33.3,5.5,0.89,0.445,5,0.594,0.718,0.548,0.694,0.699
USR_01814,22.89,54.1,5.7,0.914,0.403,4,0.323,0.382,0.491,0.758,0.393
USR_01815,16.1,38.0,8.8,0.695,0.48,4,0.525,0.758,0.497,0.946,0.285
USR_01816,3.57,36.8,5.9,0.568,0.266,2,0.177,0.99,0.05,0.583,0.098
USR_01817,8.9,25.2,1.5,0.55,0.18,1,0.34,0.99,0.203,0.644,0.229
USR_01818,8.37,59.2,5.1,0.858,0.351,2,0.152,0.385,0.737,0.801,0.363
USR_01819,7.4,33.2,6.5,0.566,0.173,1,0.094,0.911,0.05,0.508,0.169
USR_01820,22.63,81.9,7.7,0.832,0.559,2,0.711,0.19,0.484,0.31,0.829
USR_01821,24.13,33.4,6.8,0.696,0.428,5,0.701,0.534,0.453,0.95,0.523
USR_01822,20.9,59.8,7.0,0.562,0.404,5,0.669,0.536,0.468,0.712,0.524
USR_01823,20.79,34.4,7.4,0.73,0.583,5,0.728,0.557,0.617,0.718,0.406
USR_01824,24.69,88.8,6.0,0.861,0.756,3,0.641,0.355,0.948,0.285,0.699
USR_01825,25.06,84.0,4.7,0.895,0.852,2,0.954,0.462,0.766,0.379,0.651
USR_01826,15.37,70.4,3.5,0.827,0.71,3,0.726,0.29,0.876,0.145,0.658
USR_01827,28.39,78.4,3.3,0.84,0.877,3,0.64,0.06,0.704,0.63,0.962
USR_01828,4.7,53.7,5.1,0.827,0.27,4,0.265,0.275,0.425,0.88,0.426
USR_01829,21.92,90.7,7.0,0.982,0.461,3,0.774,0.202,0.636,0.141,0.824
USR_01830,8.81,26.8,4.5,0.47,0.365,1,0.351,0.808,0.231,0.795,0.3
USR_01831,6.42,24.0,4.0,0.767,0.275,1,0.106,0.874,0.208,0.723,0.26
USR_01832,11.98,59.9,4.8,0.957,0.273,3,0.346,0.076,0.845,0.87,0.05
USR_01833,14.86,43.2,4.9,0.893,0.445,2,0.94,0.321,0.735,0.127,0.99
USR_01834,28.57,55.1,5.2,0.821,0.688,3,0.829,0.198,0.947,0.352,0.739
USR_01835,7.04,13.6,4.0,0.575,0.293,3,0.23,0.732,0.298,0.531,0.222
USR_01836,10.4,33.7,4.1,0.321,0.363,2,0.294,0.933,0.115,0.579,0.131
USR_01837,25.57,49.4,10.4,0.766,0.667,4,0.603,0.466,0.615,0.708,0.365
USR_01838,23.35,59.1,5.0,0.785,0.509,2,0.832,0.393,0.804,0.193,0.99
USR_01839,25.38,70.2,7.0,0.972,0.808,2,0.683,0.425,0.751,0.193,0.776
USR_01840,33.34,96.7,4.7,0.843,0.789,3,0.72,0.266,0.667,0.568,0.907
USR_01841,22.09,54.2,3.8,0.788,0.414,3,0.792,0.156,0.514,0.383,0.907
USR_01842,12.08,45.4,5.5,0.971,0.306,3,0.286,0.287,0.531,0.861,0.188
USR_01843,10.69,19.2,3.9,0.474,0.461,2,0.19,0.95,0.261,0.423,0.277
USR_01844,21.18,60.2,7.0,0.907,0.471,4,0.4,0.394,0.431,0.888,0.136
USR_01845,16.72,40.9,8.2,0.724,0.126,4,0.648,0.681,0.942,0.635,0.471
USR_01846,16.47,55.6,4.3,0.952,0.415,2,0.34,0.386,0.445,0.883,0.275
USR_01847,24.34,123.2,5.1,0.976,0.866,3,0.674,0.457,0.983,0.283,0.921
USR_01848,13.79,53.2,6.1,0.919,0.587,2,0.219,0.633,0.579,0.773,0.633
USR_01849,21.08,54.5,5.7,0.918,0.268,3,0.355,0.199,0.559,0.99,0.388
USR_01850,18.18,86.0,3.3,0.869,0.647,3,0.7,0.415,0.99,0.557,0.885
USR_01851,6.27,16.9,4.2,0.51,0.462,1,0.17,0.871,0.146,0.685,0.125
USR_01852,12.34,51.6,5.6,0.964,0.466,3,0.397,0.399,0.52,0.944,0.333
USR_01853,6.52,31.5,6.8,0.429,0.335,2,0.223,0.91,0.216,0.904,0.27
USR_01854,5.47,30.4,4.5,0.486,0.552,1,0.574,0.73,0.218,0.592,0.188
USR_01855,30.13,86.1,3.5,0.815,0.81,3,0.705,0.279,0.812,0.289,0.691
USR_01856,21.43,52.2,7.9,0.885,0.179,5,0.568,0.802,0.711,0.602,0.588
USR_01857,5.8,21.9,3.3,0.505,0.237,1,0.128,0.945,0.097,0.596,0.148
USR_01858,15.65,81.4,5.9,0.791,0.694,3,0.835,0.455,0.631,0.336,0.75
USR_01859,21.19,103.0,6.9,0.899,0.54,2,0.771,0.254,0.509,0.415,0.969
USR_01860,28.33,108.6,3.5,0.871,0.652,3,0.841,0.219,0.653,0.55,0.67
USR_01861,28.26,73.9,5.2,0.986,0.674,4,0.694,0.511,0.822,0.201,0.683
USR_01862,24.36,49.4,5.0,0.799,0.414,5,0.728,0.651,0.795,0.453,0.581
USR_01863,25.38,71.4,6.4,0.819,0.596,4,0.857,0.327,0.979,0.486,0.748
USR_01864,29.86,121.6,4.7,0.91,0.731,2,0.953,0.325,0.737,0.23,0.679
USR_01865,33.67,106.4,4.6,0.965,0.709,4,0.904,0.184,0.716,0.218,0.663
USR_01866,26.13,99.6,3.0,0.817,0.702,3,0.742,0.327,0.975,0.466,0.672
USR_01867,8.4,12.9,3.3,0.4,0.436,3,0.18,0.814,0.39,0.541,0.201
USR_01868,15.03,91.3,6.8,0.799,0.569,3,0.99,0.182,0.549,0.33,0.969
USR_01869,20.19,90.3,5.9,0.81,0.615,2,0.981,0.179,0.58,0.285,0.943
USR_01870,22.48,96.5,4.7,0.903,0.741,3,0.803,0.299,0.761,0.524,0.812
USR_01871,25.42,46.3,10.8,0.7,0.48,4,0.451,0.778,0.576,0.521,0.509
USR_01872,3.21,22.0,3.1,0.589,0.406,2,0.21,0.686,0.171,0.573,0.122
USR_01873,5.66,28.5,5.5,0.59,0.382,2,0.231,0.889,0.137,0.436,0.269
USR_01874,15.39,75.3,6.9,0.98,0.398,2,0.838,0.277,0.457,0.396,0.99
USR_01875,23.2,72.4,5.8,0.79,0.447,2,0.741,0.284,0.653,0.203,0.99
USR_01876,25.87,83.2,6.7,0.813,0.596,2,0.817,0.478,0.485,0.133,0.924
USR_01877,30.74,83.9,8.3,0.891,0.513,2,0.865,0.216,0.675,0.395,0.837
USR_01878,18.43,49.6,8.2,0.757,0.341,4,0.612,0.461,0.556,0.648,0.546
USR_01879,16.8,83.1,6.0,0.881,0.773,4,0.809,0.228,0.656,0.421,0.719
USR_01880,20.99,136.8,2.6,0.873,0.942,2,0.781,0.381,0.752,0.726,0.474
USR_01881,7.29,28.0,5.4,0.732,0.317,1,0.391,0.861,0.228,0.829,0.136
USR_01882,17.76,60.0,6.5,0.919,0.422,4,0.383,0.157,0.575,0.779,0.39
USR_01883,13.36,50.2,11.2,0.701,0.414,5,0.685,0.68,0.543,0.854,0.518
USR_01884,18.65,103.7,5.5,0.766,0.854,3,0.768,0.235,0.849,0.531,0.646
USR_01885,30.12,51.9,5.0,0.815,0.905,4,0.855,0.402,0.953,0.433,0.585
USR_01886,9.48,25.5,4.5,0.599,0.279,1,0.186,0.711,0.13,0.652,0.117
USR_01887,23.76,49.8,8.2,0.84,0.429,4,0.45,0.388,0.578,0.772,0.242
USR_01888,6.09,34.6,2.2,0.589,0.301,2,0.182,0.851,0.395,0.635,0.226
USR_01889,16.0,36.6,5.1,0.99,0.395,4,0.292,0.246,0.443,0.891,0.354
USR_01890,32.17,73.0,4.2,0.89,0.891,3,0.641,0.206,0.783,0.623,0.574
USR_01891,11.55,31.1,6.8,0.587,0.474,1,0.42,0.938,0.198,0.632,0.097
USR_01892,5.23,19.7,3.0,0.769,0.303,3,0.171,0.761,0.121,0.611,0.123
USR_01893,21.52,62.6,4.9,0.923,0.82,3,0.749,0.358,0.684,0.419,0.827
USR_01894,22.1,45.1,8.1,0.958,0.368,2,0.494,0.259,0.605,0.794,0.32
USR_01895,15.73,46.3,4.8,0.99,0.235,4,0.398,0.282,0.661,0.968,0.143
USR_01896,28.67,88.7,5.5,0.843,0.258,2,0.98,0.34,0.595,0.358,0.926
USR_01897,12.38,61.6,6.4,0.838,0.257,3,0.348,0.687,0.552,0.734,0.134
USR_01898,20.64,72.3,5.7,0.947,0.19,3,0.896,0.206,0.523,0.356,0.933
USR_01899,17.85,55.5,6.3,0.916,0.243,3,0.432,0.336,0.313,0.98,0.443
USR_01900,22.66,68.7,6.1,0.787,0.479,2,0.714,0.27,0.607,0.411,0.99
USR_01901,3.97,18.7,6.9,0.616,0.268,1,0.237,0.855,0.322,0.71,0.331
USR_01902,16.94,73.6,4.3,0.989,0.575,2,0.888,0.352,0.44,0.298,0.966
USR_01903,25.57,84.9,5.0,0.894,0.492,3,0.869,0.352,0.539,0.345,0.961
USR_01904,21.83,54.9,8.4,0.667,0.495,4,0.669,0.423,0.456,0.846,0.767
USR_01905,16.24,50.2,10.6,0.786,0.369,4,0.83,0.703,0.689,0.732,0.765
USR_01906,8.4,34.9,4.1,0.728,0.137,3,0.084,0.949,0.386,0.728,0.355
USR_01907,5.86,16.1,3.5,0.661,0.217,2,0.216,0.917,0.074,0.61,0.067
USR_01908,2.03,27.0,5.3,0.61,0.362,2,0.266,0.99,0.199,0.631,0.091
USR_01909,32.56,95.4,4.1,0.762,0.729,3,0.861,0.388,0.519,0.586,0.788
USR_01910,19.01,56.0,5.5,0.887,0.589,4,0.12,0.675,0.351,0.854,0.214
USR_01911,19.16,52.7,5.6,0.915,0.257,3,0.194,0.77,0.624,0.752,0.111
USR_01912,10.86,65.7,6.5,0.91,0.471,3,0.214,0.427,0.541,0.99,0.117
USR_01913,35.64,84.1,5.5,0.958,0.716,2,0.949,0.082,0.866,0.396,0.715
USR_01914,26.35,89.7,5.3,0.831,0.838,3,0.644,0.085,0.743,0.495,0.792
USR_01915,21.71,52.2,4.0,0.923,0.476,3,0.822,0.135,0.482,0.159,0.913
USR_01916,26.75,37.5,4.8,0.984,0.482,3,0.866,0.171,0.37,0.224,0.896
USR_01917,4.75,15.3,2.2,0.58,0.146,1,0.074,0.743,0.272,0.836,0.164
USR_01918,18.16,49.1,8.7,0.545,0.392,5,0.679,0.384,0.535,0.797,0.404
USR_01919,12.37,35.0,5.6,0.938,0.806,3,0.696,0.354,0.755,0.086,0.886
USR_01920,8.31,28.6,5.8,0.644,0.52,2,0.282,0.971,0.136,0.726,0.309
USR_01921,14.5,60.1,10.8,0.637,0.284,4,0.504,0.684,0.662,0.626,0.491
USR_01922,20.34,60.7,6.6,0.894,0.323,3,0.861,0.228,0.9,0.28,0.702
USR_01923,21.85,44.2,8.5,0.924,0.243,3,0.376,0.535,0.633,0.935,0.224
USR_01924,8.24,20.0,2.8,0.824,0.231,3,0.206,0.754,0.358,0.653,0.149
USR_01925,10.51,66.7,10.3,0.571,0.718,5,0.433,0.608,0.697,0.821,0.545
USR_01926,23.57,60.9,9.1,0.741,0.505,4,0.604,0.596,0.658,0.734,0.568
USR_01927,7.8,28.5,3.8,0.394,0.336,2,0.255,0.941,0.241,0.492,0.053
USR_01928,13.61,52.2,7.3,0.877,0.577,3,0.546,0.351,0.539,0.99,0.373
USR_01929,20.74,28.9,12.2,0.782,0.475,5,0.501,0.69,0.567,0.637,0.5
USR_01930,30.92,91.1,4.9,0.977,0.528,3,0.83,0.166,0.99,0.521,0.775
USR_01931,26.34,93.5,5.8,0.87,0.88,2,0.854,0.341,0.749,0.296,0.671
USR_01932,36.35,99.0,4.7,0.873,0.597,3,0.606,0.201,0.781,0.327,0.533
USR_01933,14.6,58.3,9.0,0.593,0.258,4,0.624,0.494,0.421,0.381,0.486
USR_01934,14.27,53.7,6.4,0.833,0.457,3,0.271,0.531,0.631,0.954,0.458
USR_01935,27.36,121.1,2.6,0.873,0.766,3,0.874,0.436,0.725,0.506,0.878
USR_01936,32.96,84.9,3.3,0.864,0.751,4,0.651,0.371,0.777,0.312,0.825
USR_01937,29.36,55.3,4.8,0.806,0.85,4,0.607,0.377,0.826,0.485,0.551
USR_01938,21.69,53.9,7.6,0.752,0.533,5,0.76,0.615,0.649,0.623,0.379
USR_01939,24.11,72.4,4.9,0.926,0.442,2,0.899,0.113,0.847,0.402,0.99
USR_01940,17.15,61.0,6.1,0.887,0.178,3,0.303,0.243,0.314,0.918,0.413
USR_01941,17.95,44.7,6.1,0.944,0.407,3,0.888,0.286,0.599,0.191,0.948
USR_01942,9.32,26.3,8.3,0.696,0.182,3,0.05,0.809,0.187,0.717,0.321
USR_01943,36.72,61.7,5.5,0.914,0.696,2,0.99,0.08,0.558,0.352,0.909
USR_01944,22.01,75.2,4.8,0.872,0.602,2,0.912,0.17,0.511,0.324,0.99
USR_01945,25.61,118.3,5.0,0.891,0.716,4,0.84,0.428,0.792,0.6,0.707
USR_01946,5.16,21.7,4.0,0.468,0.423,1,0.144,0.763,0.289,0.768,0.14
USR_01947,15.61,124.9,4.5,0.891,0.835,2,0.657,0.251,0.906,0.332,0.729
USR_01948,32.92,70.7,5.1,0.778,0.629,3,0.704,0.108,0.756,0.153,0.649
USR_01949,14.33,43.9,7.6,0.82,0.29,4,0.828,0.53,0.757,0.871,0.594
USR_01950,8.21,20.3,5.0,0.594,0.215,1,0.323,0.99,0.249,0.725,0.085
USR_01951,24.94,33.2,5.2,0.726,0.384,4,0.528,0.611,0.833,0.794,0.843
USR_01952,21.77,37.7,9.2,0.737,0.315,5,0.853,0.594,0.438,0.701,0.497
USR_01953,19.28,56.3,8.6,0.84,0.531,4,0.553,0.59,0.902,0.573,0.614
USR_01954,22.13,48.0,5.2,0.823,0.356,4,0.565,0.696,0.631,0.594,0.72
USR_01955,19.47,53.1,8.6,0.706,0.638,3,0.903,0.196,0.538,0.081,0.845
USR_01956,13.33,46.1,7.1,0.942,0.433,2,0.352,0.325,0.546,0.99,0.271
USR_01957,6.72,18.3,1.8,0.472,0.437,3,0.308,0.764,0.327,0.544,0.229
USR_01958,22.02,77.2,3.0,0.841,0.898,3,0.719,0.204,0.696,0.736,0.748
USR_01959,30.5,91.6,6.0,0.831,0.683,4,0.782,0.301,0.736,0.599,0.748
USR_01960,35.8,115.3,2.1,0.911,0.892,2,0.758,0.386,0.882,0.348,0.585
USR_01961,10.51,99.3,3.0,0.886,0.714,2,0.658,0.331,0.789,0.204,0.99
USR_01962,8.48,28.7,3.1,0.599,0.394,2,0.286,0.876,0.22,0.83,0.251
USR_01963,4.52,24.4,4.3,0.519,0.232,2,0.294,0.742,0.253,0.87,0.145
USR_01964,23.38,27.4,9.2,0.586,0.437,5,0.644,0.497,0.631,0.683,0.46
USR_01965,24.9,100.2,5.5,0.882,0.915,3,0.661,0.152,0.913,0.368,0.571
USR_01966,4.47,30.2,3.0,0.531,0.185,2,0.138,0.862,0.226,0.803,0.309
USR_01967,8.88,38.8,6.7,0.84,0.183,2,0.275,0.198,0.712,0.863,0.259
USR_01968,3.2,26.9,3.3,0.777,0.257,1,0.432,0.894,0.169,0.566,0.11
USR_01969,17.86,59.1,6.9,0.99,0.416,2,0.709,0.31,0.623,0.322,0.842
USR_01970,20.19,41.4,10.7,0.539,0.549,4,0.536,0.632,0.526,0.744,0.548
USR_01971,23.7,67.4,8.1,0.795,0.464,2,0.882,0.273,0.593,0.05,0.976
USR_01972,13.53,45.0,5.8,0.847,0.274,2,0.28,0.504,0.51,0.99,0.397
USR_01973,27.06,51.7,5.1,0.904,0.461,3,0.706,0.353,0.63,0.327,0.967
USR_01974,18.53,105.5,8.2,0.88,0.752,4,0.773,0.234,0.842,0.417,0.593
USR_01975,5.01,35.4,6.5,0.662,0.244,1,0.092,0.842,0.079,0.633,0.291
USR_01976,28.2,49.8,6.6,0.843,0.593,3,0.882,0.294,0.695,0.343,0.93
USR_01977,13.29,55.9,7.5,0.845,0.438,3,0.44,0.551,0.49,0.944,0.205
USR_01978,6.69,24.5,5.0,0.633,0.147,2,0.234,0.761,0.125,0.626,0.237
USR_01979,23.65,80.8,7.1,0.897,0.68,2,0.872,0.233,0.299,0.492,0.863
USR_01980,22.93,46.8,7.0,0.819,0.31,4,0.495,0.743,0.78,0.84,0.559
USR_01981,7.63,44.0,5.6,0.345,0.275,1,0.227,0.99,0.16,0.619,0.05
USR_01982,5.57,40.1,2.3,0.614,0.485,2,0.205,0.78,0.083,0.63,0.13
USR_01983,7.27,69.0,6.7,0.89,0.435,3,0.187,0.673,0.43,0.853,0.558
USR_01984,7.36,30.6,2.0,0.503,0.365,2,0.231,0.707,0.237,0.621,0.251
USR_01985,30.65,85.8,4.0,0.857,0.654,4,0.779,0.097,0.881,0.311,0.735
USR_01986,21.63,50.4,4.2,0.799,0.365,4,0.223,0.615,0.529,0.99,0.548
USR_01987,5.18,25.8,4.2,0.602,0.393,1,0.221,0.772,0.206,0.708,0.354
USR_01988,8.55,32.4,3.8,0.713,0.291,1,0.253,0.935,0.437,0.599,0.127
USR_01989,12.7,58.2,5.4,0.915,0.352,2,0.282,0.387,0.409,0.964,0.327
USR_01990,28.98,92.2,5.3,0.967,0.717,2,0.752,0.313,0.931,0.339,0.652
USR_01991,26.6,53.6,4.8,0.951,0.563,2,0.731,0.412,0.778,0.411,0.783
USR_01992,15.81,51.7,4.4,0.86,0.458,3,0.314,0.547,0.627,0.855,0.167
USR_01993,14.19,66.1,5.5,0.95,0.496,3,0.316,0.613,0.726,0.966,0.338
USR_01994,12.74,69.0,6.2,0.962,0.446,2,0.869,0.05,0.567,0.305,0.804
USR_01995,10.73,18.6,6.0,0.777,0.337,1,0.214,0.885,0.083,0.561,0.074
USR_01996,13.31,51.9,5.8,0.956,0.266,3,0.393,0.398,0.615,0.826,0.371
USR_01997,16.88,51.1,8.0,0.896,0.365,4,0.342,0.532,0.441,0.908,0.14
USR_01998,11.33,28.0,4.6,0.69,0.215,2,0.228,0.889,0.15,0.376,0.257
USR_01999,26.83,67.7,7.9,0.983,0.381,3,0.765,0.166,0.658,0.182,0.926
USR_02000,14.5,94.3,4.1,0.926,0.775,2,0.851,0.341,0.922,0.619,0.874
USR_02001,7.33,29.1,3.2,0.492,0.364,2,0.172,0.99,0.27,0.668,0.332
USR_02002,25.33,56.5,7.9,0.709,0.072,4,0.532,0.781,0.751,0.57,0.423
USR_02003,26.52,73.1,6.8,0.79,0.312,2,0.99,0.285,0.474,0.399,0.94
USR_02004,14.54,64.2,10.5,0.629,0.462,4,0.841,0.42,0.688,0.384,0.25
USR_02005,19.42,49.1,5.1,0.868,0.393,5,0.619,0.684,0.647,0.602,0.237
USR_02006,21.04,42.3,8.6,0.682,0.562,4,0.798,0.569,0.74,0.638,0.31
USR_02007,20.87,38.9,6.1,0.872,0.312,4,0.214,0.369,0.362,0.978,0.23
USR_02008,28.05,109.9,5.2,0.718,0.694,3,0.664,0.293,0.765,0.372,0.853
USR_02009,27.02,107.0,6.1,0.902,0.833,3,0.674,0.218,0.92,0.257,0.86
USR_02010,13.9,32.9,4.8,0.679,0.438,5,0.636,0.505,0.903,0.626,0.637
USR_02011,28.7,59.8,5.7,0.846,0.528,2,0.888,0.05,0.532,0.19,0.969
USR_02012,20.03,48.8,9.9,0.707,0.559,4,0.62,0.556,0.766,0.706,0.519
USR_02013,21.02,130.2,4.7,0.982,0.79,4,0.87,0.16,0.877,0.541,0.742
USR_02014,28.23,75.2,3.3,0.877,0.808,2,0.555,0.208,0.76,0.648,0.681
USR_02015,37.72,84.9,3.2,0.964,0.936,3,0.78,0.123,0.915,0.477,0.587
USR_02016,4.88,17.0,4.8,0.519,0.099,1,0.106,0.824,0.313,0.812,0.082
USR_02017,17.9,65.5,7.7,0.873,0.439,3,0.474,0.511,0.554,0.874,0.388
USR_02018,32.04,69.9,4.7,0.926,0.741,2,0.99,0.304,0.732,0.508,0.689
USR_02019,14.9,42.8,7.1,0.882,0.353,5,0.645,0.854,0.652,0.826,0.569
USR_02020,27.3,103.8,4.8,0.78,0.606,3,0.99,0.161,0.806,0.428,0.862
USR_02021,13.34,48.7,6.3,0.787,0.352,4,0.063,0.427,0.55,0.812,0.374
USR_02022,7.6,11.0,5.2,0.44,0.318,2,0.171,0.952,0.199,0.734,0.212
USR_02023,26.6,44.4,6.9,0.875,0.646,2,0.77,0.237,0.542,0.344,0.95
USR_02024,23.64,70.6,7.9,0.761,0.476,2,0.762,0.205,0.744,0.357,0.94
USR_02025,19.29,32.4,10.1,0.772,0.49,4,0.74,0.723,0.725,0.648,0.677
USR_02026,14.28,64.9,4.4,0.931,0.337,4,0.16,0.312,0.573,0.943,0.491
USR_02027,17.57,53.6,6.1,0.76,0.442,4,0.327,0.419,0.515,0.823,0.258
USR_02028,20.42,66.9,7.6,0.765,0.291,4,0.454,0.515,0.722,0.982,0.197
USR_02029,30.4,93.4,4.6,0.72,0.832,3,0.822,0.05,0.99,0.298,0.772
USR_02030,4.78,35.2,4.6,0.5,0.254,2,0.294,0.909,0.188,0.612,0.333
USR_02031,11.57,55.8,6.5,0.81,0.335,4,0.281,0.389,0.416,0.83,0.349
USR_02032,15.98,55.3,5.3,0.892,0.447,4,0.477,0.272,0.493,0.948,0.403
USR_02033,19.75,59.0,6.4,0.808,0.401,4,0.718,0.532,0.564,0.677,0.442
USR_02034,18.41,41.7,7.3,0.76,0.287,2,0.22,0.277,0.253,0.863,0.153
USR_02035,39.34,70.2,5.1,0.809,0.705,2,0.834,0.285,0.804,0.555,0.99
USR_02036,19.31,41.1,5.9,0.93,0.353,2,0.368,0.443,0.584,0.825,0.285
USR_02037,17.24,43.7,4.7,0.847,0.302,2,0.271,0.401,0.677,0.919,0.257
USR_02038,44.59,89.8,5.1,0.815,0.77,3,0.751,0.51,0.581,0.411,0.875
USR_02039,5.58,29.6,1.1,0.803,0.435,2,0.065,0.975,0.1,0.794,0.065
USR_02040,20.93,41.1,5.9,0.718,0.48,3,0.747,0.273,0.687,0.153,0.99
USR_02041,19.15,67.8,6.8,0.846,0.375,4,0.353,0.474,0.412,0.837,0.337
USR_02042,17.63,73.3,7.1,0.99,0.348,2,0.273,0.224,0.714,0.959,0.161
USR_02043,14.66,74.1,3.7,0.9,0.175,3,0.144,0.34,0.741,0.805,0.322
USR_02044,21.5,106.8,5.4,0.814,0.727,2,0.675,0.438,0.709,0.665,0.56
USR_02045,23.31,45.2,8.3,0.905,0.416,2,0.914,0.26,0.524,0.438,0.899
USR_02046,13.55,93.3,4.3,0.837,0.636,2,0.639,0.234,0.852,0.295,0.762
USR_02047,18.65,48.8,9.6,0.665,0.28,4,0.579,0.551,0.505,0.796,0.609
USR_02048,13.02,41.3,4.9,0.932,0.392,2,0.37,0.344,0.645,0.82,0.211
USR_02049,10.83,61.1,6.3,0.902,0.406,3,0.486,0.455,0.566,0.931,0.315
USR_02050,23.77,63.4,7.2,0.896,0.635,2,0.977,0.114,0.566,0.207,0.924
USR_02051,17.46,85.1,2.8,0.871,0.617,3,0.784,0.226,0.852,0.312,0.712
USR_02052,27.75,114.2,3.6,0.862,0.603,4,0.864,0.05,0.834,0.342,0.77
USR_02053,19.7,63.2,4.6,0.978,0.488,4,0.239,0.507,0.526,0.982,0.329
USR_02054,20.87,44.8,8.2,0.692,0.306,4,0.528,0.73,0.607,0.754,0.627
USR_02055,15.87,78.8,2.3,0.858,0.691,3,0.823,0.257,0.838,0.419,0.816
USR_02056,27.25,97.7,2.6,0.733,0.77,2,0.796,0.447,0.789,0.296,0.752
USR_02057,21.44,100.0,3.1,0.728,0.762,2,0.783,0.166,0.785,0.63,0.812
USR_02058,21.39,84.5,4.2,0.818,0.342,2,0.99,0.129,0.379,0.124,0.957
USR_02059,11.74,27.2,3.4,0.487,0.464,2,0.403,0.841,0.379,0.725,0.256
USR_02060,26.48,122.4,6.6,0.832,0.778,3,0.79,0.56,0.616,0.482,0.878
USR_02061,13.63,39.5,4.7,0.94,0.432,3,0.376,0.5,0.57,0.99,0.212
USR_02062,20.38,40.6,8.6,0.914,0.352,4,0.537,0.745,0.694,0.795,0.584
USR_02063,16.31,58.0,10.7,0.77,0.472,5,0.667,0.632,0.641,0.741,0.585
USR_02064,23.14,108.6,3.1,0.808,0.741,3,0.888,0.498,0.691,0.2,0.574
USR_02065,17.97,130.3,4.5,0.918,0.644,3,0.865,0.34,0.85,0.412,0.655
USR_02066,21.58,93.2,4.7,0.757,0.59,3,0.876,0.359,0.695,0.335,0.933
USR_02067,3.88,36.4,4.0,0.564,0.472,1,0.143,0.942,0.183,0.651,0.067
USR_02068,17.03,94.8,4.3,0.829,0.784,3,0.69,0.222,0.871,0.192,0.858
USR_02069,22.42,25.2,10.0,0.637,0.508,5,0.441,0.533,0.532,0.763,0.701
USR_02070,22.3,98.7,4.7,0.78,0.782,3,0.677,0.449,0.761,0.67,0.719
USR_02071,22.87,57.8,2.6,0.961,0.371,3,0.05,0.288,0.505,0.99,0.3
USR_02072,25.72,61.6,4.3,0.795,0.425,2,0.935,0.126,0.522,0.225,0.958
USR_02073,11.32,50.3,6.5,0.856,0.305,2,0.251,0.413,0.424,0.967,0.469
USR_02074,26.8,81.0,5.9,0.753,0.684,3,0.825,0.264,0.596,0.522,0.86
USR_02075,6.98,30.4,4.5,0.635,0.296,1,0.311,0.906,0.281,0.842,0.386
USR_02076,25.24,55.9,5.2,0.813,0.246,4,0.309,0.314,0.588,0.932,0.513
USR_02077,17.1,64.6,7.1,0.884,0.36,3,0.323,0.73,0.792,0.962,0.259
USR_02078,30.75,83.6,5.5,0.774,0.885,2,0.782,0.219,0.727,0.38,0.655
USR_02079,13.97,63.3,6.7,0.836,0.289,2,0.324,0.165,0.313,0.949,0.505
USR_02080,31.7,70.7,5.1,0.791,0.443,2,0.857,0.392,0.356,0.05,0.969
USR_02081,29.52,87.1,4.0,0.923,0.83,3,0.983,0.368,0.99,0.188,0.652
USR_02082,21.96,49.0,7.0,0.822,0.288,5,0.684,0.737,0.677,0.696,0.804
USR_02083,26.85,113.7,5.7,0.799,0.615,3,0.783,0.065,0.959,0.411,0.607
USR_02084,19.69,61.0,9.9,0.675,0.395,5,0.88,0.567,0.727,0.685,0.555
USR_02085,15.82,42.5,7.1,0.91,0.386,3,0.415,0.402,0.497,0.99,0.05
USR_02086,22.56,95.2,5.4,0.964,0.831,3,0.693,0.282,0.66,0.555,0.816
USR_02087,21.54,89.4,8.1,0.829,0.366,2,0.85,0.05,0.339,0.246,0.891
USR_02088,8.72,31.8,3.3,0.47,0.201,1,0.187,0.895,0.167,0.417,0.259
USR_02089,22.19,142.0,6.7,0.738,0.625,3,0.835,0.454,0.96,0.244,0.763
USR_02090,34.15,54.2,1.3,0.99,0.324,2,0.776,0.318,0.475,0.377,0.885
USR_02091,18.79,81.8,6.2,0.795,0.384,3,0.893,0.178,0.669,0.294,0.725
USR_02092,29.69,92.0,4.4,0.685,0.717,3,0.651,0.268,0.802,0.172,0.851
USR_02093,16.17,92.7,5.4,0.99,0.706,3,0.638,0.344,0.855,0.483,0.754
USR_02094,25.85,119.0,3.2,0.638,0.768,3,0.815,0.268,0.59,0.209,0.774
USR_02095,5.37,22.2,3.5,0.581,0.403,1,0.067,0.769,0.39,0.765,0.123
USR_02096,15.66,81.9,8.2,0.77,0.403,3,0.952,0.05,0.483,0.138,0.825
USR_02097,15.66,86.0,6.0,0.93,0.538,3,0.906,0.434,0.653,0.398,0.96
USR_02098,19.35,86.1,6.1,0.81,0.437,2,0.825,0.376,0.656,0.328,0.883
USR_02099,26.62,37.4,6.5,0.618,0.375,4,0.706,0.767,0.771,0.51,0.323
USR_02100,23.62,79.6,5.4,0.939,0.649,3,0.711,0.095,0.804,0.358,0.735
USR_02101,15.67,58.6,4.8,0.89,0.286,3,0.291,0.283,0.605,0.896,0.216
USR_02102,25.69,53.9,6.2,0.729,0.325,5,0.487,0.603,0.564,0.658,0.793
USR_02103,21.36,90.2,5.7,0.874,0.293,2,0.844,0.193,0.713,0.179,0.99
USR_02104,26.4,70.1,4.4,0.874,0.364,3,0.432,0.647,0.406,0.99,0.239
USR_02105,3.7,29.1,5.7,0.662,0.392,2,0.242,0.851,0.106,0.665,0.279
USR_02106,33.36,99.2,6.6,0.766,0.753,2,0.802,0.282,0.99,0.415,0.939
USR_02107,34.7,44.5,11.0,0.876,0.26,5,0.837,0.626,0.549,0.847,0.677
USR_02108,10.73,22.7,6.5,0.832,0.282,2,0.205,0.749,0.05,0.753,0.164
USR_02109,35.24,50.1,5.6,0.769,0.542,3,0.823,0.182,0.386,0.25,0.93
USR_02110,21.87,55.7,6.2,0.867,0.321,3,0.258,0.221,0.499,0.88,0.167
USR_02111,2.88,23.5,2.0,0.509,0.421,1,0.398,0.905,0.242,0.661,0.126
USR_02112,18.64,59.7,6.3,0.837,0.292,3,0.278,0.335,0.472,0.905,0.544
USR_02113,7.27,24.3,6.3,0.616,0.335,2,0.106,0.81,0.283,0.637,0.234
USR_02114,5.64,40.7,3.5,0.592,0.575,2,0.058,0.804,0.314,0.649,0.294
USR_02115,16.06,88.4,6.5,0.82,0.597,3,0.99,0.239,0.607,0.369,0.923
USR_02116,6.51,28.0,4.4,0.722,0.247,2,0.179,0.824,0.121,0.842,0.157
USR_02117,19.46,63.8,8.0,0.724,0.527,2,0.714,0.091,0.537,0.16,0.856
USR_02118,19.9,74.2,6.0,0.856,0.499,3,0.43,0.204,0.513,0.945,0.152
USR_02119,15.75,64.9,5.0,0.939,0.321,3,0.205,0.291,0.774,0.889,0.378
USR_02120,25.22,159.3,5.1,0.78,0.915,2,0.905,0.545,0.945,0.334,0.64
USR_02121,25.53,73.1,9.1,0.741,0.343,5,0.725,0.573,0.639,0.607,0.745
USR_02122,36.27,60.0,5.0,0.893,0.66,3,0.831,0.05,0.941,0.442,0.721
USR_02123,29.3,70.8,4.2,0.857,0.737,2,0.723,0.073,0.99,0.476,0.738
USR_02124,8.69,28.9,2.5,0.627,0.341,1,0.366,0.99,0.183,0.819,0.186
USR_02125,16.95,64.4,5.7,0.909,0.331,4,0.256,0.191,0.714,0.811,0.533
USR_02126,12.68,68.5,9.3,0.635,0.46,4,0.533,0.62,0.635,0.554,0.477
USR_02127,7.76,19.7,6.7,0.56,0.329,2,0.201,0.897,0.32,0.544,0.174
USR_02128,17.58,130.0,3.0,0.811,0.668,4,0.887,0.498,0.729,0.454,0.618
USR_02129,7.8,30.6,2.7,0.691,0.257,2,0.392,0.784,0.18,0.643,0.195
USR_02130,15.57,34.3,6.0,0.838,0.377,3,0.353,0.584,0.485,0.933,0.054
USR_02131,11.34,74.7,4.3,0.927,0.763,3,0.844,0.133,0.835,0.417,0.705
USR_02132,23.72,70.8,6.9,0.773,0.546,2,0.874,0.352,0.434,0.283,0.83
USR_02133,11.33,44.1,9.7,0.782,0.445,4,0.791,0.49,0.64,0.727,0.86
USR_02134,21.42,42.3,7.6,0.904,0.444,4,0.473,0.294,0.66,0.871,0.399
USR_02135,5.67,29.2,6.2,0.257,0.368,3,0.337,0.858,0.127,0.796,0.087
USR_02136,28.84,107.3,4.0,0.856,0.65,2,0.74,0.264,0.813,0.352,0.748
USR_02137,15.33,55.0,6.5,0.875,0.276,3,0.306,0.308,0.693,0.99,0.238
USR_02138,25.27,77.8,4.4,0.929,0.696,3,0.887,0.259,0.921,0.327,0.815
USR_02139,18.09,48.5,6.9,0.878,0.478,2,0.265,0.461,0.529,0.935,0.325
USR_02140,20.75,64.1,5.6,0.897,0.405,2,0.826,0.27,0.493,0.346,0.953
USR_02141,27.0,54.9,3.5,0.841,0.342,3,0.197,0.468,0.485,0.811,0.456
USR_02142,19.99,66.3,5.8,0.605,0.571,5,0.564,0.457,0.724,0.796,0.603
USR_02143,7.13,19.0,3.0,0.777,0.239,1,0.311,0.804,0.326,0.761,0.191
USR_02144,19.67,69.1,6.2,0.807,0.612,2,0.99,0.12,0.525,0.32,0.881
USR_02145,26.74,87.1,7.1,0.842,0.544,2,0.756,0.339,0.728,0.379,0.99
USR_02146,23.22,45.3,5.6,0.805,0.326,2,0.445,0.05,0.691,0.921,0.279
USR_02147,20.82,51.9,6.9,0.761,0.715,3,0.954,0.086,0.534,0.248,0.948
USR_02148,24.94,59.3,7.6,0.763,0.441,2,0.965,0.253,0.776,0.343,0.929
USR_02149,7.18,15.3,2.5,0.715,0.394,1,0.185,0.898,0.242,0.653,0.186
USR_02150,18.93,42.7,7.3,0.872,0.398,4,0.362,0.538,0.484,0.904,0.208
USR_02151,26.05,127.2,4.2,0.925,0.789,2,0.895,0.262,0.847,0.52,0.645
USR_02152,18.51,54.8,8.9,0.801,0.403,5,0.537,0.671,0.553,0.585,0.509
USR_02153,26.6,107.1,4.2,0.873,0.834,4,0.778,0.269,0.798,0.244,0.692
USR_02154,35.53,83.5,4.2,0.853,0.854,4,0.941,0.151,0.86,0.471,0.851
USR_02155,13.43,52.1,4.7,0.802,0.441,2,0.115,0.485,0.429,0.809,0.275
USR_02156,13.11,61.9,5.9,0.774,0.394,3,0.364,0.365,0.443,0.835,0.199
USR_02157,17.11,56.3,6.0,0.874,0.476,3,0.297,0.555,0.52,0.99,0.288
USR_02158,27.49,87.2,4.0,0.741,0.715,3,0.722,0.329,0.713,0.454,0.794
USR_02159,18.69,35.9,8.4,0.663,0.576,4,0.734,0.517,0.593,0.949,0.33
USR_02160,7.24,21.9,3.5,0.557,0.46,1,0.157,0.767,0.189,0.696,0.139
USR_02161,14.15,72.4,8.0,0.929,0.621,3,0.887,0.305,0.723,0.255,0.951
USR_02162,20.61,83.0,8.3,0.594,0.372,4,0.645,0.636,0.661,0.877,0.548
USR_02163,18.07,56.0,4.4,0.812,0.281,4,0.109,0.4,0.438,0.931,0.249
USR_02164,20.07,89.2,5.3,0.771,0.527,2,0.793,0.282,0.673,0.172,0.942
USR_02165,29.87,113.6,3.9,0.779,0.767,2,0.681,0.44,0.615,0.436,0.831
USR_02166,10.32,23.8,3.7,0.591,0.412,1,0.177,0.952,0.19,0.497,0.297
USR_02167,26.84,124.1,4.0,0.854,0.841,3,0.821,0.268,0.99,0.518,0.851
USR_02168,10.86,41.4,5.1,0.925,0.336,3,0.251,0.418,0.568,0.95,0.398
USR_02169,9.54,60.7,7.0,0.975,0.174,2,0.487,0.228,0.81,0.781,0.252
USR_02170,31.98,80.4,3.3,0.839,0.742,4,0.748,0.108,0.675,0.459,0.443
USR_02171,10.83,32.0,5.1,0.91,0.239,2,0.159,0.923,0.225,0.587,0.05
USR_02172,16.67,67.4,7.7,0.83,0.384,5,0.822,0.706,0.625,0.893,0.547
USR_02173,27.36,63.8,8.2,0.841,0.609,2,0.891,0.324,0.683,0.102,0.967
USR_02174,37.66,94.1,4.6,0.849,0.617,2,0.62,0.242,0.781,0.521,0.679
USR_02175,26.15,105.0,6.2,0.927,0.95,3,0.688,0.267,0.927,0.217,0.822
USR_02176,22.86,72.1,8.8,0.9,0.552,3,0.871,0.362,0.462,0.393,0.915
USR_02177,3.75,20.0,3.4,0.729,0.257,2,0.097,0.881,0.287,0.633,0.228
USR_02178,26.55,56.1,7.4,0.777,0.463,5,0.774,0.613,0.498,0.885,0.573
USR_02179,34.74,72.5,3.8,0.726,0.891,3,0.75,0.284,0.932,0.255,0.757
USR_02180,21.17,71.7,5.9,0.854,0.34,3,0.457,0.167,0.525,0.794,0.089
USR_02181,12.21,49.6,6.4,0.876,0.309,3,0.444,0.409,0.462,0.822,0.072
USR_02182,2.51,20.0,2.1,0.64,0.219,2,0.093,0.894,0.257,0.441,0.193
USR_02183,29.38,92.0,2.4,0.931,0.815,2,0.807,0.35,0.821,0.496,0.615
USR_02184,23.7,50.5,10.1,0.788,0.47,5,0.596,0.705,0.599,0.632,0.867
USR_02185,19.76,47.8,5.8,0.87,0.34,3,0.486,0.701,0.612,0.678,0.529
USR_02186,22.93,33.7,6.0,0.858,0.409,3,0.268,0.417,0.694,0.95,0.435
USR_02187,19.81,69.3,5.9,0.826,0.521,3,0.39,0.447,0.688,0.922,0.374
USR_02188,21.36,40.0,7.2,0.564,0.372,5,0.576,0.506,0.931,0.793,0.627
USR_02189,18.32,41.7,7.3,0.934,0.393,2,0.345,0.346,0.662,0.861,0.49
USR_02190,28.46,102.1,4.6,0.857,0.95,3,0.922,0.285,0.79,0.448,0.787
USR_02191,17.45,47.1,6.7,0.846,0.289,3,0.311,0.531,0.634,0.972,0.278
USR_02192,4.26,21.1,2.5,0.582,0.159,2,0.159,0.793,0.251,0.621,0.436
USR_02193,13.94,50.4,5.7,0.879,0.431,2,0.329,0.767,0.437,0.857,0.18
USR_02194,8.77,37.7,3.9,0.644,0.376,1,0.436,0.868,0.139,0.68,0.153
USR_02195,27.56,68.5,5.6,0.826,0.432,3,0.849,0.137,0.9,0.171,0.792
USR_02196,26.45,52.6,5.8,0.781,0.418,5,0.792,0.322,0.77,0.605,0.419
USR_02197,33.59,88.6,3.3,0.786,0.814,3,0.784,0.244,0.972,0.25,0.662
USR_02198,27.36,41.6,5.9,0.89,0.472,2,0.244,0.185,0.332,0.972,0.325
USR_02199,39.48,106.1,5.8,0.986,0.657,2,0.557,0.217,0.937,0.416,0.63
USR_02200,9.72,19.5,2.0,0.476,0.405,1,0.387,0.736,0.205,0.771,0.246
USR_02201,4.22,34.0,5.2,0.579,0.239,1,0.18,0.856,0.34,0.74,0.374
USR_02202,6.52,27.0,5.9,0.539,0.445,2,0.281,0.846,0.301,0.656,0.155
USR_02203,20.41,49.8,9.2,0.634,0.496,5,0.658,0.385,0.569,0.563,0.454
USR_02204,6.81,16.7,4.3,0.648,0.159,1,0.187,0.944,0.267,0.822,0.05
USR_02205,7.53,18.0,3.9,0.414,0.329,1,0.205,0.672,0.05,0.657,0.225
USR_02206,20.18,42.2,5.8,0.885,0.443,2,0.247,0.412,0.497,0.863,0.142
USR_02207,7.98,24.7,5.8,0.388,0.221,1,0.404,0.975,0.208,0.714,0.121
USR_02208,20.16,94.2,5.2,0.837,0.52,2,0.932,0.4,0.936,0.45,0.99
USR_02209,8.68,55.9,5.4,0.691,0.323,4,0.225,0.396,0.713,0.967,0.398
USR_02210,18.9,57.7,7.0,0.741,0.366,4,0.63,0.452,0.596,0.63,0.706
USR_02211,6.76,34.8,4.6,0.673,0.399,1,0.419,0.576,0.457,0.643,0.181
USR_02212,13.56,46.6,7.6,0.921,0.22,4,0.157,0.446,0.552,0.929,0.412
USR_02213,20.52,66.0,5.4,0.769,0.365,3,0.515,0.336,0.818,0.932,0.495
USR_02214,18.33,70.6,7.8,0.798,0.569,2,0.898,0.143,0.504,0.503,0.99
USR_02215,12.36,55.2,5.5,0.888,0.24,2,0.396,0.303,0.298,0.871,0.448
USR_02216,33.71,70.9,4.4,0.888,0.623,2,0.904,0.321,0.826,0.519,0.71
USR_02217,33.51,92.5,4.1,0.836,0.826,4,0.824,0.326,0.99,0.579,0.611
USR_02218,23.71,69.3,8.6,0.794,0.547,3,0.942,0.196,0.692,0.228,0.789
USR_02219,32.86,78.6,5.1,0.962,0.5,3,0.99,0.103,0.587,0.269,0.802
USR_02220,21.81,79.5,4.7,0.954,0.348,3,0.264,0.598,0.587,0.981,0.09
USR_02221,7.85,11.3,6.2,0.168,0.271,2,0.059,0.845,0.162,0.95,0.175
USR_02222,18.07,58.9,5.2,0.873,0.423,2,0.328,0.469,0.479,0.809,0.242
USR_02223,7.41,31.8,4.9,0.739,0.254,3,0.462,0.99,0.232,0.423,0.227
USR_02224,25.7,77.7,6.9,0.864,0.312,2,0.902,0.21,0.543,0.356,0.941
USR_02225,4.53,14.7,5.3,0.617,0.327,1,0.091,0.946,0.095,0.71,0.141
USR_02226,13.08,51.6,7.2,0.853,0.27,2,0.335,0.273,0.49,0.831,0.415
USR_02227,19.04,59.2,4.9,0.951,0.438,3,0.587,0.474,0.61,0.847,0.389
USR_02228,32.02,99.6,5.8,0.786,0.707,3,0.827,0.199,0.653,0.709,0.587
USR_02229,23.73,87.4,7.2,0.832,0.744,3,0.834,0.269,0.9,0.216,0.99
USR_02230,9.21,33.9,4.7,0.399,0.181,3,0.166,0.702,0.132,0.782,0.326
USR_02231,6.68,25.2,2.9,0.633,0.364,2,0.215,0.702,0.219,0.793,0.05
USR_02232,27.93,97.3,5.0,0.838,0.746,3,0.633,0.138,0.546,0.415,0.753
USR_02233,23.92,64.1,8.5,0.812,0.432,5,0.558,0.57,0.368,0.771,0.711
USR_02234,8.32,32.9,5.4,0.708,0.554,1,0.444,0.797,0.321,0.468,0.223
USR_02235,18.48,80.0,5.8,0.885,0.16,3,0.99,0.281,0.533,0.201,0.99
USR_02236,12.72,47.0,5.9,0.901,0.431,3,0.467,0.4,0.68,0.961,0.378
USR_02237,7.36,22.7,4.6,0.62,0.22,1,0.297,0.943,0.176,0.735,0.35
USR_02238,22.57,114.2,6.4,0.803,0.774,3,0.83,0.229,0.805,0.418,0.674
USR_02239,21.64,58.0,5.7,0.918,0.657,2,0.866,0.23,0.618,0.334,0.99
USR_02240,18.78,61.6,5.8,0.816,0.414,4,0.714,0.551,0.541,0.592,0.726
USR_02241,8.73,24.5,4.9,0.522,0.103,1,0.314,0.871,0.199,0.499,0.257
USR_02242,20.47,68.1,7.7,0.882,0.256,3,0.744,0.149,0.573,0.389,0.893
USR_02243,14.23,70.8,7.7,0.951,0.428,3,0.489,0.499,0.579,0.926,0.328
USR_02244,30.31,88.3,4.4,0.859,0.616,3,0.733,0.263,0.99,0.436,0.677
USR_02245,5.57,40.8,5.7,0.719,0.325,3,0.287,0.969,0.051,0.498,0.176
USR_02246,19.6,50.5,3.9,0.895,0.242,3,0.111,0.569,0.606,0.99,0.225
USR_02247,21.21,44.6,13.4,0.905,0.397,5,0.71,0.568,0.514,0.613,0.501
USR_02248,17.36,62.1,6.8,0.906,0.381,4,0.162,0.079,0.663,0.791,0.116
USR_02249,21.38,69.1,4.0,0.873,0.8,2,0.713,0.386,0.778,0.151,0.7
USR_02250,16.11,35.5,4.0,0.823,0.415,3,0.05,0.386,0.694,0.82,0.161
USR_02251,4.61,26.7,2.2,0.563,0.258,2,0.103,0.797,0.389,0.634,0.138
USR_02252,26.92,47.6,8.3,0.471,0.19,4,0.714,0.764,0.644,0.564,0.597
USR_02253,8.92,47.8,10.2,0.662,0.398,4,0.544,0.554,0.414,0.707,0.664
USR_02254,23.53,60.2,5.2,0.712,0.299,4,0.365,0.343,0.646,0.928,0.364
USR_02255,24.08,53.3,5.7,0.825,0.55,3,0.802,0.23,0.75,0.441,0.99
USR_02256,28.32,67.0,5.8,0.755,0.391,2,0.88,0.256,0.7,0.311,0.976
USR_02257,23.24,60.2,5.8,0.884,0.71,4,0.751,0.274,0.712,0.577,0.99
USR_02258,17.14,78.9,6.2,0.808,0.451,3,0.838,0.29,0.531,0.593,0.943
USR_02259,24.01,42.5,8.9,0.601,0.467,5,0.468,0.722,0.855,0.85,0.532
USR_02260,7.93,33.7,1.5,0.625,0.468,2,0.452,0.909,0.05,0.673,0.353
USR_02261,38.86,123.8,3.6,0.851,0.764,2,0.884,0.166,0.99,0.441,0.64
USR_02262,17.34,44.7,9.1,0.834,0.484,5,0.368,0.572,0.493,0.91,0.408
USR_02263,23.95,64.8,8.1,0.845,0.418,2,0.99,0.112,0.684,0.306,0.896
USR_02264,33.41,74.4,5.2,0.819,0.727,3,0.789,0.162,0.7,0.59,0.656
USR_02265,20.65,97.6,5.4,0.866,0.79,2,0.714,0.321,0.903,0.257,0.657
USR_02266,19.1,68.8,6.0,0.962,0.537,3,0.812,0.127,0.716,0.317,0.933
USR_02267,17.42,52.4,11.2,0.676,0.299,5,0.76,0.633,0.686,0.701,0.293
USR_02268,24.89,34.6,8.4,0.962,0.264,4,0.584,0.419,0.621,0.632,0.446
USR_02269,35.92,84.3,4.3,0.831,0.673,2,0.559,0.534,0.815,0.714,0.716
USR_02270,33.82,74.1,5.2,0.89,0.665,3,0.964,0.306,0.819,0.396,0.894
USR_02271,7.48,21.3,5.1,0.599,0.313,2,0.309,0.857,0.05,0.737,0.11
USR_02272,21.25,32.7,7.7,0.609,0.505,5,0.809,0.427,0.64,0.512,0.227
USR_02273,17.2,85.0,5.7,0.896,0.838,3,0.843,0.338,0.743,0.616,0.572
USR_02274,19.58,48.1,6.1,0.847,0.221,3,0.327,0.382,0.569,0.91,0.147
USR_02275,23.01,66.9,7.6,0.775,0.326,3,0.738,0.173,0.624,0.479,0.99
USR_02276,6.67,16.5,5.1,0.64,0.343,3,0.379,0.99,0.245,0.623,0.351
USR_02277,22.19,48.1,3.7,0.808,0.366,2,0.424,0.657,0.168,0.685,0.392
USR_02278,27.78,89.3,9.7,0.691,0.845,3,0.971,0.216,0.469,0.191,0.939
USR_02279,17.54,116.7,4.3,0.8,0.542,3,0.748,0.05,0.818,0.461,0.752
USR_02280,5.61,39.4,5.0,0.648,0.264,1,0.319,0.839,0.054,0.572,0.271
USR_02281,17.5,49.0,3.9,0.935,0.375,3,0.323,0.584,0.733,0.796,0.323
USR_02282,23.91,64.4,6.4,0.791,0.401,2,0.811,0.323,0.861,0.367,0.937
USR_02283,32.86,88.1,4.5,0.705,0.694,2,0.724,0.293,0.702,0.371,0.692
USR_02284,21.16,53.0,6.8,0.72,0.378,2,0.814,0.253,0.471,0.248,0.873
USR_02285,21.37,52.1,5.3,0.889,0.261,5,0.42,0.685,0.662,0.765,0.601
USR_02286,25.13,60.1,5.5,0.755,0.566,3,0.829,0.374,0.541,0.407,0.894
USR_02287,29.81,92.6,4.0,0.877,0.787,3,0.865,0.236,0.954,0.429,0.521
USR_02288,19.66,62.2,6.5,0.64,0.373,5,0.692,0.779,0.603,0.756,0.673
USR_02289,20.09,80.3,6.1,0.775,0.46,3,0.831,0.146,0.569,0.341,0.743
USR_02290,3.13,24.9,4.6,0.635,0.218,2,0.098,0.766,0.215,0.735,0.138
USR_02291,29.56,61.2,9.9,0.714,0.403,4,0.599,0.467,0.814,0.615,0.499
USR_02292,16.34,24.2,4.2,0.751,0.366,2,0.349,0.271,0.454,0.893,0.301
USR_02293,36.2,100.8,8.9,0.743,0.691,2,0.796,0.226,0.536,0.404,0.99
USR_02294,29.36,97.9,5.8,0.907,0.602,3,0.683,0.257,0.97,0.372,0.584
USR_02295,5.2,30.7,1.6,0.668,0.238,2,0.177,0.884,0.249,0.428,0.091
USR_02296,22.04,69.9,8.6,0.832,0.401,2,0.795,0.28,0.705,0.19,0.86
USR_02297,22.29,110.8,5.7,0.771,0.849,3,0.905,0.096,0.648,0.326,0.658
USR_02298,6.91,33.6,7.9,0.584,0.466,2,0.312,0.92,0.328,0.849,0.176
USR_02299,6.39,38.8,4.4,0.677,0.336,1,0.118,0.758,0.05,0.464,0.139
USR_02300,26.86,95.2,6.1,0.852,0.877,3,0.742,0.254,0.923,0.649,0.891
USR_02301,30.41,96.2,4.9,0.88,0.677,3,0.569,0.253,0.804,0.439,0.815
USR_02302,20.32,78.7,5.9,0.752,0.394,2,0.836,0.058,0.714,0.532,0.844
USR_02303,32.97,127.2,5.5,0.862,0.767,3,0.781,0.271,0.708,0.472,0.561
USR_02304,29.83,100.2,5.9,0.754,0.79,3,0.855,0.354,0.572,0.326,0.618
USR_02305,14.26,60.7,3.5,0.774,0.339,3,0.281,0.548,0.756,0.842,0.389
USR_02306,2.85,22.5,2.9,0.509,0.445,1,0.07,0.782,0.05,0.633,0.088
USR_02307,9.78,62.1,5.3,0.819,0.41,3,0.114,0.622,0.521,0.795,0.321
USR_02308,9.36,18.1,5.0,0.57,0.258,1,0.238,0.767,0.264,0.641,0.187
USR_02309,10.36,33.1,4.9,0.743,0.372,2,0.214,0.884,0.181,0.689,0.224
USR_02310,5.53,22.8,5.1,0.484,0.293,1,0.358,0.714,0.264,0.438,0.177
USR_02311,21.44,39.3,9.3,0.601,0.387,5,0.431,0.771,0.651,0.513,0.597
USR_02312,4.73,29.3,2.7,0.568,0.257,2,0.355,0.89,0.391,0.464,0.291
USR_02313,28.91,85.6,3.5,0.866,0.72,4,0.806,0.281,0.784,0.397,0.748
USR_02314,21.11,53.4,12.5,0.664,0.393,5,0.65,0.625,0.751,0.661,0.402
USR_02315,2.79,35.2,2.2,0.593,0.433,2,0.194,0.886,0.1,0.605,0.225
USR_02316,28.22,59.1,8.3,0.691,0.483,4,0.672,0.487,0.786,0.747,0.605
USR_02317,20.48,75.5,5.4,0.804,0.345,3,0.793,0.161,0.65,0.269,0.906
USR_02318,19.02,64.9,5.9,0.86,0.536,4,0.639,0.462,0.481,0.708,0.789
USR_02319,28.62,44.4,5.3,0.869,0.718,4,0.99,0.209,0.913,0.396,0.581
USR_02320,16.82,92.6,3.4,0.902,0.578,4,0.822,0.221,0.657,0.413,0.514
USR_02321,6.66,18.7,3.0,0.407,0.394,2,0.091,0.886,0.217,0.681,0.249
USR_02322,26.29,75.3,4.3,0.937,0.74,2,0.784,0.101,0.854,0.499,0.743
USR_02323,3.7,22.7,4.5,0.626,0.208,2,0.347,0.822,0.194,0.859,0.347
USR_02324,21.63,67.1,5.0,0.901,0.229,3,0.753,0.05,0.546,0.37,0.971
USR_02325,35.25,54.7,6.1,0.806,0.447,3,0.86,0.167,0.599,0.193,0.911
USR_02326,13.6,67.2,5.6,0.704,0.531,3,0.912,0.149,0.651,0.307,0.865
USR_02327,21.56,79.0,7.1,0.848,0.392,2,0.879,0.2,0.726,0.347,0.953
USR_02328,19.06,53.9,6.9,0.809,0.31,4,0.416,0.518,0.563,0.99,0.46
USR_02329,18.6,108.2,2.0,0.92,0.651,3,0.828,0.209,0.728,0.335,0.65
USR_02330,6.24,37.9,8.2,0.835,0.337,4,0.55,0.352,0.717,0.766,0.598
USR_02331,20.28,42.3,6.3,0.734,0.518,5,0.643,0.603,0.531,0.915,0.594
USR_02332,28.29,101.2,2.7,0.676,0.779,3,0.769,0.188,0.816,0.112,0.892
USR_02333,26.4,88.8,5.3,0.679,0.408,2,0.961,0.076,0.472,0.37,0.99
USR_02334,7.14,25.5,5.2,0.797,0.388,3,0.317,0.857,0.211,0.662,0.231
USR_02335,21.84,80.6,1.5,0.9,0.715,3,0.766,0.322,0.855,0.495,0.536
USR_02336,22.63,46.7,4.7,0.847,0.461,3,0.881,0.218,0.667,0.343,0.96
USR_02337,30.44,86.9,5.2,0.89,0.63,3,0.778,0.246,0.666,0.405,0.865
USR_02338,27.31,113.2,5.8,0.906,0.653,3,0.78,0.463,0.879,0.275,0.695
USR_02339,27.96,84.7,5.4,0.762,0.716,2,0.847,0.06,0.744,0.519,0.771
USR_02340,21.82,100.7,5.9,0.892,0.708,4,0.842,0.236,0.677,0.664,0.782
USR_02341,26.84,54.7,6.1,0.814,0.454,3,0.786,0.441,0.478,0.098,0.862
USR_02342,28.33,94.0,6.2,0.81,0.723,2,0.855,0.214,0.854,0.389,0.743
USR_02343,23.76,66.7,5.6,0.797,0.316,3,0.938,0.05,0.63,0.341,0.987
USR_02344,25.13,57.8,5.2,0.846,0.482,2,0.953,0.186,0.635,0.614,0.822
USR_02345,21.92,29.4,6.2,0.732,0.311,4,0.806,0.551,0.413,0.665,0.348
USR_02346,3.04,19.0,5.4,0.599,0.4,2,0.139,0.759,0.319,0.58,0.367
USR_02347,28.76,128.9,4.2,0.956,0.947,2,0.767,0.464,0.665,0.412,0.662
USR_02348,5.8,23.9,2.6,0.598,0.05,1,0.22,0.976,0.397,0.514,0.073
USR_02349,18.67,54.7,6.2,0.946,0.739,2,0.799,0.357,0.558,0.31,0.972
USR_02350,5.19,33.0,5.7,0.573,0.384,1,0.326,0.862,0.162,0.787,0.182
USR_02351,21.59,48.5,5.5,0.86,0.156,3,0.259,0.282,0.568,0.911,0.351
USR_02352,36.33,123.4,3.3,0.939,0.779,2,0.701,0.209,0.801,0.72,0.76
USR_02353,23.51,41.3,5.7,0.711,0.368,2,0.151,0.263,0.25,0.838,0.492
USR_02354,4.02,34.2,3.1,0.49,0.446,2,0.337,0.779,0.117,0.585,0.184
USR_02355,21.65,68.3,6.6,0.82,0.277,3,0.272,0.537,0.279,0.938,0.15
USR_02356,33.56,55.6,5.6,0.822,0.172,3,0.939,0.368,0.682,0.35,0.873
USR_02357,8.64,21.5,3.8,0.599,0.342,1,0.479,0.814,0.243,0.638,0.17
USR_02358,4.53,40.3,4.4,0.455,0.17,1,0.098,0.893,0.195,0.528,0.351
USR_02359,29.82,127.3,2.8,0.858,0.578,4,0.752,0.324,0.805,0.73,0.792
USR_02360,17.63,116.1,3.1,0.88,0.655,2,0.846,0.384,0.819,0.355,0.671
USR_02361,21.16,50.4,12.4,0.78,0.568,4,0.477,0.655,0.743,0.681,0.664
USR_02362,4.58,10.9,6.5,0.799,0.454,3,0.217,0.618,0.05,0.914,0.202
USR_02363,20.28,64.4,10.7,0.593,0.549,4,0.442,0.584,0.611,0.752,0.599
USR_02364,3.82,28.9,4.2,0.524,0.436,2,0.179,0.699,0.312,0.921,0.165
USR_02365,23.16,58.6,6.1,0.832,0.427,4,0.299,0.409,0.533,0.882,0.266
USR_02366,23.7,100.0,6.9,0.99,0.801,4,0.758,0.41,0.93,0.534,0.71
USR_02367,22.58,58.0,5.0,0.842,0.426,3,0.502,0.325,0.352,0.886,0.288
USR_02368,5.44,27.8,5.1,0.493,0.623,1,0.332,0.747,0.176,0.95,0.334
USR_02369,22.26,57.4,8.8,0.652,0.196,5,0.545,0.351,0.709,0.77,0.589
USR_02370,31.87,61.5,7.1,0.977,0.638,2,0.886,0.254,0.726,0.484,0.834
USR_02371,34.25,83.7,2.1,0.81,0.902,4,0.742,0.284,0.749,0.415,0.654
USR_02372,11.8,29.5,6.4,0.441,0.261,3,0.252,0.799,0.361,0.68,0.466
USR_02373,16.77,45.5,6.1,0.884,0.353,5,0.446,0.519,0.741,0.616,0.556
USR_02374,20.7,63.3,5.7,0.918,0.136,3,0.298,0.551,0.613,0.985,0.383
USR_02375,19.1,48.0,5.0,0.849,0.327,3,0.646,0.05,0.603,0.692,0.425
USR_02376,39.02,107.4,4.6,0.885,0.755,3,0.9,0.059,0.974,0.448,0.903
USR_02377,6.52,27.4,3.3,0.414,0.316,1,0.258,0.76,0.338,0.593,0.381
USR_02378,14.07,74.7,5.9,0.778,0.528,3,0.485,0.332,0.878,0.761,0.361
USR_02379,29.15,80.1,2.7,0.874,0.95,3,0.694,0.259,0.739,0.196,0.812
USR_02380,29.4,69.6,2.6,0.852,0.894,2,0.638,0.361,0.838,0.469,0.676
USR_02381,23.16,87.4,5.5,0.73,0.442,2,0.827,0.283,0.523,0.587,0.963
USR_02382,10.56,37.3,4.6,0.468,0.333,2,0.05,0.889,0.256,0.574,0.205
USR_02383,29.8,87.2,2.2,0.85,0.503,3,0.822,0.056,0.719,0.293,0.901
USR_02384,21.26,54.5,8.0,0.676,0.44,5,0.35,0.777,0.732,0.708,0.778
USR_02385,22.78,45.5,9.0,0.567,0.275,4,0.495,0.671,0.748,0.388,0.676
USR_02386,26.76,68.8,4.5,0.818,0.743,3,0.658,0.286,0.838,0.283,0.616
USR_02387,31.24,109.7,2.1,0.925,0.727,3,0.727,0.213,0.766,0.789,0.754
USR_02388,24.68,57.7,6.0,0.892,0.548,3,0.386,0.164,0.527,0.951,0.297
USR_02389,18.59,51.9,5.9,0.928,0.388,3,0.57,0.564,0.675,0.828,0.375
USR_02390,29.06,61.6,7.7,0.99,0.267,2,0.962,0.289,0.381,0.349,0.99
USR_02391,25.0,87.8,6.3,0.948,0.616,3,0.716,0.24,0.851,0.188,0.709
USR_02392,17.69,51.5,6.7,0.92,0.348,3,0.374,0.451,0.599,0.99,0.15
USR_02393,19.76,63.5,6.6,0.946,0.563,3,0.632,0.222,0.736,0.562,0.983
USR_02394,11.42,32.8,3.1,0.681,0.286,1,0.396,0.725,0.139,0.582,0.106
USR_02395,19.87,59.2,3.7,0.951,0.489,3,0.314,0.267,0.485,0.838,0.277
USR_02396,26.04,27.5,11.4,0.73,0.542,5,0.723,0.494,0.407,0.629,0.479
USR_02397,17.11,37.1,5.0,0.99,0.414,3,0.432,0.511,0.547,0.99,0.602
USR_02398,23.41,43.6,8.0,0.893,0.341,5,0.9,0.689,0.434,0.557,0.444
USR_02399,24.79,128.1,5.3,0.917,0.901,2,0.888,0.404,0.665,0.482,0.831
USR_02400,23.02,105.9,4.5,0.938,0.884,3,0.638,0.433,0.728,0.281,0.638
USR_02401,16.28,35.6,4.2,0.756,0.336,3,0.486,0.454,0.436,0.99,0.43
USR_02402,11.01,58.7,9.2,0.617,0.536,4,0.768,0.663,0.657,0.729,0.451
USR_02403,17.06,46.0,10.2,0.99,0.368,4,0.583,0.5,0.95,0.782,0.493
USR_02404,18.65,46.0,5.8,0.752,0.562,5,0.53,0.544,0.669,0.392,0.411
USR_02405,15.8,25.4,9.2,0.784,0.158,4,0.852,0.747,0.88,0.915,0.413
USR_02406,18.73,52.7,6.0,0.791,0.288,2,0.492,0.274,0.236,0.837,0.376
USR_02407,31.39,65.0,5.7,0.938,0.282,2,0.752,0.16,0.688,0.375,0.885
USR_02408,35.59,43.3,10.2,0.974,0.657,2,0.898,0.215,0.553,0.237,0.879
USR_02409,30.27,56.6,2.9,0.832,0.95,3,0.667,0.396,0.786,0.178,0.974
USR_02410,14.85,70.1,4.8,0.891,0.4,2,0.286,0.402,0.46,0.857,0.198
USR_02411,5.24,31.4,3.0,0.778,0.311,2,0.198,0.817,0.18,0.41,0.154
USR_02412,17.44,50.2,5.1,0.852,0.308,3,0.301,0.359,0.635,0.925,0.54
USR_02413,27.93,115.0,6.4,0.723,0.608,4,0.937,0.327,0.728,0.262,0.527
USR_02414,1.25,22.7,5.8,0.374,0.551,2,0.299,0.807,0.15,0.739,0.295
USR_02415,4.82,13.6,4.5,0.625,0.211,2,0.186,0.828,0.455,0.64,0.05
USR_02416,25.48,108.3,4.7,0.914,0.68,2,0.99,0.123,0.625,0.159,0.94
USR_02417,18.39,62.6,4.5,0.862,0.275,3,0.465,0.565,0.847,0.966,0.18
USR_02418,31.59,111.5,4.4,0.829,0.765,3,0.8,0.264,0.758,0.437,0.693
USR_02419,23.47,74.8,6.5,0.788,0.416,2,0.889,0.05,0.506,0.168,0.924
USR_02420,28.77,96.7,4.8,0.858,0.337,2,0.99,0.193,0.404,0.298,0.929
USR_02421,29.69,130.6,5.3,0.918,0.714,2,0.99,0.216,0.648,0.469,0.99
USR_02422,16.56,63.1,5.8,0.818,0.463,2,0.847,0.612,0.361,0.349,0.897
USR_02423,4.19,29.4,4.1,0.392,0.092,2,0.182,0.83,0.118,0.539,0.05
USR_02424,17.5,61.8,5.8,0.913,0.599,2,0.968,0.216,0.747,0.377,0.99
USR_02425,24.69,39.6,12.8,0.704,0.586,4,0.922,0.786,0.772,0.71,0.361
USR_02426,26.73,72.6,7.9,0.931,0.584,2,0.729,0.122,0.709,0.302,0.897
USR_02427,7.58,25.7,4.4,0.512,0.335,2,0.077,0.79,0.063,0.493,0.238
USR_02428,17.89,85.5,5.8,0.727,0.374,2,0.922,0.091,0.61,0.433,0.915
USR_02429,14.18,58.9,7.0,0.952,0.491,4,0.406,0.384,0.564,0.873,0.496
USR_02430,16.17,46.4,6.2,0.829,0.29,3,0.41,0.393,0.496,0.888,0.395
USR_02431,18.38,39.7,7.3,0.977,0.345,4,0.701,0.461,0.336,0.826,0.27
USR_02432,20.17,43.9,6.0,0.852,0.401,2,0.505,0.547,0.468,0.773,0.247
USR_02433,23.32,53.4,4.8,0.788,0.502,5,0.786,0.718,0.42,0.614,0.494
USR_02434,31.18,78.4,4.2,0.815,0.894,2,0.61,0.261,0.942,0.411,0.83
USR_02435,17.85,41.9,3.6,0.905,0.342,4,0.543,0.564,0.498,0.965,0.365
USR_02436,21.56,38.5,7.7,0.731,0.363,5,0.796,0.64,0.434,0.686,0.657
USR_02437,13.69,53.8,4.9,0.849,0.435,3,0.476,0.298,0.605,0.99,0.185
USR_02438,27.12,81.7,9.0,0.823,0.39,3,0.878,0.157,0.426,0.277,0.906
USR_02439,6.62,33.7,4.2,0.615,0.319,2,0.191,0.843,0.178,0.734,0.1
USR_02440,21.38,70.4,4.7,0.94,0.646,2,0.784,0.267,0.863,0.317,0.744
USR_02441,12.02,53.8,5.6,0.853,0.365,2,0.301,0.45,0.544,0.826,0.356
USR_02442,23.83,45.6,4.5,0.746,0.296,3,0.304,0.414,0.544,0.913,0.36
USR_02443,7.31,31.7,1.0,0.619,0.598,2,0.05,0.858,0.46,0.762,0.157
USR_02444,21.27,46.5,7.3,0.808,0.328,4,0.665,0.645,0.408,0.55,0.696
USR_02445,18.13,35.9,6.9,0.727,0.333,3,0.535,0.174,0.748,0.92,0.281
USR_02446,23.9,82.0,8.8,0.92,0.439,3,0.99,0.287,0.636,0.431,0.89
USR_02447,16.84,50.5,4.7,0.861,0.391,2,0.255,0.473,0.82,0.903,0.306
USR_02448,19.59,48.9,9.1,0.565,0.288,5,0.587,0.526,0.548,0.745,0.74
USR_02449,17.73,53.5,5.7,0.91,0.309,4,0.339,0.393,0.493,0.99,0.3
USR_02450,25.26,85.2,5.8,0.823,0.736,4,0.841,0.316,0.99,0.402,0.696
USR_02451,21.45,92.3,6.6,0.716,0.569,3,0.833,0.05,0.752,0.392,0.889
USR_02452,11.64,87.0,6.6,0.838,0.543,3,0.792,0.097,0.782,0.375,0.838
USR_02453,5.26,26.2,4.0,0.617,0.251,3,0.235,0.728,0.305,0.95,0.254
USR_02454,23.91,110.3,3.7,0.762,0.53,2,0.773,0.2,0.776,0.213,0.933
USR_02455,4.68,34.7,4.9,0.504,0.232,2,0.24,0.817,0.51,0.688,0.406
USR_02456,9.41,49.4,7.7,0.628,0.696,4,0.507,0.667,0.732,0.737,0.635
USR_02457,28.95,72.4,3.3,0.86,0.73,4,0.611,0.5,0.894,0.536,0.477
USR_02458,35.15,76.0,3.8,0.869,0.876,2,0.694,0.094,0.905,0.502,0.796
USR_02459,23.67,98.4,4.7,0.86,0.784,3,0.923,0.34,0.99,0.274,0.693
USR_02460,20.93,107.8,4.5,0.697,0.683,3,0.82,0.632,0.702,0.36,0.774
USR_02461,19.31,60.2,5.8,0.701,0.72,2,0.99,0.126,0.818,0.65,0.86
USR_02462,9.45,28.9,1.0,0.479,0.321,1,0.449,0.826,0.424,0.744,0.169
USR_02463,4.74,22.5,4.0,0.721,0.41,1,0.482,0.834,0.159,0.863,0.088
USR_02464,19.08,49.8,5.1,0.922,0.51,3,0.339,0.438,0.525,0.955,0.318
USR_02465,26.96,46.6,7.5,0.746,0.595,3,0.734,0.179,0.62,0.226,0.964
USR_02466,18.71,26.4,6.9,0.842,0.317,4,0.528,0.816,0.649,0.781,0.423
USR_02467,25.6,124.1,3.6,0.838,0.652,3,0.718,0.338,0.606,0.133,0.816
USR_02468,19.97,114.2,4.3,0.868,0.889,3,0.64,0.174,0.803,0.4,0.716
USR_02469,4.49,27.4,5.6,0.551,0.494,1,0.358,0.87,0.295,0.649,0.27
USR_02470,25.32,49.1,5.4,0.923,0.777,3,0.64,0.415,0.847,0.333,0.758
USR_02471,31.12,61.8,6.2,0.787,0.178,2,0.064,0.611,0.499,0.871,0.05
USR_02472,8.22,27.1,5.0,0.588,0.246,1,0.116,0.808,0.206,0.817,0.05
USR_02473,18.21,78.0,5.3,0.871,0.727,4,0.917,0.094,0.767,0.473,0.651
USR_02474,25.5,37.9,9.9,0.814,0.441,4,0.682,0.604,0.476,0.565,0.495
USR_02475,26.94,92.0,4.4,0.921,0.669,3,0.728,0.35,0.79,0.582,0.897
USR_02476,20.94,35.1,4.6,0.937,0.335,3,0.13,0.258,0.717,0.888,0.057
USR_02477,9.57,29.6,6.3,0.35,0.218,2,0.252,0.938,0.088,0.852,0.11
USR_02478,4.29,24.1,6.5,0.558,0.492,1,0.302,0.873,0.134,0.55,0.263
USR_02479,18.29,44.7,11.2,0.489,0.637,4,0.459,0.872,0.721,0.332,0.409
USR_02480,17.8,54.7,5.2,0.84,0.388,3,0.356,0.444,0.481,0.91,0.298
USR_02481,6.87,27.5,3.1,0.413,0.467,3,0.369,0.781,0.444,0.83,0.324
USR_02482,19.58,59.3,5.9,0.95,0.723,2,0.698,0.318,0.783,0.407,0.651
USR_02483,10.59,88.9,6.4,0.834,0.475,2,0.918,0.2,0.244,0.168,0.876
USR_02484,22.67,80.9,7.6,0.784,0.468,3,0.849,0.219,0.446,0.308,0.906
USR_02485,19.29,56.6,5.6,0.889,0.417,3,0.452,0.529,0.625,0.957,0.252
USR_02486,21.24,131.1,2.7,0.864,0.778,2,0.785,0.164,0.731,0.327,0.541
USR_02487,19.03,126.6,4.0,0.869,0.734,3,0.701,0.22,0.882,0.195,0.599
USR_02488,30.05,35.5,6.1,0.869,0.583,3,0.792,0.205,0.933,0.286,0.771
USR_02489,29.06,34.4,7.9,0.749,0.299,5,0.615,0.828,0.555,0.534,0.634
USR_02490,26.53,66.3,8.8,0.801,0.34,4,0.611,0.835,0.91,0.425,0.7
USR_02491,19.45,61.0,6.5,0.843,0.387,3,0.933,0.128,0.639,0.385,0.92
USR_02492,25.66,68.1,5.6,0.99,0.292,3,0.844,0.216,0.556,0.16,0.885
USR_02493,4.23,20.7,5.1,0.431,0.195,3,0.202,0.791,0.204,0.639,0.145
USR_02494,31.29,93.1,4.9,0.821,0.678,4,0.814,0.05,0.928,0.307,0.831
USR_02495,16.98,89.8,3.1,0.85,0.739,3,0.622,0.252,0.897,0.679,0.866
USR_02496,23.16,58.1,3.4,0.867,0.722,2,0.855,0.455,0.64,0.691,0.738
USR_02497,21.61,101.7,7.2,0.87,0.279,2,0.804,0.225,0.496,0.189,0.874
USR_02498,18.32,46.3,8.4,0.816,0.558,4,0.453,0.604,0.743,0.491,0.748
USR_02499,18.49,37.9,5.5,0.872,0.359,4,0.371,0.54,0.564,0.99,0.19
USR_02500,15.4,44.1,5.6,0.81,0.391,3,0.443,0.385,0.426,0.924,0.336
USR_02501,4.77,24.9,4.1,0.582,0.39,1,0.171,0.895,0.236,0.64,0.079
USR_02502,14.95,43.5,8.7,0.729,0.121,4,0.95,0.471,0.707,0.628,0.741
USR_02503,5.3,15.3,2.6,0.411,0.295,2,0.332,0.923,0.292,0.712,0.15
USR_02504,8.54,19.6,2.9,0.521,0.166,1,0.296,0.99,0.298,0.664,0.371
USR_02505,25.68,65.0,7.0,0.794,0.431,2,0.379,0.336,0.807,0.869,0.206
USR_02506,3.91,33.0,3.5,0.683,0.27,1,0.314,0.777,0.344,0.699,0.172
USR_02507,11.54,33.6,7.0,0.905,0.315,4,0.502,0.737,0.728,0.766,0.537
USR_02508,28.23,37.9,4.9,0.798,0.461,2,0.732,0.298,0.468,0.259,0.902
USR_02509,26.05,76.3,7.1,0.838,0.458,2,0.769,0.172,0.491,0.274,0.99
USR_02510,15.27,65.8,5.7,0.886,0.366,2,0.49,0.363,0.482,0.837,0.374
USR_02511,13.17,49.7,10.2,0.689,0.068,5,0.756,0.638,0.676,0.509,0.373
USR_02512,29.81,70.2,4.6,0.879,0.876,2,0.623,0.281,0.93,0.726,0.552
USR_02513,2.83,23.2,2.9,0.452,0.291,2,0.256,0.954,0.246,0.75,0.147
USR_02514,23.86,54.6,7.3,0.99,0.35,3,0.282,0.665,0.561,0.961,0.096
USR_02515,25.96,110.7,4.3,0.944,0.842,2,0.89,0.444,0.668,0.392,0.641
USR_02516,15.75,45.7,7.9,0.838,0.346,3,0.121,0.437,0.691,0.763,0.363
USR_02517,21.66,84.8,4.7,0.99,0.678,3,0.657,0.378,0.91,0.554,0.878
USR_02518,26.17,87.8,6.0,0.893,0.571,3,0.676,0.233,0.714,0.381,0.686
USR_02519,14.49,44.0,8.5,0.889,0.426,4,0.511,0.382,0.641,0.706,0.427
USR_02520,22.03,62.9,9.7,0.944,0.504,3,0.898,0.276,0.789,0.371,0.99
USR_02521,8.63,60.0,7.3,0.887,0.371,3,0.281,0.416,0.612,0.965,0.315
USR_02522,25.48,95.8,3.1,0.855,0.897,3,0.73,0.22,0.745,0.333,0.695
USR_02523,7.65,23.2,3.6,0.621,0.265,1,0.151,0.844,0.242,0.772,0.261
USR_02524,19.59,89.4,3.3,0.933,0.93,4,0.809,0.357,0.936,0.471,0.739
USR_02525,23.73,97.9,4.6,0.964,0.659,2,0.724,0.442,0.748,0.307,0.73
USR_02526,31.99,99.2,4.3,0.936,0.736,3,0.747,0.518,0.903,0.478,0.592
USR_02527,20.02,140.6,4.0,0.715,0.68,3,0.561,0.098,0.862,0.42,0.759
USR_02528,27.97,95.6,7.7,0.727,0.456,3,0.815,0.312,0.566,0.33,0.872
USR_02529,3.99,30.8,5.4,0.42,0.261,2,0.355,0.841,0.146,0.869,0.218
USR_02530,21.57,99.5,3.4,0.83,0.687,2,0.99,0.277,0.83,0.303,0.625
USR_02531,28.47,105.5,4.6,0.686,0.575,3,0.751,0.317,0.872,0.503,0.375
USR_02532,5.56,28.9,3.0,0.474,0.372,2,0.309,0.972,0.253,0.642,0.188
USR_02533,8.7,18.5,1.1,0.601,0.359,3,0.228,0.68,0.23,0.428,0.222
USR_02534,13.87,91.4,7.3,0.792,0.256,3,0.842,0.2,0.573,0.401,0.846
USR_02535,5.59,25.4,3.9,0.5,0.336,1,0.187,0.754,0.224,0.745,0.259
USR_02536,24.72,52.7,6.7,0.935,0.397,2,0.459,0.418,0.83,0.797,0.213
USR_02537,2.67,33.8,4.7,0.597,0.468,1,0.155,0.753,0.15,0.607,0.274
USR_02538,21.96,65.9,7.0,0.891,0.396,2,0.888,0.126,0.794,0.182,0.99
USR_02539,28.4,40.8,5.7,0.568,0.154,4,0.522,0.545,0.589,0.83,0.471
USR_02540,26.72,67.9,5.1,0.787,0.517,2,0.939,0.307,0.646,0.274,0.894
USR_02541,9.06,25.9,3.8,0.577,0.265,3,0.05,0.725,0.374,0.855,0.196
USR_02542,25.43,88.3,4.1,0.752,0.766,3,0.775,0.328,0.847,0.518,0.704
USR_02543,18.52,57.3,7.7,0.897,0.207,4,0.448,0.799,0.699,0.743,0.796
USR_02544,31.73,85.5,3.4,0.952,0.748,2,0.785,0.237,0.612,0.8,0.701
USR_02545,27.34,78.1,5.8,0.957,0.736,2,0.917,0.396,0.682,0.509,0.99
USR_02546,16.08,56.4,3.5,0.99,0.363,3,0.204,0.093,0.603,0.782,0.136
USR_02547,29.85,50.6,5.7,0.852,0.802,3,0.816,0.289,0.85,0.435,0.641
USR_02548,27.83,50.9,6.6,0.851,0.377,2,0.935,0.283,0.457,0.349,0.815
USR_02549,16.66,70.0,5.2,0.789,0.459,2,0.769,0.089,0.497,0.495,0.768
USR_02550,23.72,66.5,4.6,0.858,0.573,2,0.742,0.232,0.606,0.339,0.947
USR_02551,27.31,85.6,5.3,0.858,0.451,3,0.879,0.212,0.598,0.466,0.899
USR_02552,25.55,58.7,6.0,0.981,0.413,2,0.437,0.252,0.509,0.933,0.215
USR_02553,23.6,83.3,6.2,0.874,0.53,2,0.699,0.339,0.76,0.406,0.79
USR_02554,18.21,42.0,11.2,0.744,0.415,4,0.348,0.592,0.668,0.653,0.697
USR_02555,9.26,34.3,4.0,0.641,0.374,3,0.148,0.94,0.163,0.821,0.138
USR_02556,27.36,111.9,4.7,0.775,0.845,2,0.939,0.163,0.907,0.582,0.613
USR_02557,17.11,43.4,8.8,0.721,0.308,5,0.588,0.66,0.676,0.474,0.633
USR_02558,10.82,97.5,6.2,0.828,0.568,2,0.681,0.383,0.662,0.544,0.822
USR_02559,7.91,30.0,4.2,0.577,0.203,2,0.05,0.762,0.27,0.583,0.105
USR_02560,20.84,50.3,6.8,0.914,0.345,3,0.572,0.381,0.648,0.9,0.259
USR_02561,26.94,83.2,9.4,0.833,0.346,5,0.736,0.545,0.848,0.882,0.748
USR_02562,25.93,105.2,3.7,0.883,0.874,3,0.749,0.404,0.914,0.496,0.673
USR_02563,19.71,51.5,5.7,0.716,0.313,4,0.739,0.829,0.549,0.589,0.836
USR_02564,9.27,31.2,1.7,0.64,0.228,3,0.226,0.879,0.089,0.574,0.292
USR_02565,6.53,21.9,5.2,0.607,0.431,1,0.291,0.822,0.266,0.484,0.333
USR_02566,17.58,69.9,7.4,0.874,0.303,3,0.453,0.534,0.604,0.868,0.376
USR_02567,24.82,73.6,4.9,0.789,0.435,2,0.732,0.151,0.299,0.173,0.922
USR_02568,10.45,30.6,3.5,0.323,0.336,1,0.171,0.659,0.05,0.817,0.392
USR_02569,13.58,95.8,5.1,0.814,0.747,2,0.705,0.323,0.766,0.325,0.63
USR_02570,6.72,16.7,5.5,0.601,0.532,1,0.286,0.942,0.366,0.766,0.09
USR_02571,24.28,98.2,4.0,0.99,0.656,3,0.922,0.262,0.849,0.313,0.589
USR_02572,19.91,118.6,4.6,0.944,0.898,3,0.79,0.156,0.728,0.8,0.59
USR_02573,9.91,27.3,9.6,0.732,0.401,4,0.627,0.678,0.686,0.717,0.751
USR_02574,15.35,55.1,8.5,0.849,0.392,4,0.823,0.377,0.679,0.846,0.613
USR_02575,3.54,25.6,4.9,0.622,0.263,2,0.208,0.895,0.39,0.548,0.275
USR_02576,26.12,97.5,7.2,0.836,0.419,2,0.811,0.284,0.622,0.259,0.966
USR_02577,27.61,52.0,5.2,0.833,0.659,3,0.907,0.402,0.699,0.58,0.888
USR_02578,3.68,29.6,7.2,0.81,0.147,2,0.215,0.828,0.134,0.624,0.169
USR_02579,17.84,90.7,3.3,0.856,0.809,3,0.899,0.518,0.99,0.518,0.502
USR_02580,25.97,114.5,5.0,0.892,0.597,3,0.723,0.218,0.888,0.615,0.734
USR_02581,9.56,22.3,5.5,0.713,0.382,1,0.1,0.99,0.331,0.67,0.184
USR_02582,25.55,68.3,8.1,0.725,0.567,3,0.95,0.221,0.441,0.457,0.967
USR_02583,19.51,41.9,5.1,0.897,0.403,3,0.405,0.248,0.654,0.884,0.343
USR_02584,27.27,105.5,5.3,0.99,0.638,3,0.673,0.132,0.848,0.467,0.591
USR_02585,7.27,28.5,4.3,0.508,0.437,1,0.187,0.747,0.269,0.45,0.25
USR_02586,34.42,103.5,3.5,0.92,0.718,2,0.546,0.251,0.614,0.661,0.684
USR_02587,6.2,23.8,3.8,0.52,0.336,2,0.382,0.801,0.138,0.815,0.203
USR_02588,4.15,16.3,1.6,0.45,0.565,1,0.406,0.915,0.401,0.614,0.154
USR_02589,13.0,59.0,7.5,0.778,0.507,3,0.553,0.453,0.486,0.962,0.146
USR_02590,4.1,42.3,3.1,0.658,0.179,2,0.219,0.894,0.284,0.583,0.296
USR_02591,21.99,98.7,5.7,0.91,0.631,2,0.648,0.05,0.625,0.359,0.811
USR_02592,27.47,64.6,4.7,0.99,0.869,2,0.707,0.092,0.69,0.621,0.675
USR_02593,15.14,44.8,7.1,0.849,0.482,4,0.251,0.36,0.609,0.862,0.204
USR_02594,25.43,98.6,2.9,0.863,0.756,4,0.795,0.464,0.777,0.357,0.919
USR_02595,16.26,57.2,5.4,0.97,0.484,3,0.99,0.179,0.844,0.269,0.848
USR_02596,4.35,29.4,3.6,0.625,0.308,2,0.05,0.758,0.235,0.779,0.186
USR_02597,20.23,19.4,9.2,0.824,0.521,4,0.93,0.488,0.528,0.743,0.761
USR_02598,6.32,12.1,7.8,0.552,0.05,1,0.27,0.886,0.156,0.797,0.105
USR_02599,14.38,41.9,6.6,0.854,0.455,4,0.405,0.271,0.177,0.93,0.46
USR_02600,17.78,36.2,11.4,0.687,0.62,5,0.646,0.746,0.559,0.582,0.578
USR_02601,25.0,71.7,4.7,0.854,0.586,3,0.791,0.289,0.936,0.266,0.639
USR_02602,6.8,20.7,7.3,0.65,0.427,3,0.279,0.834,0.163,0.724,0.213
USR_02603,13.7,87.4,4.5,0.824,0.879,4,0.938,0.281,0.712,0.524,0.938
USR_02604,8.07,29.9,7.4,0.586,0.31,3,0.436,0.945,0.203,0.468,0.383
USR_02605,29.6,138.8,2.6,0.882,0.697,3,0.782,0.127,0.852,0.305,0.627
USR_02606,9.33,31.1,5.4,0.555,0.532,1,0.308,0.939,0.254,0.753,0.124
USR_02607,15.05,50.5,6.8,0.957,0.415,3,0.311,0.348,0.486,0.92,0.342
USR_02608,20.6,47.4,5.7,0.767,0.527,4,0.555,0.533,0.609,0.874,0.879
USR_02609,24.19,62.5,5.3,0.909,0.361,3,0.737,0.181,0.569,0.513,0.784
USR_02610,12.01,52.5,9.7,0.669,0.624,4,0.56,0.852,0.781,0.821,0.496
USR_02611,17.36,25.6,5.5,0.86,0.425,5,0.72,0.814,0.623,0.709,0.685
USR_02612,25.23,75.9,2.6,0.874,0.664,2,0.609,0.153,0.748,0.312,0.674
USR_02613,6.95,31.6,2.0,0.577,0.407,1,0.239,0.787,0.097,0.95,0.237
USR_02614,7.29,33.4,6.4,0.579,0.196,2,0.244,0.99,0.125,0.655,0.292
USR_02615,20.12,69.0,11.3,0.655,0.476,5,0.573,0.673,0.595,0.75,0.438
USR_02616,13.84,51.0,7.2,0.882,0.303,4,0.316,0.412,0.398,0.852,0.39
USR_02617,14.44,30.4,9.0,0.748,0.641,4,0.616,0.819,0.735,0.906,0.432
USR_02618,9.42,11.4,4.2,0.671,0.329,1,0.194,0.834,0.387,0.731,0.223
USR_02619,21.11,59.4,6.7,0.744,0.753,2,0.864,0.175,0.519,0.285,0.878
USR_02620,29.67,117.2,4.6,0.677,0.747,4,0.804,0.272,0.674,0.382,0.801
USR_02621,23.68,90.6,6.4,0.67,0.523,2,0.881,0.05,0.423,0.05,0.876
USR_02622,33.37,28.8,5.9,0.87,0.334,3,0.762,0.103,0.9,0.276,0.99
USR_02623,19.21,61.4,4.6,0.935,0.387,2,0.868,0.05,0.523,0.148,0.901
USR_02624,27.41,100.1,6.5,0.79,0.674,4,0.668,0.319,0.682,0.549,0.696
USR_02625,23.18,98.9,6.2,0.894,0.702,4,0.826,0.377,0.857,0.8,0.586
USR_02626,14.82,47.8,8.5,0.89,0.451,4,0.316,0.464,0.601,0.86,0.178
USR_02627,14.54,62.5,6.5,0.898,0.477,2,0.419,0.371,0.46,0.981,0.437
USR_02628,26.81,98.3,3.7,0.883,0.639,2,0.646,0.634,0.957,0.231,0.548
USR_02629,1.11,26.2,3.0,0.765,0.178,2,0.509,0.818,0.353,0.73,0.052
USR_02630,17.15,51.6,4.4,0.891,0.432,4,0.598,0.242,0.413,0.866,0.364
USR_02631,27.58,61.0,7.6,0.843,0.336,3,0.882,0.053,0.602,0.206,0.895
USR_02632,10.31,20.3,4.8,0.57,0.297,1,0.261,0.739,0.242,0.95,0.241
USR_02633,21.32,139.2,5.6,0.871,0.748,3,0.815,0.222,0.99,0.161,0.652
USR_02634,29.49,60.5,4.1,0.85,0.752,2,0.776,0.264,0.822,0.294,0.802
USR_02635,1.32,31.1,7.2,0.741,0.353,3,0.125,0.794,0.285,0.655,0.081
USR_02636,20.55,60.3,5.4,0.831,0.429,2,0.942,0.274,0.9,0.193,0.81
USR_02637,3.24,18.0,5.1,0.562,0.18,1,0.193,0.842,0.272,0.764,0.061
USR_02638,16.3,57.6,4.4,0.866,0.29,2,0.28,0.191,0.614,0.901,0.33
USR_02639,25.64,39.6,6.0,0.644,0.58,4,0.77,0.527,0.501,0.741,0.626
USR_02640,4.1,19.9,2.8,0.414,0.215,2,0.226,0.796,0.154,0.594,0.162
USR_02641,15.12,69.7,10.4,0.803,0.583,4,0.777,0.709,0.619,0.694,0.727
USR_02642,27.04,119.9,1.7,0.824,0.701,3,0.74,0.455,0.801,0.291,0.8
USR_02643,18.01,57.7,7.5,0.759,0.233,4,0.649,0.74,0.63,0.63,0.741
USR_02644,13.87,76.4,5.8,0.952,0.587,2,0.873,0.343,0.475,0.318,0.976
USR_02645,27.96,52.3,6.9,0.927,0.336,2,0.967,0.192,0.741,0.342,0.912
USR_02646,15.95,76.1,7.4,0.87,0.289,2,0.3,0.402,0.432,0.938,0.323
USR_02647,27.52,111.4,4.5,0.892,0.688,4,0.756,0.321,0.854,0.327,0.697
USR_02648,18.84,60.5,6.7,0.825,0.331,4,0.462,0.487,0.488,0.803,0.518
USR_02649,23.99,57.0,6.4,0.791,0.634,3,0.752,0.232,0.684,0.329,0.979
USR_02650,20.77,91.6,4.8,0.791,0.745,4,0.822,0.05,0.628,0.69,0.72
USR_02651,7.26,24.9,5.9,0.496,0.36,2,0.252,0.73,0.208,0.749,0.324
USR_02652,11.35,20.8,1.7,0.593,0.482,3,0.33,0.789,0.201,0.566,0.162
USR_02653,19.41,58.3,5.6,0.803,0.357,4,0.478,0.42,0.532,0.886,0.291
USR_02654,2.34,19.5,2.6,0.388,0.361,2,0.229,0.931,0.335,0.732,0.28
USR_02655,17.21,56.4,5.3,0.965,0.469,3,0.448,0.365,0.575,0.861,0.255
USR_02656,33.03,106.4,4.9,0.896,0.746,3,0.773,0.366,0.841,0.305,0.617
USR_02657,6.27,21.8,2.4,0.637,0.27,1,0.157,0.763,0.316,0.729,0.129
USR_02658,20.08,56.7,7.1,0.838,0.583,3,0.875,0.25,0.405,0.251,0.852
USR_02659,15.11,50.7,6.4,0.861,0.308,4,0.587,0.292,0.441,0.99,0.339
USR_02660,10.63,22.5,3.3,0.702,0.258,2,0.46,0.883,0.203,0.436,0.296
USR_02661,9.13,27.6,4.8,0.744,0.316,2,0.288,0.85,0.255,0.657,0.061
USR_02662,20.14,38.6,9.2,0.856,0.532,4,0.667,0.618,0.659,0.629,0.599
USR_02663,27.25,43.8,7.8,0.874,0.489,3,0.301,0.331,0.512,0.879,0.333
USR_02664,19.96,74.0,2.2,0.775,0.633,4,0.862,0.398,0.796,0.413,0.808
USR_02665,9.12,24.5,3.3,0.502,0.294,2,0.202,0.548,0.295,0.801,0.22
USR_02666,4.26,31.7,8.0,0.744,0.177,1,0.226,0.875,0.281,0.768,0.377
USR_02667,10.31,66.8,9.0,0.808,0.428,5,0.815,0.819,0.727,0.542,0.728
USR_02668,25.5,99.9,5.6,0.897,0.721,3,0.756,0.222,0.834,0.211,0.845
USR_02669,16.66,64.4,4.3,0.887,0.365,3,0.13,0.386,0.485,0.89,0.312
USR_02670,9.13,21.1,2.7,0.659,0.338,3,0.269,0.784,0.175,0.651,0.113
USR_02671,11.42,29.5,3.0,0.658,0.325,1,0.339,0.99,0.05,0.855,0.1
USR_02672,19.42,49.2,5.6,0.901,0.325,3,0.361,0.665,0.641,0.925,0.257
USR_02673,27.41,55.7,6.1,0.701,0.29,3,0.855,0.115,0.625,0.118,0.826
USR_02674,6.84,20.3,2.8,0.66,0.228,2,0.05,0.555,0.05,0.488,0.162
USR_02675,18.94,50.7,5.0,0.781,0.598,2,0.834,0.274,0.353,0.254,0.966
USR_02676,15.54,70.0,7.4,0.843,0.499,2,0.702,0.303,0.309,0.385,0.99
USR_02677,19.05,69.1,5.4,0.959,0.273,2,0.257,0.269,0.415,0.99,0.092
USR_02678,18.09,53.7,4.5,0.931,0.544,3,0.094,0.429,0.5,0.964,0.196
USR_02679,27.14,113.8,3.3,0.888,0.921,2,0.754,0.204,0.709,0.314,0.631
USR_02680,28.34,80.3,3.9,0.86,0.585,2,0.797,0.121,0.738,0.494,0.721
USR_02681,24.72,89.2,4.2,0.897,0.828,2,0.899,0.534,0.913,0.602,0.71
USR_02682,23.59,115.2,6.4,0.805,0.585,3,0.807,0.239,0.764,0.218,0.974
USR_02683,26.75,91.4,4.5,0.877,0.63,3,0.872,0.254,0.846,0.366,0.503
USR_02684,36.58,112.3,3.0,0.926,0.864,2,0.974,0.342,0.683,0.366,0.641
USR_02685,9.69,20.7,1.9,0.6,0.362,1,0.261,0.784,0.221,0.813,0.05
USR_02686,21.12,48.8,4.9,0.858,0.42,3,0.356,0.05,0.677,0.783,0.274
USR_02687,20.6,137.1,4.5,0.922,0.476,3,0.825,0.086,0.762,0.459,0.855
USR_02688,14.4,38.1,4.3,0.986,0.341,2,0.454,0.368,0.322,0.934,0.339
USR_02689,23.47,78.1,7.3,0.742,0.45,2,0.925,0.228,0.514,0.207,0.852
USR_02690,23.84,67.2,4.2,0.87,0.49,3,0.925,0.289,0.549,0.339,0.961
USR_02691,23.18,44.2,5.9,0.81,0.344,4,0.503,0.242,0.654,0.927,0.185
USR_02692,30.31,135.3,4.6,0.803,0.759,4,0.893,0.389,0.99,0.359,0.722
USR_02693,8.47,18.3,4.1,0.406,0.225,2,0.117,0.838,0.206,0.759,0.133
USR_02694,24.06,109.1,6.0,0.833,0.852,4,0.99,0.427,0.99,0.304,0.405
USR_02695,11.62,29.6,4.9,0.624,0.175,2,0.483,0.906,0.397,0.548,0.139
USR_02696,15.5,120.1,5.6,0.841,0.77,2,0.908,0.05,0.747,0.313,0.683
USR_02697,9.36,35.4,5.9,0.744,0.265,3,0.203,0.846,0.153,0.434,0.099
USR_02698,16.88,55.8,3.8,0.868,0.354,2,0.248,0.407,0.311,0.837,0.124
USR_02699,39.56,111.3,4.4,0.879,0.738,4,0.808,0.284,0.654,0.562,0.802
USR_02700,27.67,77.4,6.5,0.786,0.324,2,0.874,0.334,0.609,0.16,0.944
USR_02701,28.62,47.0,8.7,0.756,0.374,4,0.683,0.877,0.653,0.556,0.437
USR_02702,12.62,51.3,4.7,0.805,0.38,2,0.51,0.399,0.421,0.981,0.364
USR_02703,28.03,87.4,6.8,0.99,0.547,2,0.846,0.269,0.641,0.357,0.898
USR_02704,4.6,24.4,3.2,0.607,0.253,1,0.284,0.717,0.319,0.542,0.209
USR_02705,7.23,43.3,6.8,0.582,0.38,2,0.139,0.988,0.089,0.655,0.064
USR_02706,7.53,28.9,4.5,0.847,0.287,1,0.053,0.883,0.181,0.909,0.171
USR_02707,10.02,21.9,4.3,0.602,0.465,2,0.201,0.887,0.292,0.772,0.314
USR_02708,34.13,87.9,6.9,0.792,0.646,2,0.873,0.05,0.497,0.395,0.99
USR_02709,15.9,50.5,7.4,0.807,0.302,4,0.439,0.671,0.839,0.656,0.591
USR_02710,17.09,58.9,6.7,0.975,0.349,3,0.294,0.34,0.666,0.915,0.053
USR_02711,23.95,35.2,6.6,0.8,0.564,4,0.677,0.46,0.69,0.766,0.406
USR_02712,6.26,37.4,4.0,0.774,0.382,3,0.292,0.963,0.204,0.945,0.265
USR_02713,35.32,86.2,4.0,0.878,0.741,4,0.892,0.362,0.786,0.465,0.703
USR_02714,21.03,52.1,5.5,0.915,0.394,2,0.35,0.314,0.307,0.877,0.24
USR_02715,5.66,21.3,5.3,0.467,0.158,1,0.136,0.99,0.188,0.95,0.277
USR_02716,28.45,77.8,4.1,0.753,0.721,2,0.743,0.159,0.856,0.498,0.547
USR_02717,17.13,98.7,4.5,0.901,0.752,3,0.663,0.137,0.816,0.584,0.608
USR_02718,16.69,56.6,5.2,0.702,0.522,4,0.494,0.815,0.573,0.777,0.616
USR_02719,26.34,59.4,6.2,0.766,0.552,3,0.864,0.342,0.596,0.327,0.956
USR_02720,21.58,71.5,6.9,0.785,0.334,2,0.455,0.074,0.5,0.827,0.292
USR_02721,11.03,49.2,6.7,0.955,0.373,4,0.34,0.276,0.382,0.94,0.167
USR_02722,8.77,23.5,3.9,0.61,0.35,1,0.165,0.99,0.267,0.667,0.178
USR_02723,12.8,52.3,6.1,0.845,0.336,4,0.349,0.341,0.565,0.987,0.185
USR_02724,17.63,72.5,4.9,0.741,0.679,2,0.897,0.188,0.815,0.444,0.966
USR_02725,22.57,48.7,7.3,0.769,0.413,5,0.748,0.547,0.716,0.818,0.585
USR_02726,21.89,111.4,3.4,0.909,0.688,3,0.657,0.05,0.951,0.202,0.924
USR_02727,6.48,10.0,3.9,0.728,0.167,2,0.276,0.777,0.19,0.761,0.227
USR_02728,32.94,118.0,5.3,0.781,0.771,3,0.86,0.44,0.735,0.511,0.91
USR_02729,16.08,55.2,4.1,0.964,0.294,3,0.378,0.442,0.438,0.921,0.197
USR_02730,18.75,49.7,6.6,0.875,0.458,3,0.27,0.308,0.536,0.88,0.633
USR_02731,22.72,70.2,6.8,0.901,0.483,3,0.176,0.519,0.577,0.828,0.523
USR_02732,9.72,73.6,6.7,0.895,0.308,3,0.37,0.05,0.738,0.99,0.388
USR_02733,4.94,20.9,3.8,0.578,0.388,1,0.255,0.901,0.229,0.609,0.293
USR_02734,16.52,36.6,9.6,0.739,0.313,5,0.697,0.701,0.683,0.492,0.708
USR_02735,14.31,49.6,4.8,0.971,0.42,3,0.362,0.366,0.39,0.99,0.285
USR_02736,27.83,98.3,4.5,0.714,0.703,2,0.751,0.197,0.871,0.603,0.872
USR_02737,18.44,53.1,6.3,0.813,0.223,2,0.43,0.348,0.452,0.76,0.369
USR_02738,21.33,78.5,6.2,0.888,0.445,3,0.941,0.162,0.9,0.33,0.953
USR_02739,20.8,94.4,5.1,0.914,0.754,4,0.82,0.536,0.948,0.425,0.737
USR_02740,29.92,89.4,4.4,0.9,0.672,3,0.903,0.128,0.411,0.366,0.813
USR_02741,16.9,88.0,6.4,0.814,0.708,2,0.715,0.429,0.792,0.568,0.843
USR_02742,14.86,77.4,7.2,0.928,0.426,2,0.864,0.23,0.587,0.272,0.924
USR_02743,7.6,26.1,5.2,0.682,0.138,1,0.451,0.841,0.247,0.78,0.363
USR_02744,23.08,113.9,5.3,0.859,0.685,3,0.618,0.325,0.846,0.426,0.729
USR_02745,30.4,122.6,3.3,0.836,0.816,3,0.834,0.294,0.74,0.358,0.758
USR_02746,20.36,51.4,6.1,0.814,0.205,2,0.368,0.313,0.237,0.749,0.275
USR_02747,4.08,29.9,3.0,0.733,0.241,3,0.05,0.79,0.205,0.82,0.278
USR_02748,19.12,70.6,7.1,0.957,0.194,4,0.114,0.319,0.436,0.886,0.212
USR_02749,23.77,80.9,6.3,0.8,0.511,2,0.839,0.229,0.819,0.537,0.942
USR_02750,24.91,116.6,5.3,0.848,0.777,3,0.802,0.171,0.849,0.333,0.684
USR_02751,26.42,118.5,3.6,0.876,0.593,2,0.736,0.445,0.822,0.499,0.917
USR_02752,22.75,88.3,6.8,0.757,0.54,2,0.856,0.115,0.539,0.232,0.975
USR_02753,24.64,61.3,8.2,0.99,0.372,2,0.936,0.244,0.46,0.543,0.974
USR_02754,20.75,45.3,7.0,0.831,0.322,2,0.457,0.262,0.459,0.781,0.401
USR_02755,20.43,44.6,8.5,0.708,0.228,5,0.379,0.708,0.683,0.539,0.617
USR_02756,7.09,16.5,5.7,0.671,0.155,3,0.265,0.775,0.318,0.611,0.309
USR_02757,16.34,52.1,5.2,0.908,0.326,3,0.4,0.194,0.631,0.707,0.295
USR_02758,7.46,17.5,6.2,0.556,0.413,2,0.208,0.733,0.313,0.686,0.247
USR_02759,3.26,17.1,4.8,0.427,0.305,1,0.415,0.68,0.198,0.69,0.214
USR_02760,6.33,24.8,5.0,0.546,0.467,1,0.202,0.742,0.218,0.479,0.143
USR_02761,17.24,46.0,8.0,0.778,0.504,5,0.655,0.774,0.693,0.663,0.852
USR_02762,22.84,117.3,4.7,0.874,0.724,3,0.693,0.228,0.971,0.546,0.931
USR_02763,13.37,39.2,11.1,0.736,0.344,4,0.433,0.767,0.756,0.887,0.576
USR_02764,19.23,34.2,7.3,0.766,0.394,5,0.78,0.657,0.782,0.533,0.766
USR_02765,28.68,85.0,4.0,0.877,0.611,3,0.763,0.274,0.793,0.72,0.836
USR_02766,22.55,40.8,9.4,0.793,0.526,4,0.591,0.425,0.515,0.63,0.571
USR_02767,21.19,47.3,5.3,0.798,0.272,4,0.501,0.357,0.603,0.743,0.093
USR_02768,9.18,33.1,5.4,0.347,0.299,3,0.144,0.777,0.253,0.739,0.288
USR_02769,8.04,17.6,3.5,0.711,0.212,1,0.229,0.759,0.237,0.598,0.129
USR_02770,19.45,89.9,4.1,0.894,0.809,3,0.679,0.13,0.822,0.383,0.855
USR_02771,32.94,117.5,4.2,0.914,0.721,3,0.784,0.284,0.74,0.348,0.793
USR_02772,21.89,60.3,5.8,0.934,0.429,3,0.224,0.409,0.768,0.967,0.403
USR_02773,19.5,49.5,6.3,0.693,0.371,5,0.583,0.895,0.946,0.746,0.533
USR_02774,20.04,26.5,6.6,0.589,0.282,4,0.853,0.623,0.706,0.838,0.489
USR_02775,2.76,30.5,5.0,0.647,0.387,2,0.303,0.93,0.3,0.857,0.203
USR_02776,40.42,93.8,4.7,0.934,0.851,2,0.922,0.149,0.99,0.312,0.759
USR_02777,8.16,26.8,3.2,0.609,0.417,1,0.26,0.891,0.173,0.721,0.26
USR_02778,17.56,58.0,5.0,0.92,0.398,2,0.258,0.39,0.634,0.982,0.174
USR_02779,19.92,61.1,7.0,0.874,0.607,3,0.881,0.283,0.431,0.339,0.99
USR_02780,24.93,61.6,11.6,0.731,0.749,5,0.56,0.827,0.67,0.823,0.371
USR_02781,24.48,46.2,6.0,0.839,0.555,3,0.742,0.25,0.941,0.357,0.742
USR_02782,20.33,53.8,4.3,0.877,0.441,2,0.203,0.505,0.587,0.953,0.308
USR_02783,9.31,22.8,3.8,0.562,0.33,1,0.203,0.98,0.195,0.574,0.092
USR_02784,30.76,60.0,6.1,0.744,0.843,3,0.915,0.25,0.686,0.285,0.664
USR_02785,21.06,32.1,9.5,0.73,0.538,4,0.717,0.575,0.687,0.738,0.847
USR_02786,21.1,53.1,5.2,0.884,0.57,3,0.955,0.097,0.959,0.343,0.99
USR_02787,17.0,54.3,4.6,0.891,0.236,4,0.356,0.318,0.511,0.873,0.438
USR_02788,16.46,62.0,8.2,0.79,0.264,4,0.795,0.762,0.685,0.889,0.49
USR_02789,29.31,109.5,4.9,0.841,0.839,3,0.788,0.275,0.74,0.55,0.591
USR_02790,14.18,46.2,9.0,0.661,0.679,5,0.381,0.544,0.807,0.837,0.467
USR_02791,8.54,28.5,2.6,0.452,0.227,3,0.34,0.663,0.256,0.587,0.305
USR_02792,18.05,41.1,11.5,0.811,0.487,5,0.574,0.637,0.792,0.795,0.517
USR_02793,7.98,28.7,6.2,0.533,0.369,1,0.28,0.99,0.215,0.628,0.323
USR_02794,12.3,27.5,6.0,0.458,0.321,2,0.324,0.824,0.119,0.711,0.26
USR_02795,12.82,53.1,7.7,0.859,0.454,3,0.349,0.425,0.509,0.97,0.21
USR_02796,17.45,92.5,4.9,0.91,0.793,3,0.678,0.249,0.86,0.654,0.859
USR_02797,4.6,21.4,3.5,0.694,0.467,2,0.202,0.691,0.179,0.593,0.255
USR_02798,3.6,35.2,2.4,0.653,0.117,2,0.255,0.674,0.148,0.586,0.143
USR_02799,20.53,38.3,8.3,0.79,0.405,4,0.839,0.225,0.546,0.589,0.401
USR_02800,28.1,92.0,5.1,0.788,0.623,3,0.877,0.34,0.89,0.476,0.458
USR_02801,6.04,11.2,4.8,0.438,0.278,1,0.219,0.845,0.178,0.513,0.17
USR_02802,20.41,64.6,6.4,0.823,0.4,2,0.476,0.297,0.52,0.858,0.209
USR_02803,19.81,86.2,6.0,0.861,0.616,4,0.931,0.308,0.919,0.354,0.724
USR_02804,27.48,85.0,5.4,0.901,0.854,2,0.77,0.211,0.777,0.332,0.809
USR_02805,11.46,38.4,6.3,0.578,0.443,1,0.283,0.789,0.398,0.815,0.347
USR_02806,24.07,38.0,8.9,0.669,0.338,4,0.546,0.739,0.536,0.5,0.59
USR_02807,20.74,123.3,2.8,0.741,0.777,4,0.674,0.357,0.836,0.493,0.616
USR_02808,5.14,25.3,3.7,0.668,0.454,2,0.445,0.717,0.232,0.706,0.05
USR_02809,18.98,49.8,8.2,0.894,0.288,4,0.614,0.616,0.935,0.671,0.365
USR_02810,27.97,19.9,5.1,0.758,0.553,3,0.541,0.282,0.78,0.265,0.595
USR_02811,15.2,58.0,5.2,0.816,0.401,2,0.732,0.05,0.411,0.221,0.99
USR_02812,21.59,78.8,4.7,0.94,0.638,4,0.787,0.245,0.837,0.473,0.955
USR_02813,21.54,69.4,3.3,0.99,0.517,2,0.899,0.164,0.642,0.337,0.84
USR_02814,24.68,67.9,4.7,0.777,0.691,4,0.802,0.213,0.75,0.364,0.989
USR_02815,19.37,59.8,10.6,0.99,0.696,5,0.81,0.64,0.709,0.714,0.253
USR_02816,12.55,44.1,5.5,0.879,0.304,2,0.274,0.525,0.536,0.912,0.287
USR_02817,12.75,26.8,4.1,0.585,0.345,1,0.162,0.67,0.278,0.752,0.076
USR_02818,28.26,68.0,8.1,0.946,0.404,3,0.96,0.263,0.554,0.461,0.969
USR_02819,22.45,60.5,7.4,0.741,0.35,3,0.267,0.183,0.749,0.838,0.207
USR_02820,8.86,14.3,2.6,0.581,0.317,2,0.273,0.739,0.279,0.596,0.142
USR_02821,16.53,62.0,7.6,0.924,0.247,3,0.531,0.465,0.685,0.83,0.132
USR_02822,20.67,54.6,2.9,0.847,0.392,4,0.357,0.399,0.766,0.883,0.417
USR_02823,17.06,27.7,5.1,0.905,0.528,3,0.449,0.65,0.608,0.737,0.249
USR_02824,20.74,65.1,5.8,0.7,0.428,4,0.505,0.495,0.619,0.646,0.388
USR_02825,16.24,70.9,6.2,0.987,0.411,4,0.428,0.358,0.446,0.94,0.16
USR_02826,25.17,120.3,3.8,0.887,0.56,2,0.792,0.155,0.797,0.363,0.961
USR_02827,23.04,53.4,8.9,0.583,0.434,4,0.578,0.607,0.879,0.736,0.397
USR_02828,18.9,67.7,6.0,0.906,0.448,3,0.294,0.281,0.427,0.826,0.128
USR_02829,25.7,80.0,8.1,0.741,0.314,3,0.721,0.312,0.297,0.312,0.849
USR_02830,33.1,81.2,5.7,0.871,0.917,3,0.99,0.286,0.899,0.369,0.99
USR_02831,11.52,53.6,6.5,0.858,0.392,2,0.113,0.263,0.767,0.78,0.221
USR_02832,27.36,77.8,9.0,0.785,0.443,4,0.393,0.803,0.532,0.526,0.639
USR_02833,32.58,41.6,4.1,0.797,0.706,4,0.715,0.145,0.814,0.294,0.685
USR_02834,25.83,61.4,9.3,0.923,0.399,3,0.88,0.22,0.7,0.215,0.949
USR_02835,37.66,96.1,4.8,0.841,0.711,2,0.655,0.517,0.878,0.524,0.729
USR_02836,17.63,65.5,5.0,0.912,0.429,2,0.362,0.239,0.327,0.99,0.103
USR_02837,21.78,80.2,5.4,0.852,0.601,2,0.792,0.462,0.663,0.131,0.57
USR_02838,26.1,39.8,11.7,0.715,0.479,5,0.668,0.537,0.41,0.733,0.582
USR_02839,21.6,43.5,7.0,0.792,0.452,5,0.694,0.63,0.466,0.858,0.728
USR_02840,20.38,61.2,4.9,0.945,0.646,3,0.672,0.313,0.8,0.246,0.803
USR_02841,17.98,59.3,5.1,0.812,0.484,2,0.897,0.313,0.551,0.371,0.99
USR_02842,29.41,84.7,6.1,0.932,0.587,3,0.845,0.249,0.688,0.147,0.935
USR_02843,7.33,27.9,4.6,0.695,0.415,2,0.243,0.856,0.098,0.782,0.227
USR_02844,12.62,51.2,3.7,0.873,0.286,3,0.21,0.072,0.543,0.924,0.369
USR_02845,16.6,57.2,4.7,0.775,0.304,4,0.383,0.632,0.619,0.916,0.365
USR_02846,19.54,79.1,7.7,0.873,0.494,3,0.934,0.155,0.178,0.536,0.958
USR_02847,13.73,60.2,5.8,0.943,0.372,2,0.178,0.564,0.479,0.876,0.554
USR_02848,7.37,20.1,5.5,0.291,0.292,2,0.237,0.854,0.277,0.74,0.182
USR_02849,28.93,103.8,4.1,0.727,0.716,3,0.819,0.445,0.99,0.493,0.449
USR_02850,21.12,43.5,5.9,0.809,0.427,4,0.652,0.746,0.335,0.736,0.312
USR_02851,9.41,30.9,2.9,0.456,0.05,2,0.427,0.75,0.221,0.797,0.313
USR_02852,7.69,37.7,1.2,0.689,0.291,2,0.208,0.908,0.243,0.848,0.243
USR_02853,13.47,47.6,10.9,0.635,0.405,4,0.418,0.579,0.529,0.704,0.826
USR_02854,26.24,72.1,3.6,0.735,0.648,3,0.791,0.36,0.825,0.33,0.699
USR_02855,4.66,38.3,5.0,0.675,0.435,2,0.264,0.774,0.226,0.427,0.289
USR_02856,23.17,91.5,7.2,0.768,0.568,3,0.857,0.395,0.552,0.407,0.99
USR_02857,16.16,87.2,5.7,0.827,0.804,2,0.757,0.149,0.853,0.412,0.783
USR_02858,34.05,56.3,4.5,0.904,0.759,2,0.937,0.367,0.625,0.32,0.63
USR_02859,16.09,56.1,4.7,0.855,0.308,3,0.19,0.27,0.786,0.857,0.222
USR_02860,3.76,32.5,2.6,0.428,0.292,2,0.205,0.858,0.261,0.81,0.145
USR_02861,30.03,49.0,5.4,0.861,0.346,2,0.807,0.249,0.432,0.05,0.863
USR_02862,17.89,30.1,8.0,0.562,0.447,5,0.532,0.749,0.854,0.683,0.654
USR_02863,4.11,10.7,4.3,0.75,0.302,2,0.129,0.939,0.367,0.633,0.13
USR_02864,23.56,81.7,6.2,0.657,0.464,3,0.749,0.18,0.624,0.239,0.94
USR_02865,23.06,92.0,3.7,0.988,0.792,4,0.72,0.052,0.806,0.226,0.837
USR_02866,23.6,74.4,3.2,0.886,0.704,3,0.624,0.196,0.838,0.434,0.739
USR_02867,30.21,88.9,6.5,0.793,0.567,2,0.941,0.166,0.598,0.155,0.923
USR_02868,27.44,52.8,5.7,0.88,0.375,3,0.38,0.676,0.519,0.841,0.295
USR_02869,21.38,43.2,4.9,0.97,0.338,2,0.287,0.282,0.499,0.99,0.262
USR_02870,17.42,99.1,8.5,0.751,0.468,2,0.801,0.196,0.429,0.466,0.942
USR_02871,18.06,25.3,8.9,0.724,0.082,5,0.575,0.376,0.635,0.465,0.31
USR_02872,27.78,73.3,5.8,0.896,0.507,2,0.95,0.289,0.692,0.421,0.96
USR_02873,20.97,53.6,6.5,0.882,0.475,3,0.4,0.189,0.401,0.799,0.128
USR_02874,20.71,100.6,4.4,0.99,0.832,3,0.814,0.321,0.817,0.281,0.705
USR_02875,15.93,66.3,3.9,0.981,0.186,2,0.185,0.305,0.598,0.966,0.15
USR_02876,24.19,43.5,8.3,0.581,0.435,4,0.707,0.743,0.427,0.931,0.721
USR_02877,31.67,67.9,6.4,0.713,0.348,5,0.574,0.557,0.717,0.616,0.481
USR_02878,29.76,75.1,4.2,0.937,0.558,4,0.63,0.25,0.621,0.433,0.543
USR_02879,15.31,37.7,9.2,0.822,0.327,5,0.462,0.847,0.742,0.686,0.599
USR_02880,28.25,113.0,5.5,0.836,0.793,2,0.835,0.333,0.912,0.6,0.73
USR_02881,21.97,59.8,8.3,0.707,0.328,2,0.917,0.133,0.555,0.352,0.798
USR_02882,25.75,85.3,6.9,0.828,0.343,2,0.804,0.173,0.717,0.443,0.884
USR_02883,12.18,78.8,5.2,0.883,0.5,3,0.431,0.568,0.735,0.944,0.402
USR_02884,16.66,68.2,6.5,0.916,0.443,3,0.904,0.149,0.467,0.389,0.774
USR_02885,22.44,54.7,7.9,0.821,0.454,3,0.397,0.378,0.349,0.872,0.293
USR_02886,9.2,30.8,1.7,0.497,0.244,2,0.224,0.903,0.148,0.605,0.134
USR_02887,22.04,44.5,6.6,0.66,0.5,5,0.67,0.701,0.513,0.761,0.693
USR_02888,7.73,29.0,4.6,0.489,0.426,2,0.369,0.799,0.119,0.636,0.299
USR_02889,19.07,56.1,6.9,0.965,0.299,4,0.442,0.388,0.61,0.867,0.407
USR_02890,15.82,37.0,4.6,0.815,0.315,3,0.637,0.452,0.406,0.983,0.328
USR_02891,32.6,91.2,3.1,0.876,0.754,3,0.99,0.262,0.926,0.455,0.772
USR_02892,21.43,57.2,5.7,0.77,0.383,3,0.286,0.249,0.562,0.99,0.067
USR_02893,16.58,49.1,4.9,0.583,0.471,4,0.782,0.741,0.708,0.691,0.555
USR_02894,32.79,53.2,3.9,0.66,0.636,5,0.671,0.572,0.499,0.619,0.804
USR_02895,24.35,121.1,7.1,0.92,0.567,4,0.854,0.177,0.99,0.133,0.909
USR_02896,21.21,44.2,6.4,0.773,0.396,2,0.25,0.355,0.487,0.845,0.167
USR_02897,21.58,45.3,8.4,0.709,0.474,5,0.686,0.396,0.544,0.651,0.421
USR_02898,23.95,57.0,5.8,0.886,0.441,3,0.87,0.267,0.421,0.62,0.99
USR_02899,6.97,42.9,3.4,0.546,0.394,1,0.152,0.816,0.349,0.814,0.176
USR_02900,15.84,56.8,5.2,0.749,0.365,4,0.282,0.359,0.644,0.99,0.338
USR_02901,17.6,38.5,6.6,0.885,0.326,4,0.162,0.478,0.463,0.926,0.264
USR_02902,16.75,44.3,6.6,0.881,0.614,2,0.95,0.05,0.674,0.326,0.892
USR_02903,21.86,64.6,4.1,0.715,0.529,2,0.749,0.418,0.763,0.345,0.946
USR_02904,19.83,79.8,6.4,0.78,0.503,3,0.96,0.338,0.644,0.434,0.99
USR_02905,31.51,108.7,5.4,0.975,0.853,4,0.761,0.372,0.82,0.573,0.99
USR_02906,17.85,60.8,5.9,0.906,0.33,3,0.227,0.276,0.526,0.883,0.261
USR_02907,12.73,51.6,4.9,0.957,0.29,2,0.191,0.483,0.304,0.873,0.415
USR_02908,20.4,132.2,4.8,0.861,0.654,4,0.922,0.188,0.923,0.274,0.59
USR_02909,25.35,42.4,6.2,0.763,0.394,5,0.776,0.535,0.653,0.646,0.481
USR_02910,20.57,57.2,9.5,0.776,0.131,5,0.495,0.443,0.618,0.626,0.646
USR_02911,22.31,58.5,6.1,0.747,0.519,3,0.796,0.063,0.684,0.381,0.904
USR_02912,35.35,114.9,2.9,0.785,0.635,3,0.861,0.272,0.869,0.235,0.77
USR_02913,5.56,28.5,1.3,0.62,0.402,1,0.324,0.858,0.213,0.589,0.05
USR_02914,16.58,62.9,5.3,0.99,0.286,3,0.424,0.21,0.458,0.971,0.581
USR_02915,27.02,94.3,4.2,0.949,0.646,2,0.891,0.145,0.632,0.567,0.48
USR_02916,7.14,37.6,7.7,0.602,0.211,1,0.407,0.886,0.05,0.76,0.05
USR_02917,17.95,81.8,6.2,0.985,0.417,2,0.913,0.152,0.471,0.361,0.983
USR_02918,16.4,54.5,12.7,0.558,0.443,4,0.827,0.747,0.817,0.66,0.812
USR_02919,4.66,30.3,5.1,0.826,0.516,1,0.09,0.99,0.142,0.641,0.435
USR_02920,17.23,44.4,5.9,0.973,0.359,3,0.301,0.436,0.827,0.907,0.353
USR_02921,19.05,45.7,4.1,0.797,0.241,2,0.414,0.199,0.514,0.945,0.244
USR_02922,7.75,15.9,4.1,0.697,0.343,1,0.267,0.99,0.2,0.836,0.116
USR_02923,24.5,64.2,6.0,0.694,0.357,2,0.894,0.404,0.498,0.184,0.876
USR_02924,10.6,34.5,3.8,0.439,0.126,1,0.124,0.798,0.34,0.717,0.094
USR_02925,21.34,53.5,6.6,0.99,0.377,3,0.233,0.513,0.683,0.99,0.394
USR_02926,28.15,96.3,5.6,0.865,0.946,4,0.607,0.128,0.868,0.658,0.715
USR_02927,23.68,54.9,5.9,0.978,0.225,4,0.229,0.348,0.664,0.988,0.185
USR_02928,9.73,35.5,4.2,0.619,0.516,2,0.492,0.919,0.133,0.931,0.113
USR_02929,8.73,45.7,6.7,0.905,0.346,4,0.243,0.465,0.505,0.741,0.25
USR_02930,10.96,56.6,7.7,0.703,0.36,5,0.565,0.624,0.865,0.665,0.431
USR_02931,22.84,57.7,5.7,0.746,0.388,4,0.683,0.571,0.648,0.682,0.611
USR_02932,20.36,73.0,7.3,0.797,0.722,3,0.808,0.466,0.722,0.246,0.942
USR_02933,32.89,67.1,4.1,0.816,0.567,2,0.809,0.228,0.572,0.282,0.936
USR_02934,19.34,40.7,5.2,0.825,0.433,4,0.669,0.645,0.85,0.674,0.771
USR_02935,16.14,89.5,6.8,0.887,0.314,2,0.841,0.37,0.591,0.293,0.99
USR_02936,5.75,30.6,2.4,0.664,0.416,1,0.283,0.928,0.337,0.593,0.322
USR_02937,24.86,64.5,7.7,0.858,0.368,4,0.745,0.938,0.504,0.793,0.857
USR_02938,20.63,50.4,8.0,0.592,0.217,4,0.33,0.556,0.761,0.414,0.522
USR_02939,8.18,28.8,4.1,0.653,0.198,2,0.05,0.895,0.257,0.403,0.132
USR_02940,22.78,75.9,5.6,0.872,0.462,2,0.974,0.263,0.579,0.486,0.933
USR_02941,26.62,135.8,4.8,0.858,0.772,3,0.779,0.31,0.641,0.46,0.647
USR_02942,29.55,63.7,3.9,0.982,0.527,2,0.9,0.144,0.253,0.438,0.839
USR_02943,15.31,37.4,9.9,0.795,0.287,5,0.502,0.625,0.598,0.9,0.714
USR_02944,8.04,12.8,6.1,0.455,0.316,2,0.165,0.913,0.226,0.666,0.177
USR_02945,11.03,70.3,9.7,0.64,0.302,4,0.55,0.599,0.426,0.594,0.52
USR_02946,29.57,96.7,4.9,0.956,0.798,3,0.804,0.232,0.911,0.085,0.587
USR_02947,5.45,32.3,4.7,0.571,0.294,3,0.375,0.977,0.382,0.644,0.334
USR_02948,31.94,43.1,7.1,0.932,0.552,2,0.827,0.2,0.702,0.251,0.945
USR_02949,19.28,54.6,5.7,0.821,0.232,3,0.457,0.17,0.821,0.963,0.319
USR_02950,9.45,36.0,4.6,0.412,0.268,1,0.39,0.808,0.242,0.671,0.25
USR_02951,30.71,103.5,3.3,0.857,0.74,3,0.641,0.343,0.99,0.297,0.725
USR_02952,19.56,69.2,4.4,0.95,0.299,2,0.255,0.059,0.445,0.856,0.527
USR_02953,18.56,53.1,7.6,0.73,0.364,3,0.402,0.441,0.628,0.897,0.391
USR_02954,22.17,53.2,5.5,0.964,0.184,2,0.329,0.097,0.474,0.876,0.444
USR_02955,17.35,55.6,9.6,0.838,0.41,3,0.414,0.386,0.71,0.891,0.305
USR_02956,12.03,66.8,5.1,0.818,0.595,2,0.989,0.112,0.618,0.273,0.914
USR_02957,5.63,19.5,6.0,0.565,0.307,3,0.332,0.823,0.19,0.682,0.265
USR_02958,8.44,26.1,4.3,0.66,0.199,2,0.113,0.731,0.447,0.656,0.298
USR_02959,18.56,65.9,6.3,0.768,0.437,2,0.383,0.512,0.566,0.99,0.164
USR_02960,28.32,46.7,6.9,0.944,0.374,2,0.735,0.2,0.834,0.305,0.987
USR_02961,9.03,28.5,6.6,0.715,0.39,1,0.528,0.976,0.103,0.437,0.051
USR_02962,11.62,56.2,8.2,0.774,0.168,3,0.875,0.298,0.527,0.05,0.971
USR_02963,29.14,62.9,8.3,0.809,0.532,3,0.843,0.096,0.534,0.394,0.99
USR_02964,35.69,124.8,5.5,0.868,0.647,4,0.982,0.302,0.675,0.439,0.785
USR_02965,9.42,25.7,2.1,0.662,0.378,1,0.276,0.823,0.326,0.692,0.05
USR_02966,4.26,25.8,6.2,0.594,0.45,2,0.247,0.833,0.173,0.516,0.222
USR_02967,1.61,22.7,4.8,0.635,0.414,3,0.203,0.729,0.24,0.585,0.309
USR_02968,17.53,26.5,5.4,0.899,0.319,3,0.182,0.531,0.553,0.957,0.202
USR_02969,22.04,101.0,3.8,0.844,0.89,3,0.771,0.207,0.794,0.182,0.769
USR_02970,19.04,62.9,6.2,0.944,0.438,4,0.314,0.317,0.466,0.83,0.337
USR_02971,24.3,52.2,6.0,0.99,0.536,3,0.863,0.329,0.612,0.289,0.99
USR_02972,24.69,65.2,8.1,0.824,0.441,2,0.771,0.129,0.766,0.209,0.874
USR_02973,31.09,95.7,5.8,0.809,0.55,3,0.812,0.176,0.853,0.148,0.944
USR_02974,7.28,23.2,3.1,0.559,0.304,2,0.403,0.885,0.226,0.547,0.166
USR_02975,19.68,51.7,8.6,0.83,0.286,4,0.667,0.46,0.634,0.776,0.531
USR_02976,21.77,79.7,5.0,0.779,0.369,2,0.793,0.281,0.476,0.354,0.874
USR_02977,23.62,56.3,6.7,0.751,0.618,3,0.804,0.309,0.763,0.259,0.858
USR_02978,18.58,27.0,9.0,0.803,0.3,5,0.845,0.657,0.479,0.9,0.662
USR_02979,24.58,91.8,6.3,0.794,0.335,3,0.852,0.264,0.535,0.414,0.941
USR_02980,24.41,35.1,9.1,0.76,0.56,5,0.829,0.459,0.681,0.602,0.754
USR_02981,20.07,53.3,9.9,0.846,0.474,3,0.789,0.226,0.621,0.202,0.895
USR_02982,5.94,23.0,5.4,0.593,0.189,2,0.109,0.921,0.193,0.656,0.05
USR_02983,21.03,52.4,7.4,0.865,0.421,4,0.304,0.662,0.575,0.896,0.363
USR_02984,28.83,61.7,7.4,0.944,0.477,2,0.869,0.161,0.632,0.321,0.851
USR_02985,25.79,76.9,5.0,0.827,0.542,3,0.333,0.474,0.623,0.936,0.098
USR_02986,26.46,53.3,5.8,0.823,0.339,3,0.778,0.146,0.596,0.23,0.976
USR_02987,16.28,40.5,8.1,0.899,0.534,4,0.335,0.26,0.699,0.91,0.414
USR_02988,4.51,28.8,6.1,0.341,0.275,3,0.05,0.797,0.101,0.437,0.178
USR_02989,7.78,10.9,5.5,0.678,0.278,1,0.264,0.713,0.225,0.524,0.145
USR_02990,6.45,17.7,4.0,0.598,0.377,2,0.259,0.99,0.167,0.724,0.321
USR_02991,2.59,27.3,3.7,0.351,0.341,3,0.297,0.894,0.192,0.617,0.118
USR_02992,31.09,93.5,4.3,0.76,0.876,4,0.76,0.199,0.963,0.391,0.644
USR_02993,24.21,122.5,4.3,0.869,0.723,3,0.782,0.127,0.639,0.296,0.922
USR_02994,20.2,42.0,7.4,0.983,0.381,3,0.99,0.282,0.634,0.206,0.895
USR_02995,18.02,79.6,4.1,0.93,0.736,3,0.758,0.227,0.646,0.437,0.639
USR_02996,21.49,79.5,8.2,0.927,0.319,3,0.435,0.224,0.391,0.905,0.266
USR_02997,29.63,49.7,6.7,0.458,0.391,4,0.676,0.936,0.742,0.788,0.78
USR_02998,23.92,76.3,4.1,0.754,0.282,3,0.968,0.295,0.866,0.226,0.948
USR_02999,20.07,71.2,7.2,0.817,0.504,3,0.934,0.365,0.545,0.342,0.961
USR_03000,22.09,51.8,8.1,0.99,0.235,4,0.528,0.581,0.66,0.777,0.716
USR_03001,26.2,89.7,6.7,0.876,0.659,4,0.852,0.3,0.965,0.279,0.868
USR_03002,24.86,110.0,3.8,0.801,0.56,2,0.734,0.452,0.841,0.513,0.525
USR_03003,15.49,131.0,5.6,0.804,0.665,3,0.787,0.317,0.872,0.482,0.697
USR_03004,2.89,28.7,5.9,0.667,0.267,1,0.342,0.966,0.224,0.632,0.063
USR_03005,18.64,52.1,5.7,0.803,0.054,3,0.335,0.52,0.423,0.959,0.12
USR_03006,23.66,102.0,4.2,0.749,0.567,2,0.99,0.105,0.759,0.238,0.967
USR_03007,20.46,30.6,8.8,0.562,0.453,4,0.637,0.619,0.472,0.804,0.444
USR_03008,17.02,53.5,5.1,0.91,0.53,3,0.99,0.286,0.363,0.376,0.99
USR_03009,20.98,52.2,5.0,0.981,0.293,3,0.255,0.357,0.511,0.862,0.378
USR_03010,11.22,64.4,5.7,0.862,0.422,4,0.141,0.538,0.669,0.766,0.228
USR_03011,18.6,57.7,6.7,0.944,0.441,3,0.988,0.29,0.64,0.172,0.99
USR_03012,6.31,28.9,3.5,0.63,0.3,1,0.094,0.99,0.388,0.695,0.178
USR_03013,19.04,29.1,11.0,0.592,0.512,5,0.542,0.771,0.631,0.685,0.605
USR_03014,33.18,108.9,4.8,0.86,0.634,4,0.518,0.21,0.828,0.198,0.493
USR_03015,6.37,37.9,2.3,0.467,0.344,2,0.26,0.894,0.261,0.758,0.218
USR_03016,25.03,80.8,3.3,0.807,0.827,4,0.704,0.38,0.799,0.383,0.459
USR_03017,15.81,51.2,5.0,0.803,0.27,3,0.377,0.653,0.677,0.99,0.324
USR_03018,15.86,85.6,2.1,0.913,0.533,3,0.783,0.276,0.76,0.504,0.69
USR_03019,13.04,71.1,8.6,0.846,0.371,5,0.735,0.494,0.614,0.495,0.42
USR_03020,17.99,60.0,3.1,0.878,0.516,4,0.368,0.562,0.634,0.828,0.407
USR_03021,21.72,76.9,5.9,0.754,0.2,4,0.244,0.41,0.603,0.972,0.313
USR_03022,2.25,24.9,4.2,0.586,0.161,2,0.291,0.884,0.167,0.833,0.121
USR_03023,22.1,107.2,4.4,0.802,0.799,4,0.86,0.332,0.913,0.475,0.779
USR_03024,34.77,48.4,4.1,0.766,0.834,2,0.78,0.323,0.919,0.366,0.813
USR_03025,19.7,38.6,9.9,0.906,0.474,4,0.665,0.828,0.824,0.566,0.429
USR_03026,21.97,104.6,5.9,0.978,0.516,3,0.99,0.213,0.648,0.452,0.869
USR_03027,8.97,30.1,2.2,0.569,0.258,1,0.058,0.762,0.18,0.726,0.196
USR_03028,30.08,89.6,4.0,0.812,0.555,2,0.927,0.13,0.598,0.208,0.796
USR_03029,36.81,102.7,5.1,0.82,0.797,2,0.793,0.358,0.655,0.567,0.59
USR_03030,23.66,106.5,4.6,0.724,0.762,3,0.795,0.211,0.716,0.764,0.681
USR_03031,28.4,98.3,5.5,0.886,0.694,3,0.909,0.295,0.687,0.526,0.611
USR_03032,23.74,80.1,7.2,0.898,0.486,2,0.874,0.159,0.465,0.387,0.99
USR_03033,15.14,55.2,4.9,0.847,0.344,3,0.427,0.699,0.556,0.85,0.256
USR_03034,14.12,42.8,7.4,0.917,0.49,3,0.423,0.562,0.501,0.966,0.201
USR_03035,15.26,100.2,4.4,0.796,0.685,3,0.793,0.34,0.763,0.261,0.695
USR_03036,28.1,36.2,5.9,0.799,0.5,3,0.38,0.427,0.436,0.917,0.256
USR_03037,2.54,24.0,3.5,0.504,0.363,1,0.266,0.852,0.349,0.673,0.243
USR_03038,28.35,74.0,4.8,0.897,0.842,3,0.567,0.128,0.99,0.204,0.87
USR_03039,16.99,47.7,5.1,0.844,0.198,2,0.331,0.14,0.568,0.919,0.235
USR_03040,20.21,39.3,9.6,0.697,0.362,4,0.631,0.459,0.716,0.528,0.623
USR_03041,17.02,49.3,9.8,0.671,0.346,5,0.697,0.39,0.667,0.643,0.535
USR_03042,11.77,84.4,5.5,0.839,0.658,3,0.833,0.319,0.89,0.36,0.48
USR_03043,29.09,108.7,4.9,0.789,0.763,3,0.719,0.092,0.956,0.425,0.656
USR_03044,11.21,44.3,6.4,0.951,0.307,3,0.503,0.534,0.446,0.708,0.408
USR_03045,11.1,27.0,2.9,0.579,0.228,1,0.336,0.77,0.215,0.868,0.333
USR_03046,25.83,60.8,4.0,0.964,0.266,3,0.217,0.25,0.523,0.89,0.431
USR_03047,29.23,63.4,7.6,0.811,0.751,3,0.729,0.188,0.482,0.394,0.843
USR_03048,17.95,47.6,7.0,0.844,0.339,3,0.557,0.192,0.649,0.873,0.182
USR_03049,30.28,57.3,4.1,0.891,0.759,4,0.831,0.456,0.852,0.513,0.626
USR_03050,21.01,19.0,9.7,0.671,0.598,4,0.704,0.641,0.665,0.906,0.657
USR_03051,34.54,88.4,4.5,0.757,0.63,3,0.579,0.258,0.96,0.472,0.722
USR_03052,22.11,46.2,6.2,0.819,0.427,4,0.38,0.311,0.511,0.938,0.318
USR_03053,16.86,51.1,5.7,0.934,0.371,2,0.279,0.436,0.373,0.99,0.201
USR_03054,27.58,120.4,5.4,0.88,0.575,2,0.665,0.336,0.876,0.445,0.601
USR_03055,4.56,20.9,1.4,0.715,0.332,1,0.114,0.801,0.252,0.542,0.402
USR_03056,15.68,61.3,6.3,0.99,0.268,2,0.23,0.072,0.788,0.908,0.46
USR_03057,9.61,24.3,5.0,0.466,0.393,1,0.281,0.735,0.141,0.527,0.195
USR_03058,20.65,92.4,5.2,0.851,0.242,3,0.855,0.05,0.757,0.368,0.827
USR_03059,13.75,67.9,5.9,0.921,0.421,3,0.405,0.272,0.446,0.792,0.335
USR_03060,22.92,86.1,4.6,0.821,0.598,3,0.806,0.175,0.916,0.606,0.637
USR_03061,25.39,55.2,8.7,0.622,0.415,4,0.604,0.632,0.542,0.594,0.57
USR_03062,21.54,47.8,7.6,0.714,0.248,5,0.5,0.688,0.558,0.773,0.529
USR_03063,6.12,29.6,5.3,0.536,0.54,1,0.182,0.68,0.222,0.751,0.169
USR_03064,19.61,59.8,7.1,0.871,0.248,3,0.325,0.247,0.323,0.99,0.453
USR_03065,18.38,79.8,7.9,0.831,0.488,3,0.869,0.12,0.506,0.398,0.918
USR_03066,5.71,13.5,3.2,0.654,0.391,1,0.41,0.757,0.306,0.572,0.178
USR_03067,11.93,66.1,7.5,0.886,0.407,4,0.227,0.62,0.565,0.764,0.05
USR_03068,15.46,47.9,5.3,0.821,0.605,5,0.602,0.328,0.63,0.912,0.554
USR_03069,30.65,95.9,6.5,0.919,0.588,2,0.98,0.188,0.492,0.218,0.964
USR_03070,13.41,55.7,5.9,0.972,0.408,3,0.417,0.332,0.55,0.99,0.332
USR_03071,10.63,23.2,6.9,0.689,0.376,2,0.103,0.867,0.201,0.745,0.147
USR_03072,22.73,27.5,9.5,0.935,0.361,5,0.905,0.646,0.554,0.697,0.49
USR_03073,18.79,73.3,5.6,0.839,0.388,4,0.255,0.17,0.44,0.834,0.218
USR_03074,30.65,98.6,3.5,0.819,0.871,3,0.892,0.144,0.729,0.587,0.701
USR_03075,24.71,60.1,10.4,0.884,0.518,4,0.795,0.575,0.61,0.727,0.757
USR_03076,18.41,47.0,5.3,0.906,0.326,3,0.28,0.336,0.403,0.808,0.19
USR_03077,23.31,55.6,6.7,0.883,0.373,2,0.215,0.311,0.428,0.99,0.286
USR_03078,23.7,69.5,4.7,0.884,0.295,3,0.333,0.262,0.716,0.912,0.063
USR_03079,24.3,61.4,6.9,0.844,0.414,2,0.849,0.172,0.672,0.238,0.933
USR_03080,29.12,94.2,3.3,0.809,0.769,4,0.609,0.092,0.915,0.606,0.912
USR_03081,26.21,56.8,11.9,0.728,0.294,4,0.624,0.429,0.731,0.592,0.637
USR_03082,24.59,52.3,5.3,0.853,0.584,2,0.987,0.178,0.709,0.38,0.823
USR_03083,19.38,63.8,5.5,0.908,0.36,2,0.272,0.323,0.724,0.848,0.481
USR_03084,9.89,33.2,5.0,0.497,0.349,2,0.32,0.902,0.29,0.733,0.05
USR_03085,17.49,27.9,7.5,0.735,0.431,4,0.732,0.707,0.666,0.612,0.646
USR_03086,1.67,21.1,4.1,0.736,0.26,1,0.301,0.958,0.209,0.547,0.255
USR_03087,3.06,28.3,1.6,0.467,0.264,2,0.312,0.8,0.111,0.679,0.403
USR_03088,19.87,46.4,6.2,0.861,0.561,4,0.57,0.504,0.667,0.827,0.393
USR_03089,14.06,63.3,4.5,0.853,0.444,2,0.305,0.405,0.483,0.757,0.4
USR_03090,5.35,29.0,3.0,0.501,0.252,3,0.225,0.824,0.337,0.886,0.325
USR_03091,19.77,124.5,3.8,0.967,0.87,3,0.854,0.176,0.829,0.582,0.427
USR_03092,21.29,57.1,11.9,0.76,0.348,5,0.604,0.246,0.557,0.619,0.508
USR_03093,25.34,72.1,8.4,0.806,0.26,2,0.916,0.351,0.705,0.425,0.896
USR_03094,14.15,67.6,8.5,0.838,0.455,4,0.787,0.478,0.55,0.677,0.637
USR_03095,21.5,64.6,5.9,0.884,0.389,2,0.364,0.481,0.476,0.787,0.074
USR_03096,27.98,83.7,4.7,0.9,0.836,2,0.875,0.131,0.741,0.437,0.573
USR_03097,23.48,72.2,6.0,0.802,0.198,3,0.449,0.597,0.632,0.923,0.342
USR_03098,2.12,37.7,5.7,0.584,0.294,2,0.249,0.99,0.301,0.642,0.255
USR_03099,21.16,110.2,4.5,0.885,0.741,3,0.857,0.05,0.753,0.085,0.941
USR_03100,15.35,48.1,8.1,0.836,0.316,2,0.259,0.452,0.678,0.953,0.294
USR_03101,23.78,78.2,4.1,0.877,0.748,3,0.831,0.168,0.864,0.278,0.754
USR_03102,6.28,34.2,4.0,0.569,0.536,2,0.089,0.839,0.154,0.48,0.132
USR_03103,34.2,109.7,5.2,0.953,0.742,2,0.687,0.32,0.99,0.237,0.783
USR_03104,25.42,53.9,6.8,0.671,0.571,4,0.62,0.331,0.736,0.699,0.943
USR_03105,25.37,30.3,9.9,0.653,0.555,5,0.547,0.583,0.534,0.811,0.438
USR_03106,15.71,43.2,4.7,0.822,0.286,4,0.209,0.125,0.415,0.932,0.268
USR_03107,14.82,27.2,3.6,0.873,0.33,4,0.286,0.564,0.57,0.838,0.452
USR_03108,16.04,57.8,6.0,0.878,0.338,2,0.421,0.516,0.394,0.829,0.385
USR_03109,9.22,35.8,6.3,0.672,0.388,2,0.222,0.881,0.233,0.71,0.267
USR_03110,18.84,54.9,5.0,0.863,0.481,3,0.605,0.388,0.578,0.86,0.502
USR_03111,24.54,60.4,6.9,0.8,0.501,2,0.903,0.086,0.561,0.341,0.975
USR_03112,3.94,25.3,4.5,0.782,0.455,1,0.05,0.99,0.095,0.776,0.119
USR_03113,19.76,133.9,2.3,0.818,0.777,2,0.85,0.265,0.794,0.453,0.814
USR_03114,6.72,35.4,6.5,0.538,0.301,2,0.181,0.718,0.202,0.542,0.093
USR_03115,16.25,49.1,5.4,0.923,0.205,4,0.26,0.307,0.645,0.99,0.175
USR_03116,8.29,31.1,3.0,0.476,0.425,1,0.186,0.798,0.166,0.476,0.251
USR_03117,19.33,71.8,8.0,0.807,0.595,3,0.86,0.362,0.638,0.352,0.93
USR_03118,25.05,76.6,4.6,0.75,0.754,3,0.885,0.122,0.625,0.369,0.942
USR_03119,9.87,27.4,5.3,0.521,0.357,2,0.406,0.838,0.176,0.592,0.154
USR_03120,22.42,58.1,6.2,0.816,0.43,3,0.238,0.477,0.504,0.969,0.295
USR_03121,14.82,84.3,3.9,0.745,0.889,4,0.617,0.163,0.744,0.592,0.877
USR_03122,34.96,89.6,4.5,0.808,0.498,3,0.886,0.31,0.83,0.518,0.733
USR_03123,8.29,60.7,6.0,0.733,0.407,5,0.539,0.54,0.531,0.637,0.662
USR_03124,28.92,64.8,2.9,0.834,0.923,2,0.678,0.368,0.963,0.429,0.677
USR_03125,28.27,51.5,5.9,0.903,0.604,3,0.771,0.278,0.561,0.197,0.831
USR_03126,7.39,33.9,3.2,0.664,0.118,1,0.461,0.919,0.315,0.514,0.347
USR_03127,23.71,30.1,8.7,0.611,0.226,5,0.641,0.754,0.587,0.691,0.56
USR_03128,10.82,28.1,2.5,0.532,0.113,2,0.055,0.771,0.401,0.95,0.307
USR_03129,19.48,38.0,3.4,0.839,0.243,3,0.079,0.511,0.706,0.983,0.381
USR_03130,4.55,27.5,4.5,0.576,0.355,3,0.359,0.677,0.356,0.743,0.096
USR_03131,29.12,61.8,5.5,0.895,0.902,3,0.743,0.208,0.76,0.373,0.707
USR_03132,20.57,110.8,5.5,0.727,0.657,4,0.605,0.184,0.621,0.116,0.814
USR_03133,6.11,39.6,4.6,0.475,0.211,3,0.45,0.99,0.333,0.685,0.222
USR_03134,6.94,20.6,4.2,0.572,0.561,2,0.21,0.716,0.341,0.732,0.108
USR_03135,5.82,19.5,5.4,0.345,0.078,2,0.05,0.699,0.164,0.824,0.263
USR_03136,27.08,114.1,3.1,0.886,0.817,3,0.729,0.337,0.715,0.259,0.849
USR_03137,27.25,80.5,5.6,0.831,0.607,2,0.746,0.188,0.916,0.321,0.804
USR_03138,4.61,22.0,3.3,0.504,0.286,1,0.242,0.853,0.321,0.683,0.231
USR_03139,8.17,51.2,6.2,0.739,0.363,4,0.49,0.599,0.632,0.514,0.665
USR_03140,23.4,102.8,3.4,0.775,0.864,3,0.867,0.445,0.825,0.276,0.698
USR_03141,31.21,99.5,3.4,0.793,0.765,2,0.864,0.445,0.904,0.331,0.591
USR_03142,21.88,84.8,6.0,0.804,0.816,2,0.921,0.463,0.99,0.8,0.603
USR_03143,6.96,34.8,1.4,0.61,0.354,1,0.289,0.969,0.126,0.42,0.05
USR_03144,16.54,46.2,7.3,0.706,0.37,4,0.716,0.671,0.775,0.697,0.649
USR_03145,23.95,52.8,4.2,0.99,0.452,3,0.892,0.32,0.566,0.302,0.927
USR_03146,11.95,60.0,2.8,0.867,0.359,3,0.427,0.334,0.729,0.949,0.218
USR_03147,27.48,110.2,3.4,0.842,0.624,3,0.472,0.31,0.921,0.295,0.923
USR_03148,12.65,108.7,7.1,0.69,0.306,2,0.71,0.306,0.807,0.306,0.869
USR_03149,28.11,90.7,3.4,0.759,0.641,4,0.674,0.236,0.855,0.448,0.737
USR_03150,22.56,57.8,5.8,0.929,0.434,3,0.497,0.727,0.595,0.99,0.397
USR_03151,10.51,26.0,4.3,0.342,0.336,2,0.24,0.795,0.134,0.41,0.233
USR_03152,15.31,47.3,5.2,0.871,0.384,3,0.301,0.354,0.648,0.836,0.255
USR_03153,15.34,116.3,4.8,0.957,0.784,3,0.912,0.097,0.99,0.427,0.795
USR_03154,12.36,71.6,5.7,0.873,0.39,3,0.399,0.329,0.9,0.99,0.333
USR_03155,23.66,53.5,5.9,0.801,0.385,2,0.898,0.134,0.614,0.401,0.936
USR_03156,20.06,113.8,3.3,0.844,0.795,2,0.664,0.502,0.844,0.442,0.598
USR_03157,28.61,114.9,6.6,0.901,0.655,4,0.762,0.505,0.735,0.326,0.726
USR_03158,11.39,50.1,5.9,0.696,0.686,2,0.783,0.243,0.572,0.276,0.823
USR_03159,33.1,111.1,4.0,0.834,0.674,3,0.625,0.313,0.837,0.27,0.846
USR_03160,4.99,40.5,1.5,0.734,0.083,2,0.188,0.798,0.195,0.741,0.17
USR_03161,18.44,45.5,3.4,0.795,0.34,3,0.378,0.479,0.668,0.921,0.408
USR_03162,22.74,57.1,6.7,0.925,0.442,3,0.447,0.423,0.7,0.99,0.324
USR_03163,29.6,114.2,6.7,0.895,0.634,3,0.749,0.545,0.863,0.515,0.685
USR_03164,16.85,20.7,8.7,0.758,0.424,5,0.595,0.484,0.623,0.677,0.56
USR_03165,24.1,73.8,3.0,0.934,0.82,4,0.709,0.296,0.99,0.643,0.42
USR_03166,25.15,101.8,5.7,0.921,0.626,4,0.878,0.256,0.99,0.371,0.856
USR_03167,7.11,31.2,1.8,0.534,0.29,3,0.128,0.808,0.073,0.693,0.145
USR_03168,13.86,55.8,4.9,0.816,0.314,3,0.373,0.367,0.426,0.786,0.05
USR_03169,26.56,80.3,5.4,0.645,0.283,2,0.935,0.09,0.778,0.329,0.893
USR_03170,15.59,67.5,5.8,0.853,0.289,2,0.187,0.432,0.437,0.757,0.354
USR_03171,16.72,54.0,5.4,0.847,0.271,3,0.417,0.578,0.554,0.96,0.323
USR_03172,21.36,133.0,4.6,0.787,0.826,2,0.828,0.323,0.855,0.39,0.77
USR_03173,8.56,24.4,4.3,0.719,0.451,2,0.376,0.899,0.125,0.467,0.237
USR_03174,8.26,47.9,5.0,0.61,0.317,5,0.729,0.328,0.59,0.826,0.652
USR_03175,9.56,62.3,6.3,0.917,0.445,2,0.371,0.572,0.492,0.954,0.278
USR_03176,4.08,25.8,3.9,0.53,0.328,1,0.147,0.721,0.195,0.869,0.091
USR_03177,17.96,85.3,2.7,0.781,0.779,3,0.639,0.431,0.896,0.482,0.759
USR_03178,25.91,100.2,6.2,0.99,0.687,4,0.753,0.235,0.855,0.502,0.887
USR_03179,20.59,46.9,5.1,0.99,0.405,3,0.572,0.446,0.605,0.793,0.436
USR_03180,17.96,51.8,10.2,0.785,0.571,4,0.727,0.669,0.737,0.712,0.283
USR_03181,9.63,36.8,6.0,0.885,0.292,2,0.325,0.594,0.388,0.929,0.154
USR_03182,25.47,101.8,4.3,0.825,0.615,3,0.783,0.142,0.634,0.169,0.544
USR_03183,27.81,84.8,3.1,0.798,0.816,3,0.99,0.119,0.911,0.331,0.81
USR_03184,20.04,74.7,2.8,0.748,0.618,3,0.799,0.219,0.721,0.622,0.722
USR_03185,22.32,62.9,8.0,0.774,0.316,3,0.241,0.257,0.59,0.934,0.262
USR_03186,21.32,57.4,5.0,0.77,0.418,2,0.721,0.305,0.455,0.219,0.848
USR_03187,24.86,47.2,7.4,0.661,0.452,4,0.445,0.558,0.635,0.818,0.44
USR_03188,29.48,75.8,6.5,0.977,0.521,2,0.848,0.222,0.736,0.205,0.99
USR_03189,20.86,54.3,10.6,0.657,0.653,5,0.921,0.683,0.448,0.765,0.604
USR_03190,21.02,119.9,3.6,0.816,0.691,4,0.553,0.342,0.865,0.509,0.518
USR_03191,16.08,58.4,6.2,0.856,0.321,4,0.325,0.142,0.833,0.99,0.306
USR_03192,23.42,43.9,6.3,0.839,0.319,2,0.669,0.265,0.404,0.907,0.401
USR_03193,23.44,52.3,3.4,0.857,0.517,2,0.258,0.455,0.606,0.99,0.275
USR_03194,19.11,59.2,6.1,0.613,0.386,5,0.892,0.441,0.706,0.527,0.584
USR_03195,6.31,21.4,5.1,0.845,0.289,3,0.215,0.745,0.205,0.589,0.114
USR_03196,8.61,35.8,4.8,0.543,0.203,3,0.05,0.773,0.343,0.753,0.41
USR_03197,11.88,40.7,10.1,0.817,0.477,4,0.918,0.656,0.514,0.471,0.57
USR_03198,30.9,107.4,6.0,0.934,0.695,3,0.856,0.332,0.843,0.458,0.554
USR_03199,10.24,35.6,6.0,0.695,0.622,1,0.275,0.849,0.08,0.779,0.261
USR_03200,6.7,26.1,6.4,0.605,0.304,1,0.166,0.916,0.187,0.729,0.05
USR_03201,15.79,76.9,6.5,0.898,0.271,3,0.53,0.44,0.374,0.909,0.05
USR_03202,22.02,52.4,8.4,0.818,0.604,4,0.403,0.736,0.343,0.716,0.618
USR_03203,16.34,71.1,6.9,0.9,0.292,4,0.188,0.8,0.606,0.849,0.103
USR_03204,5.76,32.4,2.9,0.565,0.278,3,0.293,0.839,0.302,0.559,0.178
USR_03205,13.88,60.8,4.4,0.901,0.274,3,0.482,0.396,0.695,0.914,0.283
USR_03206,20.72,66.5,6.8,0.856,0.63,3,0.99,0.243,0.64,0.283,0.928
USR_03207,4.84,32.2,4.7,0.366,0.386,1,0.244,0.859,0.123,0.635,0.074
USR_03208,15.83,102.3,3.7,0.921,0.81,2,0.957,0.182,0.749,0.559,0.805
USR_03209,31.73,120.1,3.6,0.798,0.712,2,0.649,0.374,0.895,0.303,0.74
USR_03210,6.72,32.4,4.2,0.647,0.326,3,0.123,0.99,0.248,0.936,0.405
USR_03211,18.86,64.1,5.6,0.892,0.412,2,0.291,0.694,0.579,0.99,0.443
USR_03212,18.34,48.9,5.7,0.916,0.423,3,0.375,0.303,0.82,0.9,0.367
USR_03213,7.3,20.2,4.5,0.662,0.33,3,0.199,0.732,0.096,0.685,0.05
USR_03214,8.68,28.6,5.3,0.809,0.43,1,0.35,0.846,0.05,0.74,0.212
USR_03215,26.96,124.7,4.9,0.82,0.67,4,0.752,0.143,0.748,0.249,0.543
USR_03216,6.24,30.0,7.8,0.736,0.094,1,0.552,0.839,0.316,0.95,0.238
USR_03217,30.05,89.8,4.7,0.918,0.818,4,0.834,0.622,0.769,0.319,0.701
USR_03218,7.11,25.7,5.2,0.621,0.315,1,0.424,0.851,0.184,0.404,0.167
USR_03219,37.47,108.3,4.5,0.828,0.848,4,0.801,0.264,0.741,0.265,0.754
USR_03220,9.75,73.8,5.4,0.73,0.637,2,0.667,0.196,0.706,0.116,0.984
USR_03221,19.63,63.3,5.1,0.783,0.497,2,0.981,0.255,0.583,0.306,0.917
USR_03222,9.34,18.5,2.9,0.593,0.242,1,0.222,0.783,0.061,0.648,0.224
USR_03223,20.3,40.2,6.6,0.916,0.488,3,0.247,0.245,0.398,0.956,0.262
USR_03224,32.97,92.1,4.4,0.908,0.627,3,0.973,0.471,0.771,0.611,0.721
USR_03225,15.66,51.3,9.5,0.754,0.437,5,0.645,0.95,0.673,0.496,0.795
USR_03226,23.77,86.7,4.8,0.924,0.743,3,0.78,0.38,0.802,0.376,0.693
USR_03227,21.91,60.8,6.3,0.849,0.377,3,0.25,0.432,0.393,0.99,0.141
USR_03228,17.91,79.4,4.8,0.751,0.48,3,0.805,0.247,0.435,0.402,0.99
USR_03229,25.73,115.1,4.9,0.884,0.795,4,0.877,0.172,0.791,0.419,0.88
USR_03230,20.9,124.1,6.2,0.798,0.807,2,0.639,0.291,0.903,0.335,0.86
USR_03231,16.54,62.9,3.5,0.846,0.612,2,0.644,0.366,0.775,0.305,0.674
USR_03232,26.07,63.1,6.7,0.801,0.464,3,0.778,0.269,0.508,0.284,0.953
USR_03233,14.87,39.7,11.8,0.69,0.29,4,0.61,0.734,0.573,0.95,0.618
USR_03234,23.39,68.7,4.8,0.827,0.656,2,0.648,0.278,0.944,0.666,0.958
USR_03235,15.62,36.6,7.7,0.8,0.404,3,0.462,0.202,0.703,0.866,0.198
USR_03236,20.91,48.1,4.5,0.882,0.295,3,0.329,0.335,0.491,0.848,0.217
USR_03237,18.92,40.5,4.1,0.907,0.48,3,0.114,0.238,0.423,0.908,0.511
USR_03238,3.49,41.1,2.6,0.605,0.261,1,0.244,0.89,0.235,0.658,0.352
USR_03239,6.67,16.6,6.6,0.576,0.226,2,0.328,0.844,0.189,0.61,0.341
USR_03240,10.1,19.1,5.5,0.742,0.325,2,0.366,0.749,0.351,0.584,0.083
USR_03241,27.66,53.5,6.6,0.761,0.41,2,0.884,0.34,0.833,0.203,0.945
USR_03242,25.3,54.5,5.6,0.819,0.775,3,0.788,0.366,0.901,0.623,0.718
USR_03243,25.6,31.9,3.8,0.616,0.457,4,0.615,0.36,0.532,0.732,0.545
USR_03244,20.16,51.1,8.3,0.745,0.313,4,0.315,0.454,0.614,0.665,0.584
USR_03245,5.48,26.2,4.6,0.551,0.401,1,0.419,0.99,0.146,0.787,0.46
USR_03246,21.03,84.1,1.5,0.908,0.779,4,0.77,0.211,0.903,0.49,0.593
USR_03247,17.64,38.8,5.5,0.981,0.197,3,0.321,0.439,0.431,0.895,0.377
USR_03248,27.79,44.5,6.2,0.918,0.392,2,0.294,0.457,0.619,0.906,0.339
USR_03249,23.6,132.8,4.0,0.804,0.857,2,0.654,0.342,0.892,0.503,0.61
USR_03250,28.43,41.5,9.8,0.681,0.56,5,0.527,0.472,0.739,0.808,0.729
USR_03251,14.67,59.9,5.0,0.85,0.399,4,0.308,0.473,0.757,0.839,0.191
USR_03252,18.17,44.7,9.5,0.775,0.495,5,0.698,0.764,0.514,0.473,0.398
USR_03253,23.15,78.5,3.7,0.765,0.732,3,0.578,0.216,0.837,0.426,0.883
USR_03254,8.79,42.1,3.5,0.504,0.192,1,0.387,0.871,0.105,0.848,0.085
USR_03255,9.02,106.3,3.6,0.825,0.749,2,0.544,0.194,0.828,0.367,0.742
USR_03256,27.48,112.7,2.8,0.795,0.861,3,0.844,0.396,0.613,0.491,0.837
USR_03257,19.99,70.7,7.4,0.821,0.379,3,0.334,0.29,0.67,0.856,0.267
USR_03258,23.39,68.1,8.2,0.857,0.601,3,0.845,0.28,0.462,0.431,0.868
USR_03259,6.34,35.4,4.5,0.617,0.302,2,0.243,0.863,0.233,0.62,0.254
USR_03260,5.91,24.5,4.1,0.444,0.436,1,0.327,0.973,0.342,0.76,0.233
USR_03261,6.15,39.2,3.9,0.679,0.532,2,0.267,0.792,0.112,0.661,0.114
USR_03262,8.34,39.2,4.4,0.658,0.457,2,0.452,0.862,0.176,0.515,0.25
USR_03263,35.03,94.0,5.2,0.851,0.374,2,0.952,0.196,0.549,0.241,0.99
USR_03264,18.15,88.1,4.6,0.731,0.879,3,0.797,0.449,0.865,0.534,0.582
USR_03265,5.25,27.1,6.9,0.934,0.529,5,0.482,0.591,0.611,0.441,0.488
USR_03266,25.72,67.0,4.8,0.744,0.428,5,0.687,0.769,0.535,0.578,0.708
USR_03267,13.74,35.7,6.3,0.953,0.442,3,0.165,0.343,0.863,0.96,0.065
USR_03268,35.04,80.5,7.1,0.79,0.848,4,0.693,0.107,0.798,0.275,0.849
USR_03269,15.56,67.0,4.4,0.832,0.455,2,0.903,0.16,0.712,0.268,0.927
USR_03270,21.53,57.9,4.4,0.928,0.324,2,0.871,0.179,0.826,0.14,0.904
USR_03271,9.82,62.9,3.6,0.708,0.608,2,0.811,0.221,0.637,0.368,0.972
USR_03272,18.5,64.3,9.2,0.652,0.355,5,0.619,0.721,0.657,0.663,0.463
USR_03273,27.27,49.5,9.0,0.679,0.4,5,0.681,0.62,0.717,0.95,0.45
USR_03274,10.29,38.0,7.9,0.99,0.541,5,0.7,0.568,0.807,0.526,0.513
USR_03275,29.53,68.8,4.5,0.838,0.806,3,0.807,0.343,0.976,0.397,0.811
USR_03276,4.29,19.5,1.1,0.759,0.246,3,0.252,0.76,0.271,0.679,0.05
USR_03277,18.75,83.7,4.4,0.968,0.674,2,0.709,0.195,0.899,0.056,0.906
USR_03278,22.43,65.4,9.0,0.954,0.321,5,0.621,0.545,0.492,0.609,0.472
USR_03279,9.72,36.5,4.7,0.425,0.331,2,0.086,0.687,0.328,0.66,0.305
USR_03280,6.39,26.6,6.4,0.602,0.385,2,0.354,0.99,0.207,0.814,0.256
USR_03281,7.4,26.0,6.3,0.376,0.278,1,0.336,0.889,0.21,0.802,0.158
USR_03282,28.0,56.8,3.9,0.765,0.543,3,0.819,0.171,0.575,0.274,0.826
USR_03283,14.64,61.3,4.4,0.845,0.406,3,0.272,0.39,0.828,0.983,0.291
USR_03284,11.89,24.3,4.7,0.611,0.42,2,0.281,0.926,0.222,0.684,0.05
USR_03285,15.41,41.4,9.4,0.81,0.417,5,0.513,0.72,0.548,0.643,0.73
USR_03286,19.81,36.6,4.9,0.861,0.325,4,0.318,0.426,0.329,0.99,0.082
USR_03287,34.9,66.4,5.7,0.857,0.559,3,0.99,0.184,0.49,0.221,0.902
USR_03288,33.7,95.9,2.3,0.741,0.814,4,0.712,0.334,0.949,0.418,0.618
USR_03289,29.05,121.9,4.7,0.747,0.808,3,0.709,0.233,0.942,0.348,0.85
USR_03290,31.16,82.2,5.9,0.953,0.79,2,0.77,0.071,0.898,0.153,0.617
USR_03291,6.16,28.9,3.2,0.695,0.317,1,0.148,0.754,0.195,0.777,0.086
USR_03292,21.67,101.2,1.0,0.821,0.671,4,0.661,0.167,0.744,0.701,0.775
USR_03293,18.27,66.4,6.2,0.782,0.534,2,0.451,0.586,0.9,0.984,0.343
USR_03294,20.94,30.9,4.9,0.99,0.328,3,0.354,0.142,0.546,0.754,0.259
USR_03295,6.84,23.2,6.5,0.631,0.269,1,0.428,0.861,0.434,0.53,0.127
USR_03296,17.91,56.8,6.6,0.882,0.404,2,0.472,0.26,0.395,0.807,0.108
USR_03297,28.99,109.0,4.7,0.78,0.699,3,0.99,0.27,0.673,0.307,0.967
USR_03298,27.66,122.1,5.5,0.946,0.852,2,0.717,0.469,0.87,0.211,0.601
USR_03299,10.42,25.9,6.0,0.685,0.2,2,0.144,0.904,0.164,0.479,0.213
USR_03300,20.94,55.7,7.3,0.835,0.453,4,0.524,0.428,0.255,0.822,0.351
USR_03301,17.17,62.1,9.0,0.712,0.397,5,0.842,0.695,0.645,0.507,0.708
USR_03302,11.3,14.5,4.3,0.403,0.243,1,0.165,0.746,0.196,0.433,0.056
USR_03303,25.19,109.5,6.3,0.899,0.541,2,0.859,0.067,0.626,0.297,0.99
USR_03304,20.39,40.0,5.1,0.602,0.37,5,0.77,0.639,0.621,0.647,0.91
USR_03305,26.58,106.9,3.5,0.99,0.639,3,0.634,0.372,0.893,0.322,0.719
USR_03306,15.66,42.2,7.6,0.875,0.522,3,0.683,0.149,0.786,0.152,0.884
USR_03307,31.34,119.9,4.4,0.807,0.615,3,0.901,0.254,0.71,0.654,0.748
USR_03308,25.42,92.3,6.1,0.651,0.429,2,0.787,0.138,0.574,0.378,0.938
USR_03309,6.48,13.5,4.1,0.511,0.138,2,0.54,0.9,0.05,0.746,0.119
USR_03310,22.27,79.2,7.5,0.87,0.691,3,0.899,0.371,0.406,0.214,0.912
USR_03311,16.39,59.6,5.0,0.803,0.276,2,0.326,0.426,0.695,0.85,0.45
USR_03312,17.25,66.3,7.0,0.837,0.437,2,0.925,0.435,0.568,0.322,0.968
USR_03313,18.2,48.8,4.4,0.905,0.476,2,0.335,0.381,0.551,0.851,0.369
USR_03314,24.31,83.5,7.3,0.987,0.739,3,0.845,0.242,0.617,0.151,0.796
USR_03315,22.05,86.2,4.0,0.862,0.511,2,0.771,0.216,0.709,0.211,0.843
USR_03316,30.25,110.5,6.8,0.861,0.783,2,0.662,0.268,0.673,0.289,0.773
USR_03317,34.68,85.8,4.0,0.769,0.697,3,0.896,0.361,0.99,0.561,0.477
USR_03318,17.16,66.4,6.3,0.945,0.456,2,0.794,0.313,0.726,0.279,0.908
USR_03319,24.7,60.6,9.6,0.782,0.484,5,0.762,0.608,0.275,0.763,0.736
USR_03320,30.77,51.8,8.5,0.859,0.45,3,0.757,0.168,0.78,0.341,0.959
USR_03321,23.53,116.0,4.4,0.973,0.708,3,0.75,0.27,0.753,0.163,0.663
USR_03322,10.55,30.7,2.5,0.426,0.348,3,0.266,0.916,0.145,0.515,0.261
USR_03323,28.03,102.2,4.1,0.846,0.737,2,0.732,0.355,0.99,0.252,0.665
USR_03324,16.27,91.5,3.9,0.819,0.57,3,0.937,0.176,0.429,0.322,0.81
USR_03325,29.55,106.4,3.8,0.783,0.896,4,0.81,0.344,0.702,0.436,0.716
USR_03326,24.36,102.3,5.7,0.972,0.666,3,0.73,0.176,0.944,0.253,0.934
USR_03327,34.38,93.5,3.8,0.864,0.787,3,0.797,0.286,0.824,0.322,0.634
USR_03328,21.06,42.8,7.5,0.878,0.435,5,0.454,0.856,0.408,0.67,0.715
USR_03329,22.12,69.6,3.7,0.914,0.469,3,0.457,0.187,0.548,0.815,0.315
USR_03330,5.16,34.9,3.2,0.573,0.196,1,0.17,0.84,0.288,0.826,0.061
USR_03331,7.69,15.0,4.4,0.407,0.227,2,0.263,0.587,0.294,0.811,0.275
USR_03332,17.52,45.4,7.2,0.876,0.451,5,0.568,0.431,0.791,0.642,0.329
USR_03333,21.14,82.3,5.3,0.862,0.495,2,0.802,0.277,0.688,0.313,0.791
USR_03334,22.61,83.7,7.5,0.99,0.418,3,0.815,0.316,0.608,0.268,0.958
USR_03335,22.6,87.8,5.3,0.852,0.95,3,0.782,0.245,0.711,0.375,0.566
USR_03336,7.47,70.4,5.8,0.972,0.522,3,0.331,0.274,0.621,0.946,0.374
USR_03337,15.28,43.9,5.9,0.867,0.334,3,0.548,0.282,0.677,0.935,0.312
USR_03338,23.88,63.5,9.8,0.754,0.272,5,0.866,0.431,0.499,0.494,0.634
USR_03339,28.88,122.7,6.0,0.91,0.804,4,0.984,0.165,0.89,0.387,0.357
USR_03340,13.17,92.1,6.1,0.99,0.704,3,0.608,0.187,0.724,0.521,0.778
USR_03341,13.62,80.7,6.3,0.833,0.227,4,0.425,0.647,0.824,0.494,0.63
USR_03342,16.23,69.6,4.8,0.706,0.286,4,0.402,0.167,0.533,0.785,0.162
USR_03343,6.69,30.4,4.3,0.484,0.27,2,0.342,0.697,0.225,0.58,0.203
USR_03344,19.12,40.9,9.8,0.665,0.35,5,0.464,0.826,0.591,0.707,0.529
USR_03345,14.42,54.7,6.9,0.834,0.504,4,0.43,0.65,0.534,0.411,0.521
USR_03346,16.7,70.5,4.8,0.8,0.522,3,0.846,0.26,0.48,0.367,0.99
USR_03347,27.58,92.1,3.4,0.983,0.649,2,0.979,0.379,0.881,0.295,0.818
USR_03348,7.08,10.0,4.0,0.793,0.297,1,0.446,0.99,0.303,0.559,0.203
USR_03349,18.92,79.2,7.5,0.772,0.407,3,0.894,0.155,0.502,0.343,0.809
USR_03350,24.01,100.6,2.4,0.933,0.803,3,0.631,0.466,0.636,0.15,0.709
USR_03351,20.25,94.2,3.9,0.726,0.67,3,0.924,0.3,0.46,0.193,0.916
USR_03352,6.6,27.3,6.1,0.633,0.36,1,0.144,0.88,0.162,0.655,0.082
USR_03353,25.46,88.7,6.9,0.934,0.574,2,0.851,0.254,0.549,0.131,0.883
USR_03354,12.09,65.1,6.1,0.927,0.643,4,0.487,0.379,0.466,0.805,0.505
USR_03355,20.1,42.3,7.5,0.864,0.379,3,0.364,0.225,0.413,0.875,0.482
USR_03356,20.37,48.4,5.8,0.866,0.39,3,0.47,0.374,0.499,0.872,0.316
USR_03357,10.07,58.3,5.3,0.741,0.319,2,0.396,0.243,0.623,0.99,0.226
USR_03358,9.72,49.3,8.4,0.687,0.175,4,0.717,0.515,0.816,0.668,0.433
USR_03359,6.88,36.5,3.1,0.421,0.318,2,0.307,0.622,0.175,0.739,0.239
USR_03360,15.62,44.2,10.6,0.801,0.586,5,0.886,0.65,0.592,0.715,0.69
USR_03361,26.69,75.7,5.0,0.964,0.725,3,0.796,0.471,0.929,0.571,0.84
USR_03362,14.82,48.8,8.8,0.716,0.278,5,0.682,0.454,0.68,0.771,0.568
USR_03363,22.05,62.2,8.0,0.723,0.742,4,0.645,0.478,0.689,0.631,0.757
USR_03364,5.88,22.6,4.6,0.652,0.353,3,0.093,0.743,0.162,0.672,0.269
USR_03365,4.56,26.9,6.1,0.615,0.438,2,0.263,0.932,0.066,0.903,0.094
USR_03366,12.34,98.4,5.3,0.883,0.562,3,0.815,0.173,0.638,0.632,0.873
USR_03367,5.93,16.9,3.9,0.598,0.283,2,0.196,0.852,0.05,0.688,0.05
USR_03368,30.49,85.2,5.4,0.88,0.43,3,0.838,0.144,0.547,0.257,0.909
USR_03369,9.26,17.7,3.1,0.643,0.307,2,0.291,0.853,0.401,0.629,0.135
USR_03370,5.03,28.1,4.6,0.569,0.339,1,0.119,0.858,0.201,0.832,0.071
USR_03371,11.44,17.2,5.1,0.646,0.689,2,0.121,0.825,0.205,0.651,0.285
USR_03372,19.75,71.6,3.2,0.77,0.516,3,0.272,0.639,0.565,0.826,0.308
USR_03373,13.69,57.1,6.4,0.884,0.35,4,0.273,0.45,0.231,0.879,0.255
USR_03374,22.36,52.8,8.3,0.946,0.767,2,0.691,0.231,0.294,0.199,0.825
USR_03375,20.87,72.4,5.0,0.832,0.26,2,0.915,0.208,0.647,0.415,0.99
USR_03376,18.88,50.8,6.9,0.911,0.321,3,0.467,0.146,0.616,0.854,0.276
USR_03377,20.05,58.3,5.3,0.798,0.375,3,0.141,0.306,0.659,0.85,0.342
USR_03378,22.43,122.5,1.9,0.99,0.846,4,0.807,0.423,0.783,0.478,0.914
USR_03379,25.58,83.0,7.0,0.956,0.372,3,0.911,0.414,0.749,0.351,0.935
USR_03380,4.75,31.4,3.5,0.7,0.427,2,0.239,0.836,0.27,0.81,0.198
USR_03381,25.83,94.4,4.6,0.847,0.571,2,0.688,0.158,0.699,0.424,0.558
USR_03382,12.17,22.5,7.1,0.642,0.477,5,0.648,0.401,0.342,0.784,0.535
USR_03383,17.11,37.8,12.2,0.711,0.437,4,0.716,0.705,0.315,0.33,0.576
USR_03384,3.03,32.5,3.0,0.391,0.266,2,0.189,0.945,0.319,0.801,0.169
USR_03385,35.35,81.4,4.6,0.863,0.766,3,0.605,0.05,0.855,0.201,0.74
USR_03386,4.6,20.2,4.9,0.77,0.096,2,0.23,0.921,0.264,0.848,0.216
USR_03387,14.88,63.4,4.3,0.866,0.463,3,0.258,0.601,0.513,0.845,0.369
USR_03388,20.77,79.9,6.6,0.767,0.623,3,0.949,0.05,0.664,0.275,0.99
USR_03389,28.07,100.4,6.3,0.935,0.397,3,0.956,0.319,0.581,0.329,0.985
USR_03390,25.3,69.4,9.7,0.697,0.469,5,0.556,0.517,0.785,0.748,0.687
USR_03391,15.85,38.4,6.0,0.928,0.401,2,0.309,0.431,0.524,0.914,0.114
USR_03392,31.35,99.4,4.1,0.775,0.691,3,0.647,0.392,0.99,0.59,0.734
USR_03393,19.75,79.1,5.8,0.847,0.376,3,0.66,0.24,0.555,0.459,0.917
USR_03394,29.3,112.4,3.6,0.881,0.722,2,0.649,0.27,0.804,0.489,0.787
USR_03395,24.38,96.4,4.7,0.858,0.723,3,0.673,0.258,0.807,0.212,0.87
USR_03396,20.56,95.5,4.2,0.903,0.739,2,0.756,0.285,0.918,0.503,0.7
USR_03397,3.03,33.4,5.4,0.849,0.379,1,0.101,0.99,0.203,0.892,0.232
USR_03398,8.29,13.7,2.3,0.799,0.182,2,0.05,0.765,0.198,0.665,0.26
USR_03399,15.67,111.0,4.4,0.852,0.71,3,0.624,0.573,0.868,0.433,0.782
USR_03400,19.68,52.0,3.9,0.831,0.243,3,0.252,0.339,0.451,0.838,0.449
USR_03401,18.17,39.1,2.8,0.906,0.399,3,0.156,0.429,0.305,0.982,0.382
USR_03402,18.96,103.1,3.8,0.702,0.616,4,0.743,0.266,0.99,0.514,0.76
USR_03403,6.76,42.2,6.8,0.597,0.171,1,0.333,0.8,0.123,0.715,0.186
USR_03404,24.75,105.7,4.1,0.858,0.721,2,0.741,0.151,0.99,0.241,0.745
USR_03405,25.88,80.7,3.8,0.89,0.601,4,0.851,0.137,0.687,0.248,0.769
USR_03406,17.51,81.8,6.0,0.831,0.69,3,0.883,0.148,0.674,0.199,0.933
USR_03407,5.31,29.0,3.3,0.859,0.325,3,0.365,0.878,0.21,0.709,0.3
USR_03408,5.55,25.9,1.6,0.717,0.298,1,0.253,0.851,0.393,0.768,0.298
USR_03409,12.91,51.9,4.7,0.882,0.449,4,0.314,0.578,0.464,0.891,0.498
USR_03410,24.11,59.6,6.0,0.64,0.322,4,0.666,0.85,0.667,0.447,0.757
USR_03411,18.6,70.5,5.5,0.928,0.557,3,0.337,0.284,0.508,0.808,0.361
USR_03412,14.57,48.3,5.0,0.868,0.539,4,0.449,0.385,0.45,0.955,0.387
USR_03413,8.17,13.7,4.3,0.549,0.438,3,0.106,0.584,0.216,0.649,0.138
USR_03414,22.48,80.0,3.3,0.763,0.652,2,0.759,0.331,0.99,0.707,0.609
USR_03415,18.92,95.6,6.9,0.99,0.34,2,0.612,0.376,0.543,0.331,0.977
USR_03416,11.94,51.6,5.4,0.623,0.502,5,0.627,0.6,0.567,0.724,0.64
USR_03417,25.62,66.4,6.4,0.793,0.459,3,0.897,0.261,0.558,0.26,0.984
USR_03418,34.42,67.0,5.2,0.99,0.641,2,0.712,0.485,0.916,0.421,0.672
USR_03419,22.25,104.1,4.0,0.685,0.603,3,0.646,0.364,0.715,0.435,0.812
USR_03420,21.49,80.7,5.2,0.833,0.409,3,0.953,0.217,0.666,0.586,0.895
USR_03421,5.11,30.8,4.1,0.766,0.345,1,0.356,0.938,0.281,0.764,0.05
USR_03422,14.88,56.0,7.8,0.923,0.32,2,0.985,0.197,0.673,0.231,0.99
USR_03423,8.67,15.3,6.1,0.441,0.404,2,0.26,0.92,0.123,0.541,0.107
USR_03424,6.53,25.0,5.3,0.669,0.363,2,0.293,0.858,0.341,0.913,0.176
USR_03425,21.86,57.3,9.4,0.869,0.328,4,0.696,0.582,0.685,0.924,0.524
USR_03426,17.9,60.2,6.9,0.904,0.273,2,0.251,0.349,0.656,0.841,0.266
USR_03427,9.98,65.8,5.7,0.958,0.11,3,0.36,0.272,0.656,0.924,0.532
USR_03428,34.55,78.7,5.8,0.757,0.864,4,0.882,0.134,0.793,0.324,0.483
USR_03429,24.42,51.1,3.7,0.99,0.681,2,0.99,0.406,0.728,0.336,0.797
USR_03430,11.08,50.2,7.3,0.844,0.447,5,0.414,0.889,0.648,0.768,0.831
USR_03431,23.05,64.5,9.1,0.61,0.438,4,0.822,0.749,0.491,0.47,0.517
USR_03432,7.97,26.8,2.7,0.378,0.384,2,0.448,0.99,0.399,0.775,0.315
USR_03433,12.68,55.8,7.8,0.906,0.561,2,0.414,0.397,0.543,0.895,0.386
USR_03434,13.07,53.1,8.4,0.906,0.493,4,0.194,0.279,0.732,0.921,0.378
USR_03435,13.8,137.2,3.6,0.86,0.743,3,0.99,0.137,0.815,0.274,0.782
USR_03436,24.97,119.9,3.8,0.882,0.787,2,0.864,0.228,0.727,0.353,0.714
USR_03437,5.47,33.2,5.0,0.642,0.405,1,0.136,0.866,0.126,0.683,0.331
USR_03438,18.61,52.3,7.6,0.906,0.316,2,0.371,0.26,0.411,0.926,0.436
USR_03439,26.12,84.7,6.1,0.801,0.35,3,0.892,0.05,0.673,0.05,0.932
USR_03440,22.82,27.5,6.3,0.853,0.306,3,0.298,0.197,0.557,0.99,0.229
USR_03441,21.01,54.1,7.2,0.808,0.316,2,0.464,0.175,0.645,0.829,0.345
USR_03442,13.41,76.4,5.8,0.88,0.527,3,0.4,0.231,0.351,0.977,0.126
USR_03443,28.7,48.5,6.7,0.877,0.404,2,0.764,0.281,0.427,0.208,0.852
USR_03444,16.72,62.2,7.2,0.592,0.52,5,0.632,0.499,0.791,0.592,0.835
USR_03445,19.61,61.4,6.1,0.672,0.459,3,0.878,0.34,0.526,0.456,0.951
USR_03446,18.17,44.8,4.3,0.91,0.335,3,0.174,0.431,0.587,0.9,0.533
USR_03447,5.67,28.4,5.5,0.391,0.392,3,0.236,0.99,0.243,0.637,0.374
USR_03448,3.16,26.1,5.4,0.68,0.125,2,0.272,0.758,0.111,0.867,0.326
USR_03449,12.2,56.6,3.8,0.78,0.416,2,0.781,0.356,0.814,0.171,0.825
USR_03450,14.84,34.7,7.5,0.709,0.417,4,0.84,0.524,0.682,0.791,0.657
USR_03451,29.07,69.3,7.0,0.96,0.258,3,0.798,0.255,0.66,0.323,0.901
USR_03452,4.56,21.5,3.5,0.375,0.371,1,0.302,0.635,0.369,0.928,0.292
USR_03453,15.48,67.4,7.4,0.916,0.295,2,0.4,0.356,0.347,0.931,0.444
USR_03454,17.69,55.6,6.3,0.784,0.583,3,0.809,0.3,0.353,0.149,0.827
USR_03455,12.98,22.5,3.3,0.605,0.237,2,0.077,0.928,0.122,0.829,0.187
USR_03456,17.44,102.9,5.5,0.816,0.769,3,0.736,0.405,0.818,0.563,0.412
USR_03457,29.75,95.6,6.4,0.968,0.783,3,0.818,0.702,0.857,0.505,0.593
USR_03458,11.65,61.3,5.0,0.953,0.414,4,0.583,0.5,0.495,0.931,0.05
USR_03459,15.29,54.4,7.9,0.884,0.338,3,0.329,0.463,0.45,0.854,0.305
USR_03460,12.77,72.4,7.2,0.829,0.317,2,0.652,0.403,0.442,0.99,0.44
USR_03461,19.21,65.8,4.2,0.914,0.471,3,0.418,0.68,0.559,0.878,0.158
USR_03462,17.26,89.9,5.9,0.746,0.594,2,0.916,0.159,0.617,0.361,0.99
USR_03463,15.3,36.0,10.8,0.778,0.39,4,0.568,0.674,0.716,0.55,0.653
USR_03464,25.71,77.4,4.7,0.82,0.827,2,0.679,0.268,0.773,0.457,0.666
USR_03465,6.0,30.1,3.4,0.607,0.278,2,0.05,0.819,0.302,0.95,0.241
USR_03466,34.75,90.4,4.8,0.899,0.799,4,0.611,0.259,0.845,0.382,0.678
USR_03467,7.3,17.7,3.9,0.531,0.204,2,0.31,0.889,0.394,0.292,0.138
USR_03468,11.87,50.9,6.4,0.561,0.314,4,0.707,0.642,0.403,0.755,0.645
USR_03469,4.1,14.9,4.3,0.432,0.225,3,0.362,0.948,0.264,0.921,0.396
USR_03470,33.26,89.6,3.8,0.906,0.804,4,0.714,0.267,0.721,0.538,0.672
USR_03471,30.86,83.6,5.8,0.883,0.719,3,0.709,0.149,0.881,0.236,0.616
USR_03472,24.83,61.4,6.0,0.855,0.316,3,0.25,0.416,0.375,0.807,0.337
USR_03473,12.51,65.9,6.7,0.819,0.496,4,0.607,0.676,0.882,0.903,0.655
USR_03474,23.78,86.2,8.7,0.98,0.58,3,0.806,0.172,0.355,0.234,0.873
USR_03475,19.98,41.5,4.5,0.927,0.502,3,0.33,0.373,0.466,0.835,0.368
USR_03476,26.91,71.9,9.0,0.786,0.478,3,0.84,0.307,0.596,0.05,0.966
USR_03477,22.16,101.1,5.2,0.758,0.637,3,0.506,0.05,0.873,0.443,0.625
USR_03478,14.86,73.7,7.4,0.8,0.452,3,0.864,0.153,0.871,0.19,0.966
USR_03479,6.23,29.7,2.5,0.606,0.417,3,0.233,0.749,0.176,0.534,0.079
USR_03480,25.26,113.0,5.0,0.799,0.608,3,0.761,0.242,0.769,0.453,0.542
USR_03481,26.15,68.2,6.9,0.764,0.699,2,0.78,0.132,0.567,0.299,0.922
USR_03482,29.4,85.3,3.5,0.87,0.905,2,0.883,0.462,0.641,0.219,0.532
USR_03483,6.2,29.0,3.0,0.562,0.37,2,0.05,0.721,0.183,0.779,0.316
USR_03484,20.53,86.7,4.8,0.771,0.144,3,0.828,0.234,0.463,0.378,0.91
USR_03485,5.86,30.9,1.8,0.586,0.539,1,0.269,0.876,0.331,0.74,0.253
USR_03486,32.0,112.5,1.0,0.854,0.755,2,0.665,0.146,0.789,0.368,0.757
USR_03487,16.26,54.5,7.1,0.984,0.471,5,0.663,0.393,0.61,0.707,0.704
USR_03488,21.32,82.0,4.1,0.713,0.754,2,0.554,0.492,0.842,0.7,0.592
USR_03489,17.25,54.7,7.1,0.979,0.253,3,0.359,0.457,0.598,0.914,0.449
USR_03490,6.47,13.7,3.2,0.753,0.347,1,0.336,0.838,0.19,0.625,0.199
USR_03491,6.04,35.9,5.3,0.582,0.271,2,0.236,0.979,0.253,0.705,0.132
USR_03492,25.81,55.3,8.8,0.798,0.397,5,0.544,0.419,0.705,0.669,0.433
USR_03493,12.72,50.9,7.4,0.8,0.472,5,0.486,0.595,0.78,0.792,0.655
USR_03494,8.73,33.5,5.2,0.828,0.338,1,0.249,0.866,0.193,0.702,0.052
USR_03495,17.64,51.5,4.5,0.926,0.419,3,0.265,0.293,0.743,0.912,0.277
USR_03496,9.22,29.2,6.9,0.554,0.325,2,0.345,0.827,0.327,0.789,0.05
USR_03497,18.15,34.2,11.8,0.736,0.467,4,0.754,0.712,0.662,0.561,0.556
USR_03498,5.82,15.4,4.4,0.542,0.236,2,0.399,0.778,0.237,0.71,0.383
USR_03499,7.33,30.7,7.2,0.77,0.311,4,0.204,0.313,0.464,0.94,0.11
USR_03500,22.43,97.8,5.8,0.99,0.815,4,0.815,0.328,0.891,0.415,0.883
USR_03501,27.47,66.8,4.9,0.809,0.391,3,0.99,0.228,0.582,0.411,0.836
USR_03502,22.54,35.1,4.5,0.851,0.264,3,0.316,0.39,0.369,0.952,0.311
USR_03503,7.1,26.8,2.4,0.657,0.133,2,0.272,0.749,0.292,0.763,0.361
USR_03504,20.92,84.6,4.6,0.799,0.674,3,0.876,0.233,0.737,0.197,0.99
USR_03505,5.88,21.8,4.1,0.548,0.403,2,0.091,0.99,0.3,0.635,0.32
USR_03506,5.42,27.2,5.6,0.262,0.422,1,0.183,0.891,0.294,0.782,0.19
USR_03507,26.99,95.3,6.5,0.76,0.611,3,0.586,0.288,0.898,0.388,0.739
USR_03508,18.53,92.9,4.8,0.848,0.76,3,0.873,0.379,0.955,0.494,0.841
USR_03509,17.18,68.2,5.0,0.752,0.478,2,0.356,0.101,0.77,0.8,0.143
USR_03510,14.24,40.7,12.4,0.652,0.226,4,0.719,0.594,0.608,0.699,0.513
USR_03511,34.67,106.6,6.4,0.706,0.786,2,0.718,0.356,0.641,0.613,0.782
USR_03512,9.39,29.6,5.1,0.659,0.05,2,0.251,0.837,0.05,0.542,0.142
USR_03513,28.28,68.8,6.5,0.941,0.906,3,0.916,0.237,0.765,0.398,0.725
USR_03514,25.79,45.3,5.0,0.735,0.544,2,0.978,0.228,0.716,0.407,0.99
USR_03515,15.41,48.1,7.7,0.691,0.244,4,0.578,0.706,0.387,0.714,0.41
USR_03516,4.38,26.3,4.6,0.56,0.472,1,0.181,0.859,0.141,0.444,0.241
USR_03517,16.26,106.3,3.2,0.81,0.681,3,0.756,0.308,0.649,0.466,0.828
USR_03518,25.4,55.1,8.0,0.925,0.365,5,0.524,0.74,0.69,0.689,0.727
USR_03519,4.26,35.2,1.9,0.535,0.411,1,0.356,0.852,0.33,0.858,0.197
USR_03520,15.16,49.7,7.2,0.868,0.49,5,0.789,0.691,0.497,0.636,0.649
USR_03521,21.65,65.7,6.8,0.967,0.57,2,0.786,0.271,0.642,0.335,0.949
USR_03522,13.1,40.2,7.3,0.617,0.435,4,0.547,0.5,0.665,0.492,0.438
USR_03523,17.44,44.2,6.0,0.755,0.46,4,0.95,0.585,0.75,0.409,0.604
USR_03524,3.9,30.6,2.1,0.342,0.4,1,0.422,0.823,0.05,0.796,0.287
USR_03525,22.23,68.2,3.7,0.683,0.219,2,0.82,0.223,0.353,0.272,0.778
USR_03526,22.27,112.2,4.5,0.763,0.702,2,0.845,0.435,0.738,0.604,0.747
USR_03527,21.76,61.5,8.2,0.855,0.46,2,0.696,0.059,0.699,0.243,0.903
USR_03528,23.6,52.9,5.9,0.639,0.456,4,0.792,0.398,0.561,0.711,0.388
USR_03529,25.07,86.9,2.8,0.847,0.644,3,0.704,0.387,0.974,0.529,0.692
USR_03530,13.09,26.5,5.6,0.528,0.438,2,0.359,0.937,0.126,0.754,0.245
USR_03531,14.63,48.8,4.0,0.883,0.383,3,0.365,0.265,0.476,0.99,0.052
USR_03532,27.55,60.4,7.6,0.696,0.52,2,0.99,0.218,0.509,0.423,0.912
USR_03533,17.58,65.2,4.5,0.974,0.381,2,0.429,0.448,0.464,0.934,0.064
USR_03534,4.94,26.6,6.4,0.585,0.181,2,0.263,0.872,0.285,0.793,0.27
USR_03535,16.29,58.7,5.7,0.681,0.366,3,0.441,0.364,0.464,0.99,0.419
USR_03536,20.34,46.4,5.0,0.874,0.311,3,0.151,0.343,0.452,0.916,0.212
USR_03537,6.66,30.3,6.3,0.597,0.406,2,0.425,0.852,0.206,0.728,0.289
USR_03538,19.65,52.0,5.0,0.962,0.724,2,0.787,0.182,0.72,0.164,0.99
USR_03539,23.6,100.4,4.4,0.873,0.673,3,0.921,0.234,0.784,0.459,0.832
USR_03540,13.7,47.6,5.7,0.892,0.332,2,0.16,0.39,0.444,0.906,0.05
USR_03541,5.98,35.3,3.6,0.432,0.268,1,0.207,0.941,0.264,0.597,0.232
USR_03542,21.58,57.1,4.3,0.837,0.536,3,0.321,0.347,0.423,0.905,0.285
USR_03543,27.45,87.5,7.7,0.894,0.298,2,0.99,0.15,0.661,0.269,0.99
USR_03544,2.91,22.3,3.7,0.65,0.166,1,0.335,0.856,0.182,0.639,0.134
USR_03545,5.33,25.5,5.4,0.58,0.327,2,0.223,0.772,0.176,0.696,0.16
USR_03546,16.79,44.5,5.8,0.825,0.341,2,0.143,0.247,0.557,0.876,0.225
USR_03547,28.95,110.3,4.0,0.895,0.707,2,0.866,0.137,0.896,0.389,0.506
USR_03548,7.36,30.0,3.6,0.573,0.091,2,0.204,0.746,0.233,0.57,0.24
USR_03549,14.67,106.8,6.6,0.814,0.635,3,0.852,0.05,0.752,0.417,0.954
USR_03550,20.71,80.8,5.9,0.961,0.716,3,0.786,0.42,0.683,0.144,0.812
USR_03551,24.35,104.2,4.6,0.686,0.596,3,0.826,0.288,0.854,0.383,0.912
USR_03552,7.78,18.3,4.5,0.828,0.396,3,0.605,0.99,0.31,0.712,0.154
USR_03553,18.4,26.3,3.8,0.815,0.454,3,0.852,0.189,0.625,0.247,0.99
USR_03554,8.98,20.3,3.6,0.562,0.456,2,0.082,0.676,0.152,0.722,0.107
USR_03555,16.49,55.7,7.6,0.826,0.131,3,0.256,0.47,0.513,0.99,0.158
USR_03556,15.03,38.1,8.5,0.603,0.628,4,0.721,0.404,0.54,0.627,0.726
USR_03557,16.02,47.3,8.9,0.684,0.418,5,0.64,0.421,0.716,0.77,0.547
USR_03558,27.86,58.9,9.6,0.76,0.443,4,0.523,0.534,0.703,0.669,0.718
USR_03559,21.39,97.4,9.4,0.821,0.524,2,0.845,0.277,0.539,0.437,0.956
USR_03560,24.22,115.3,7.0,0.785,0.57,2,0.813,0.414,0.603,0.179,0.948
USR_03561,15.9,105.4,6.0,0.949,0.67,4,0.505,0.22,0.829,0.408,0.635
USR_03562,17.6,95.3,5.0,0.919,0.757,3,0.8,0.527,0.696,0.486,0.6
USR_03563,19.26,102.6,4.7,0.894,0.769,2,0.99,0.218,0.754,0.498,0.639
USR_03564,32.03,90.0,4.9,0.96,0.796,3,0.823,0.423,0.685,0.504,0.811
USR_03565,18.42,44.9,6.4,0.724,0.409,4,0.95,0.626,0.654,0.764,0.787
USR_03566,22.45,74.0,2.6,0.952,0.626,3,0.87,0.209,0.594,0.68,0.795
USR_03567,25.46,57.6,6.0,0.763,0.489,3,0.905,0.117,0.649,0.351,0.843
USR_03568,2.49,28.6,2.5,0.649,0.077,1,0.38,0.99,0.246,0.657,0.381
USR_03569,17.17,75.6,8.8,0.864,0.527,5,0.849,0.482,0.649,0.689,0.668
USR_03570,24.06,91.8,6.7,0.821,0.515,3,0.766,0.23,0.539,0.368,0.939
USR_03571,13.71,56.3,7.2,0.887,0.534,2,0.721,0.222,0.589,0.443,0.953
USR_03572,25.43,55.2,6.9,0.879,0.45,3,0.098,0.461,0.483,0.88,0.14
USR_03573,17.06,82.2,5.8,0.734,0.517,3,0.819,0.179,0.468,0.411,0.99
USR_03574,12.88,66.2,6.7,0.984,0.318,3,0.82,0.329,0.693,0.3,0.895
USR_03575,24.12,41.1,11.6,0.826,0.41,4,0.377,0.897,0.636,0.592,0.568
USR_03576,26.26,97.8,6.9,0.787,0.744,4,0.653,0.374,0.718,0.691,0.613
USR_03577,27.4,72.3,3.5,0.808,0.669,4,0.738,0.189,0.777,0.474,0.549
USR_03578,21.39,56.8,9.0,0.942,0.597,5,0.683,0.863,0.567,0.558,0.36
USR_03579,21.17,39.9,7.2,0.827,0.529,3,0.934,0.107,0.82,0.162,0.99
USR_03580,22.42,95.6,3.8,0.844,0.902,3,0.658,0.17,0.789,0.366,0.688
USR_03581,10.06,23.5,4.8,0.641,0.328,2,0.05,0.88,0.098,0.776,0.246
USR_03582,3.72,27.9,3.9,0.592,0.276,1,0.2,0.898,0.261,0.73,0.205
USR_03583,23.71,85.3,5.4,0.769,0.542,2,0.881,0.088,0.809,0.183,0.882
USR_03584,12.4,41.9,7.5,0.649,0.487,4,0.736,0.472,0.741,0.699,0.659
USR_03585,27.14,115.0,1.3,0.907,0.675,3,0.56,0.386,0.845,0.715,0.575
USR_03586,27.49,98.0,4.6,0.901,0.859,2,0.709,0.05,0.918,0.25,0.815
USR_03587,7.28,26.8,1.3,0.816,0.316,2,0.31,0.99,0.071,0.786,0.344
USR_03588,15.76,61.3,4.7,0.817,0.449,2,0.885,0.247,0.794,0.142,0.786
USR_03589,16.43,51.8,7.2,0.647,0.293,5,0.897,0.61,0.721,0.616,0.494
USR_03590,25.19,97.3,4.2,0.938,0.797,3,0.734,0.207,0.908,0.42,0.697
USR_03591,7.12,20.9,4.6,0.506,0.43,3,0.438,0.93,0.193,0.901,0.05
USR_03592,20.75,35.4,10.3,0.576,0.308,4,0.832,0.817,0.836,0.559,0.637
USR_03593,13.38,49.5,5.3,0.803,0.358,3,0.27,0.468,0.554,0.875,0.297
USR_03594,13.39,22.2,3.2,0.636,0.521,3,0.331,0.775,0.416,0.712,0.401
USR_03595,26.26,116.3,4.1,0.702,0.721,4,0.761,0.323,0.807,0.452,0.633
USR_03596,19.45,84.9,4.9,0.707,0.264,2,0.811,0.143,0.46,0.332,0.99
USR_03597,29.48,75.0,8.0,0.904,0.549,2,0.875,0.278,0.61,0.455,0.864
USR_03598,30.3,52.9,3.9,0.862,0.443,2,0.99,0.225,0.687,0.351,0.943
USR_03599,19.34,85.2,5.5,0.88,0.784,2,0.726,0.306,0.868,0.594,0.762
USR_03600,13.42,40.4,8.0,0.868,0.573,4,0.761,0.535,0.698,0.405,0.618
USR_03601,18.45,58.8,7.1,0.781,0.423,2,0.225,0.442,0.718,0.957,0.431
USR_03602,25.41,58.9,4.7,0.908,0.511,2,0.35,0.49,0.719,0.941,0.318
USR_03603,18.57,55.6,9.9,0.651,0.395,5,0.373,0.523,0.621,0.553,0.658
USR_03604,6.87,54.3,5.2,0.966,0.504,3,0.389,0.414,0.523,0.884,0.476
USR_03605,19.73,56.6,4.3,0.903,0.548,3,0.326,0.229,0.577,0.914,0.314
USR_03606,6.5,22.8,3.3,0.69,0.596,2,0.384,0.592,0.198,0.884,0.314
USR_03607,14.91,44.6,8.4,0.813,0.323,5,0.718,0.688,0.819,0.854,0.368
USR_03608,17.63,61.0,6.2,0.899,0.346,2,0.392,0.423,0.422,0.75,0.334
USR_03609,19.32,81.5,7.3,0.922,0.651,3,0.847,0.191,0.504,0.209,0.894
USR_03610,29.53,58.2,8.2,0.829,0.367,2,0.911,0.387,0.57,0.07,0.89
USR_03611,29.6,69.4,6.7,0.836,0.615,3,0.761,0.078,0.795,0.376,0.817
USR_03612,22.71,64.9,8.0,0.99,0.375,3,0.522,0.481,0.503,0.99,0.243
USR_03613,16.92,59.6,6.4,0.917,0.473,2,0.555,0.358,0.569,0.99,0.239
USR_03614,23.97,45.1,4.3,0.877,0.298,4,0.362,0.372,0.638,0.925,0.248
USR_03615,10.29,93.7,7.0,0.77,0.452,2,0.822,0.301,0.794,0.329,0.827
USR_03616,8.42,34.1,3.9,0.745,0.283,2,0.307,0.844,0.05,0.684,0.322
USR_03617,19.52,68.7,5.1,0.925,0.378,4,0.304,0.587,0.551,0.788,0.277
USR_03618,22.92,41.2,11.5,0.752,0.379,4,0.591,0.563,0.558,0.739,0.674
USR_03619,23.77,92.3,5.6,0.873,0.292,3,0.805,0.346,0.664,0.494,0.99
USR_03620,24.27,74.4,3.1,0.99,0.738,3,0.686,0.41,0.824,0.352,0.688
USR_03621,25.93,75.4,2.7,0.911,0.809,3,0.97,0.346,0.769,0.659,0.491
USR_03622,28.28,71.8,7.1,0.891,0.471,2,0.68,0.343,0.765,0.144,0.905
USR_03623,16.84,57.1,9.5,0.955,0.345,5,0.593,0.449,0.63,0.816,0.592
USR_03624,26.08,60.3,10.6,0.718,0.634,5,0.584,0.639,0.92,0.901,0.615
USR_03625,16.36,57.8,3.8,0.846,0.533,3,0.871,0.327,0.846,0.301,0.937
USR_03626,8.94,23.3,4.4,0.579,0.394,1,0.305,0.791,0.176,0.912,0.17
USR_03627,7.61,24.3,6.1,0.49,0.384,1,0.259,0.811,0.293,0.679,0.05
USR_03628,8.42,120.5,5.7,0.84,0.621,3,0.679,0.4,0.776,0.59,0.586
USR_03629,9.42,16.4,2.9,0.426,0.05,2,0.351,0.907,0.376,0.34,0.223
USR_03630,25.98,40.9,9.7,0.686,0.192,4,0.789,0.518,0.78,0.605,0.809
USR_03631,10.44,18.2,3.9,0.563,0.372,2,0.095,0.818,0.451,0.744,0.103
USR_03632,18.63,79.4,4.4,0.937,0.504,2,0.859,0.216,0.618,0.328,0.902
USR_03633,11.93,56.0,6.3,0.888,0.381,2,0.183,0.329,0.573,0.903,0.153
USR_03634,9.87,29.6,4.2,0.57,0.28,2,0.351,0.755,0.267,0.632,0.226
USR_03635,5.91,34.9,3.0,0.702,0.291,2,0.461,0.74,0.462,0.457,0.175
USR_03636,27.19,39.6,6.0,0.892,0.517,2,0.81,0.364,0.546,0.541,0.987
USR_03637,35.28,64.9,6.4,0.905,0.495,3,0.835,0.286,0.689,0.322,0.897
USR_03638,4.12,21.1,5.8,0.473,0.248,3,0.135,0.917,0.244,0.691,0.278
USR_03639,28.55,60.9,6.2,0.856,0.338,3,0.805,0.481,0.64,0.32,0.947
USR_03640,19.17,54.5,6.8,0.706,0.482,4,0.55,0.545,0.513,0.701,0.692
USR_03641,26.26,70.8,7.1,0.715,0.167,4,0.887,0.526,0.626,0.471,0.64
USR_03642,26.24,88.1,4.8,0.962,0.657,4,0.732,0.406,0.811,0.664,0.832
USR_03643,30.9,75.6,4.7,0.952,0.538,2,0.961,0.291,0.755,0.394,0.886
USR_03644,9.09,26.3,2.7,0.542,0.323,3,0.436,0.915,0.108,0.699,0.13
USR_03645,27.38,42.5,9.2,0.605,0.392,4,0.692,0.636,0.378,0.571,0.531
USR_03646,4.22,29.5,5.1,0.587,0.266,3,0.267,0.899,0.136,0.44,0.229
USR_03647,4.14,23.4,5.1,0.754,0.296,3,0.162,0.656,0.162,0.529,0.256
USR_03648,14.9,51.8,5.0,0.99,0.423,2,0.42,0.425,0.564,0.99,0.461
USR_03649,20.35,65.9,4.0,0.823,0.755,2,0.99,0.076,0.677,0.526,0.693
USR_03650,30.31,65.2,5.6,0.803,0.658,3,0.935,0.107,0.604,0.461,0.806
USR_03651,16.07,57.2,6.2,0.878,0.377,3,0.429,0.425,0.9,0.928,0.367
USR_03652,17.68,62.7,4.7,0.929,0.193,3,0.376,0.276,0.224,0.834,0.185
USR_03653,24.15,14.7,5.6,0.694,0.307,5,0.637,0.46,0.5,0.76,0.844
USR_03654,37.99,75.5,5.1,0.815,0.852,2,0.723,0.14,0.932,0.359,0.89
USR_03655,12.27,48.4,4.8,0.599,0.55,5,0.687,0.717,0.535,0.701,0.593
USR_03656,14.86,59.3,5.2,0.887,0.236,4,0.138,0.468,0.398,0.99,0.331
USR_03657,28.0,104.4,6.1,0.805,0.756,3,0.753,0.397,0.678,0.254,0.795
USR_03658,26.52,74.3,5.9,0.82,0.77,2,0.802,0.233,0.854,0.619,0.904
USR_03659,4.41,28.8,4.2,0.598,0.316,2,0.177,0.881,0.05,0.705,0.209
USR_03660,24.94,53.4,6.1,0.99,0.218,3,0.166,0.552,0.376,0.97,0.229
USR_03661,9.54,62.5,5.8,0.798,0.333,3,0.338,0.503,0.751,0.867,0.358
USR_03662,21.55,111.2,6.4,0.924,0.846,3,0.77,0.348,0.786,0.398,0.742
USR_03663,20.06,70.4,5.5,0.802,0.411,2,0.833,0.181,0.702,0.43,0.937
USR_03664,18.87,67.0,8.7,0.99,0.436,3,0.819,0.275,0.698,0.252,0.845
USR_03665,17.64,59.3,5.0,0.894,0.483,3,0.418,0.052,0.558,0.898,0.36
USR_03666,5.09,27.3,1.0,0.603,0.103,2,0.293,0.829,0.142,0.633,0.05
USR_03667,9.82,19.8,3.3,0.688,0.252,2,0.299,0.833,0.17,0.59,0.216
USR_03668,27.7,90.3,4.9,0.958,0.385,3,0.795,0.176,0.228,0.31,0.963
USR_03669,34.99,120.0,5.9,0.931,0.583,2,0.891,0.402,0.85,0.497,0.764
USR_03670,23.58,47.2,5.6,0.874,0.489,4,0.258,0.373,0.48,0.828,0.471
USR_03671,26.66,117.2,3.4,0.767,0.611,2,0.64,0.38,0.845,0.288,0.645
USR_03672,8.73,25.8,1.0,0.538,0.378,1,0.272,0.825,0.162,0.716,0.05
USR_03673,13.54,90.3,7.1,0.752,0.542,3,0.6,0.389,0.876,0.507,0.535
USR_03674,7.63,18.6,5.3,0.482,0.154,2,0.259,0.882,0.228,0.624,0.262
USR_03675,7.73,27.2,4.3,0.421,0.207,2,0.34,0.873,0.25,0.783,0.137
USR_03676,22.72,70.4,7.3,0.838,0.677,3,0.517,0.349,0.854,0.8,0.866
USR_03677,16.97,74.8,7.0,0.892,0.665,4,0.83,0.366,0.856,0.553,0.704
USR_03678,25.01,71.4,6.7,0.726,0.431,2,0.932,0.245,0.716,0.209,0.856
USR_03679,7.93,61.7,4.9,0.933,0.388,3,0.429,0.193,0.567,0.99,0.391
USR_03680,6.07,39.5,5.2,0.644,0.101,2,0.05,0.931,0.122,0.343,0.252
USR_03681,18.56,49.8,7.1,0.69,0.405,5,0.648,0.665,0.686,0.858,0.693
USR_03682,11.53,63.7,5.6,0.89,0.47,4,0.334,0.261,0.505,0.952,0.312
USR_03683,17.35,47.6,4.6,0.909,0.382,2,0.396,0.374,0.661,0.99,0.27
USR_03684,17.44,41.0,7.2,0.83,0.429,5,0.639,0.815,0.802,0.828,0.702
USR_03685,18.25,68.8,5.9,0.812,0.343,3,0.373,0.283,0.773,0.833,0.386
USR_03686,10.47,19.8,6.8,0.569,0.406,3,0.47,0.891,0.245,0.785,0.102
USR_03687,24.78,83.5,7.0,0.822,0.784,4,0.797,0.35,0.673,0.459,0.833
USR_03688,14.9,39.4,8.0,0.929,0.445,2,0.215,0.351,0.799,0.91,0.428
USR_03689,16.36,41.9,8.4,0.67,0.518,4,0.509,0.605,0.733,0.786,0.642
USR_03690,5.42,23.9,3.4,0.521,0.235,2,0.159,0.912,0.05,0.818,0.147
USR_03691,20.18,29.6,6.1,0.839,0.41,2,0.136,0.355,0.641,0.948,0.361
USR_03692,13.0,57.3,5.6,0.657,0.271,5,0.77,0.657,0.691,0.657,0.691
USR_03693,7.24,30.4,3.6,0.68,0.399,2,0.144,0.81,0.171,0.83,0.123
USR_03694,17.26,137.1,5.4,0.919,0.654,4,0.79,0.05,0.744,0.625,0.862
USR_03695,24.84,109.9,5.3,0.841,0.762,3,0.681,0.078,0.765,0.459,0.848
USR_03696,16.8,32.4,4.5,0.875,0.469,2,0.414,0.567,0.609,0.944,0.291
USR_03697,5.86,21.3,2.8,0.677,0.307,1,0.4,0.99,0.145,0.649,0.201
USR_03698,28.5,88.5,6.2,0.897,0.752,4,0.827,0.165,0.757,0.318,0.405
USR_03699,11.49,31.2,2.4,0.593,0.313,2,0.474,0.745,0.476,0.585,0.123
USR_03700,22.03,84.7,4.0,0.884,0.786,3,0.415,0.418,0.874,0.414,0.708
USR_03701,26.92,76.9,9.2,0.697,0.472,2,0.99,0.105,0.734,0.36,0.99
USR_03702,3.64,23.2,3.7,0.468,0.204,1,0.288,0.867,0.07,0.426,0.151
USR_03703,28.0,50.8,5.2,0.99,0.428,4,0.785,0.663,0.791,0.518,0.564
USR_03704,27.27,83.3,6.1,0.752,0.454,3,0.785,0.176,0.553,0.429,0.952
USR_03705,31.37,52.8,6.0,0.957,0.333,3,0.83,0.326,0.673,0.361,0.904
USR_03706,11.17,110.6,4.2,0.885,0.883,3,0.825,0.274,0.861,0.404,0.566
USR_03707,14.16,51.1,4.6,0.981,0.347,3,0.377,0.545,0.491,0.99,0.05
USR_03708,16.11,63.7,11.7,0.871,0.161,4,0.801,0.617,0.695,0.672,0.597
USR_03709,28.7,95.3,6.4,0.85,0.555,2,0.965,0.212,0.606,0.221,0.845
USR_03710,6.52,31.9,4.8,0.5,0.242,1,0.187,0.758,0.228,0.643,0.204
USR_03711,5.79,18.1,6.9,0.463,0.323,1,0.276,0.907,0.179,0.792,0.114
USR_03712,8.65,23.5,2.7,0.667,0.466,2,0.339,0.739,0.256,0.83,0.101
USR_03713,3.41,25.7,2.1,0.571,0.268,3,0.278,0.907,0.101,0.658,0.227
USR_03714,28.74,58.2,5.0,0.909,0.258,2,0.916,0.212,0.602,0.269,0.912
USR_03715,11.0,45.0,9.6,0.741,0.525,4,0.569,0.627,0.685,0.652,0.581
USR_03716,33.98,88.2,5.5,0.76,0.596,3,0.722,0.34,0.87,0.359,0.842
USR_03717,21.5,74.2,6.1,0.981,0.201,3,0.762,0.265,0.535,0.129,0.972
USR_03718,18.88,58.1,7.7,0.734,0.684,5,0.498,0.852,0.511,0.691,0.662
USR_03719,18.86,58.5,5.7,0.958,0.3,3,0.152,0.718,0.626,0.941,0.329
USR_03720,10.08,99.8,5.3,0.846,0.274,2,0.878,0.425,0.558,0.341,0.808
USR_03721,23.4,88.2,2.4,0.961,0.829,3,0.764,0.46,0.828,0.648,0.541
USR_03722,24.24,78.5,5.9,0.805,0.34,2,0.913,0.05,0.68,0.495,0.967
USR_03723,26.83,62.4,6.3,0.919,0.284,3,0.152,0.248,0.384,0.941,0.286
USR_03724,17.48,90.0,7.3,0.952,0.451,2,0.85,0.358,0.833,0.099,0.924
USR_03725,26.27,65.8,6.5,0.857,0.455,2,0.876,0.178,0.548,0.288,0.99
USR_03726,18.59,77.3,4.1,0.935,0.663,3,0.835,0.077,0.859,0.69,0.713
USR_03727,7.97,22.9,2.2,0.433,0.177,1,0.475,0.743,0.328,0.64,0.144
USR_03728,29.58,128.1,3.3,0.913,0.729,3,0.917,0.374,0.898,0.496,0.743
USR_03729,31.33,71.3,4.9,0.889,0.472,3,0.842,0.165,0.617,0.259,0.82
USR_03730,28.34,68.5,5.8,0.942,0.717,3,0.775,0.241,0.641,0.405,0.785
USR_03731,18.45,116.9,4.4,0.962,0.867,2,0.656,0.442,0.82,0.429,0.62
USR_03732,35.59,77.9,7.9,0.693,0.707,3,0.576,0.316,0.835,0.38,0.706
USR_03733,33.34,72.4,7.4,0.804,0.515,3,0.829,0.212,0.42,0.104,0.874
USR_03734,30.38,75.0,5.5,0.771,0.342,2,0.898,0.245,0.291,0.126,0.927
USR_03735,19.42,62.4,6.9,0.768,0.516,4,0.473,0.762,0.789,0.796,0.715
USR_03736,7.73,26.0,3.9,0.465,0.342,2,0.05,0.809,0.307,0.578,0.05
USR_03737,29.01,112.1,5.7,0.967,0.675,4,0.838,0.26,0.836,0.589,0.614
USR_03738,22.3,68.0,3.8,0.858,0.622,3,0.642,0.159,0.86,0.468,0.682
USR_03739,24.92,89.6,5.3,0.9,0.34,2,0.734,0.161,0.82,0.477,0.98
USR_03740,7.56,20.3,2.7,0.823,0.363,2,0.256,0.675,0.366,0.584,0.21
USR_03741,7.92,21.3,4.4,0.563,0.391,3,0.267,0.895,0.492,0.666,0.19
USR_03742,27.1,95.9,6.0,0.789,0.667,3,0.678,0.169,0.765,0.41,0.966
USR_03743,5.21,16.9,4.5,0.532,0.286,1,0.385,0.791,0.244,0.561,0.059
USR_03744,5.89,29.3,4.6,0.48,0.163,1,0.205,0.809,0.194,0.624,0.206
USR_03745,9.47,108.4,2.7,0.797,0.569,2,0.99,0.124,0.725,0.269,0.98
USR_03746,9.19,35.9,4.6,0.473,0.422,3,0.264,0.99,0.351,0.591,0.129
USR_03747,13.98,56.5,6.4,0.72,0.45,2,0.435,0.226,0.544,0.961,0.446
USR_03748,19.61,52.4,5.6,0.978,0.246,2,0.499,0.731,0.572,0.946,0.05
USR_03749,7.9,30.4,7.2,0.935,0.456,2,0.281,0.852,0.348,0.811,0.235
USR_03750,16.64,86.8,6.2,0.826,0.502,2,0.818,0.276,0.551,0.284,0.99
USR_03751,21.05,90.7,6.6,0.784,0.373,3,0.66,0.314,0.58,0.562,0.815
USR_03752,22.11,60.1,7.3,0.743,0.562,2,0.769,0.35,0.565,0.148,0.865
USR_03753,3.44,40.5,3.8,0.558,0.534,2,0.151,0.831,0.388,0.735,0.05
USR_03754,22.44,80.9,6.0,0.812,0.376,2,0.961,0.175,0.658,0.373,0.901
USR_03755,21.21,29.6,6.9,0.818,0.456,3,0.861,0.139,0.613,0.619,0.99
USR_03756,7.95,23.5,4.0,0.556,0.44,2,0.079,0.861,0.333,0.468,0.077
USR_03757,22.66,77.7,2.2,0.898,0.713,4,0.452,0.05,0.861,0.345,0.527
USR_03758,5.81,25.4,5.7,0.532,0.238,1,0.05,0.829,0.208,0.553,0.414
USR_03759,16.37,62.5,7.6,0.963,0.423,4,0.361,0.321,0.265,0.939,0.35
USR_03760,12.27,55.8,6.5,0.897,0.414,3,0.224,0.549,0.334,0.942,0.245
USR_03761,14.98,58.3,7.7,0.79,0.45,5,0.801,0.375,0.534,0.563,0.777
USR_03762,31.6,105.1,7.3,0.789,0.822,4,0.623,0.089,0.864,0.417,0.8
USR_03763,22.15,128.3,3.5,0.862,0.805,2,0.584,0.129,0.9,0.55,0.815
USR_03764,24.57,42.4,5.3,0.724,0.466,2,0.99,0.272,0.522,0.414,0.953
USR_03765,17.95,53.3,5.9,0.861,0.244,3,0.317,0.34,0.745,0.822,0.257
USR_03766,31.11,92.5,5.7,0.921,0.651,3,0.859,0.079,0.451,0.159,0.99
USR_03767,8.09,27.4,1.2,0.481,0.355,1,0.331,0.859,0.2,0.604,0.18
USR_03768,20.9,70.3,7.4,0.931,0.415,4,0.634,0.604,0.741,0.595,0.881
USR_03769,33.11,100.1,3.7,0.888,0.911,2,0.89,0.315,0.854,0.522,0.894
USR_03770,25.03,37.2,7.5,0.857,0.586,5,0.747,0.75,0.687,0.797,0.43
USR_03771,28.51,54.5,5.6,0.869,0.489,3,0.919,0.206,0.436,0.069,0.814
USR_03772,19.51,87.5,7.3,0.867,0.219,2,0.975,0.175,0.544,0.513,0.772
USR_03773,23.93,61.4,4.6,0.99,0.538,3,0.89,0.292,0.61,0.486,0.838
USR_03774,13.64,66.3,6.3,0.813,0.424,2,0.571,0.534,0.406,0.981,0.306
USR_03775,21.38,46.3,4.1,0.796,0.369,2,0.809,0.111,0.756,0.262,0.836
USR_03776,27.04,105.6,4.7,0.822,0.739,3,0.99,0.458,0.99,0.519,0.672
USR_03777,33.14,63.4,10.5,0.699,0.446,4,0.454,0.883,0.491,0.766,0.499
USR_03778,4.48,14.2,2.0,0.501,0.504,2,0.292,0.967,0.226,0.612,0.243
USR_03779,10.68,55.1,6.5,0.795,0.38,3,0.192,0.489,0.441,0.941,0.278
USR_03780,11.36,61.9,7.4,0.842,0.415,3,0.899,0.066,0.381,0.27,0.99
USR_03781,30.64,111.8,5.2,0.825,0.811,2,0.817,0.447,0.99,0.422,0.649
USR_03782,9.32,16.4,5.3,0.6,0.346,3,0.437,0.96,0.252,0.698,0.13
USR_03783,10.45,21.4,4.9,0.411,0.543,1,0.282,0.847,0.224,0.65,0.17
USR_03784,20.89,53.4,8.6,0.885,0.577,5,0.674,0.56,0.693,0.688,0.505
USR_03785,17.86,26.6,6.9,0.695,0.323,4,0.791,0.659,0.73,0.7,0.677
USR_03786,23.31,42.5,5.4,0.86,0.304,3,0.459,0.617,0.585,0.914,0.327
USR_03787,4.65,23.6,6.4,0.63,0.214,2,0.156,0.774,0.291,0.641,0.121
USR_03788,18.02,56.4,8.1,0.743,0.586,5,0.658,0.475,0.721,0.557,0.523
USR_03789,19.79,62.6,3.8,0.894,0.476,4,0.621,0.413,0.626,0.93,0.349
USR_03790,6.72,20.5,5.3,0.584,0.162,1,0.05,0.73,0.284,0.593,0.157
USR_03791,14.18,42.4,6.5,0.787,0.307,2,0.366,0.352,0.481,0.99,0.227
USR_03792,6.79,20.2,3.5,0.619,0.367,2,0.513,0.99,0.154,0.623,0.147
USR_03793,32.08,86.8,3.8,0.881,0.653,2,0.813,0.23,0.775,0.575,0.983
USR_03794,15.02,85.2,6.6,0.771,0.401,3,0.766,0.24,0.39,0.279,0.86
USR_03795,7.23,25.5,3.4,0.364,0.232,1,0.379,0.765,0.05,0.65,0.265
USR_03796,19.49,48.1,6.5,0.84,0.468,2,0.471,0.572,0.702,0.921,0.229
USR_03797,25.73,70.3,6.2,0.765,0.72,2,0.655,0.396,0.746,0.153,0.753
USR_03798,16.87,45.3,5.9,0.832,0.433,4,0.357,0.475,0.332,0.99,0.087
USR_03799,13.82,61.6,2.8,0.944,0.357,4,0.131,0.481,0.345,0.904,0.431
USR_03800,20.6,107.8,4.1,0.902,0.686,2,0.76,0.071,0.833,0.206,0.573
USR_03801,24.81,98.7,4.9,0.899,0.764,3,0.635,0.314,0.792,0.191,0.518
USR_03802,40.21,112.1,2.5,0.81,0.822,3,0.921,0.275,0.973,0.332,0.68
USR_03803,21.51,45.4,6.4,0.901,0.379,2,0.56,0.388,0.56,0.858,0.284
USR_03804,15.96,65.1,6.5,0.776,0.297,4,0.296,0.05,0.41,0.901,0.171
USR_03805,32.63,92.5,5.3,0.833,0.648,2,0.748,0.223,0.748,0.686,0.706
USR_03806,19.15,60.8,10.4,0.868,0.329,5,0.692,0.421,0.698,0.883,0.517
USR_03807,27.18,76.9,2.6,0.878,0.85,2,0.837,0.517,0.818,0.303,0.58
USR_03808,18.65,39.8,5.5,0.774,0.396,2,0.405,0.136,0.5,0.976,0.05
USR_03809,32.52,60.7,3.9,0.796,0.862,3,0.734,0.215,0.911,0.532,0.788
USR_03810,30.25,83.8,5.3,0.928,0.802,3,0.592,0.122,0.795,0.569,0.736
USR_03811,21.41,61.0,6.1,0.897,0.393,4,0.275,0.324,0.467,0.85,0.438
USR_03812,3.23,10.0,6.2,0.68,0.317,2,0.244,0.779,0.44,0.504,0.05
USR_03813,13.29,66.6,4.4,0.935,0.352,3,0.18,0.54,0.841,0.962,0.205
USR_03814,6.48,22.5,4.5,0.546,0.243,2,0.209,0.934,0.115,0.477,0.2
USR_03815,11.53,53.7,4.4,0.874,0.373,2,0.335,0.654,0.775,0.907,0.445
USR_03816,16.6,37.2,4.7,0.838,0.197,3,0.246,0.296,0.732,0.913,0.394
USR_03817,18.69,48.3,4.5,0.804,0.375,3,0.36,0.409,0.42,0.823,0.152
USR_03818,20.43,117.6,4.9,0.941,0.849,3,0.529,0.24,0.693,0.271,0.501
USR_03819,15.53,34.0,9.2,0.705,0.456,5,0.591,0.739,0.684,0.584,0.588
USR_03820,15.22,129.9,3.9,0.832,0.766,3,0.855,0.468,0.871,0.18,0.641
USR_03821,9.05,30.1,5.8,0.517,0.217,2,0.24,0.99,0.333,0.692,0.27
USR_03822,23.82,67.6,7.7,0.76,0.339,3,0.243,0.567,0.73,0.861,0.306
USR_03823,29.59,108.4,3.6,0.866,0.786,3,0.955,0.37,0.889,0.26,0.727
USR_03824,26.36,82.1,5.3,0.888,0.83,3,0.856,0.294,0.925,0.392,0.891
USR_03825,9.35,30.4,2.6,0.721,0.284,1,0.121,0.99,0.217,0.58,0.392
USR_03826,19.64,67.5,5.6,0.935,0.247,2,0.4,0.576,0.762,0.866,0.245
USR_03827,16.5,48.9,6.1,0.736,0.468,2,0.946,0.099,0.361,0.181,0.847
USR_03828,13.71,60.2,6.2,0.859,0.554,2,0.99,0.138,0.6,0.32,0.99
USR_03829,18.52,51.2,6.2,0.841,0.362,2,0.23,0.362,0.692,0.989,0.28
USR_03830,13.5,54.5,6.7,0.922,0.386,2,0.419,0.099,0.681,0.944,0.48
USR_03831,24.96,50.6,7.8,0.908,0.337,4,0.371,0.416,0.763,0.942,0.421
USR_03832,17.88,60.2,7.3,0.893,0.378,4,0.402,0.402,0.366,0.786,0.162
USR_03833,17.97,59.4,6.2,0.918,0.298,3,0.389,0.47,0.445,0.87,0.348
USR_03834,27.98,70.8,3.5,0.799,0.95,2,0.76,0.215,0.743,0.41,0.765
USR_03835,25.02,76.3,6.7,0.76,0.55,2,0.742,0.276,0.75,0.262,0.756
USR_03836,17.17,39.3,7.4,0.624,0.454,5,0.606,0.463,0.505,0.684,0.351
USR_03837,7.87,19.6,3.8,0.388,0.05,2,0.106,0.792,0.404,0.523,0.314
USR_03838,20.03,57.1,5.1,0.986,0.423,3,0.251,0.348,0.53,0.99,0.393
USR_03839,24.19,44.0,6.3,0.856,0.252,3,0.511,0.529,0.446,0.89,0.212
USR_03840,7.24,26.0,6.2,0.699,0.287,1,0.05,0.74,0.364,0.577,0.269
USR_03841,17.38,58.6,7.2,0.829,0.34,4,0.873,0.47,0.561,0.483,0.633
USR_03842,2.72,25.0,5.1,0.636,0.328,2,0.309,0.99,0.104,0.846,0.119
USR_03843,7.83,30.6,5.9,0.656,0.306,1,0.23,0.917,0.094,0.814,0.336
USR_03844,22.09,53.9,4.8,0.877,0.158,3,0.462,0.156,0.62,0.937,0.131
USR_03845,35.68,112.9,6.1,0.823,0.782,3,0.804,0.151,0.898,0.76,0.897
USR_03846,4.2,24.5,4.7,0.473,0.352,1,0.266,0.99,0.285,0.849,0.158
USR_03847,14.93,72.3,6.3,0.849,0.39,3,0.57,0.118,0.576,0.923,0.1
USR_03848,10.2,22.4,9.2,0.892,0.5,5,0.695,0.568,0.595,0.605,0.559
USR_03849,26.02,127.4,3.0,0.907,0.787,3,0.674,0.183,0.938,0.116,0.565
USR_03850,21.86,55.3,5.0,0.783,0.341,2,0.866,0.173,0.465,0.252,0.925
USR_03851,19.31,52.2,9.7,0.686,0.373,4,0.677,0.444,0.567,0.664,0.603
USR_03852,24.9,122.5,3.7,0.804,0.692,3,0.666,0.106,0.83,0.37,0.786
USR_03853,17.65,61.0,5.1,0.882,0.486,3,0.315,0.496,0.656,0.955,0.206
USR_03854,9.01,30.5,5.4,0.717,0.335,2,0.205,0.86,0.27,0.646,0.152
USR_03855,21.08,102.1,6.2,0.713,0.403,3,0.744,0.394,0.599,0.407,0.99
USR_03856,21.23,54.1,8.5,0.807,0.347,4,0.595,0.656,0.513,0.839,0.52
USR_03857,28.98,47.3,9.8,0.577,0.265,4,0.73,0.724,0.718,0.382,0.586
USR_03858,20.95,89.5,9.5,0.799,0.425,3,0.852,0.307,0.668,0.341,0.893
USR_03859,16.12,31.4,4.4,0.661,0.254,2,0.281,0.84,0.323,0.484,0.159
USR_03860,6.46,30.5,6.8,0.609,0.23,2,0.218,0.73,0.312,0.69,0.178
USR_03861,22.58,21.1,8.2,0.728,0.474,5,0.415,0.676,0.565,0.666,0.591
USR_03862,14.4,90.0,5.9,0.99,0.62,3,0.831,0.544,0.733,0.366,0.521
USR_03863,21.0,61.0,5.9,0.853,0.443,5,0.442,0.581,0.647,0.665,0.721
USR_03864,15.69,57.3,6.8,0.8,0.374,4,0.417,0.397,0.692,0.87,0.294
USR_03865,14.58,54.0,10.8,0.607,0.419,5,0.576,0.774,0.658,0.711,0.811
USR_03866,24.59,84.8,8.4,0.784,0.459,3,0.872,0.126,0.53,0.127,0.895
USR_03867,17.55,61.1,7.2,0.866,0.415,2,0.761,0.216,0.59,0.408,0.93
USR_03868,22.04,61.5,5.3,0.928,0.547,3,0.388,0.533,0.656,0.886,0.507
USR_03869,29.43,106.9,4.2,0.791,0.687,2,0.695,0.05,0.967,0.324,0.871
USR_03870,7.5,16.2,5.3,0.601,0.225,1,0.377,0.865,0.237,0.811,0.296
USR_03871,23.71,55.5,3.8,0.777,0.743,3,0.637,0.26,0.555,0.216,0.665
USR_03872,2.47,25.5,6.6,0.588,0.341,1,0.247,0.87,0.188,0.918,0.239
USR_03873,12.06,30.0,6.3,0.717,0.242,1,0.289,0.727,0.412,0.617,0.234
USR_03874,15.36,59.3,5.2,0.873,0.523,3,0.286,0.494,0.426,0.976,0.337
USR_03875,22.17,90.2,5.7,0.767,0.638,2,0.587,0.16,0.627,0.433,0.955
USR_03876,28.16,105.8,3.3,0.8,0.619,3,0.674,0.351,0.508,0.276,0.925
USR_03877,23.42,81.8,6.5,0.947,0.548,2,0.924,0.218,0.698,0.237,0.94
USR_03878,8.56,87.5,3.3,0.746,0.616,3,0.793,0.353,0.899,0.396,0.698
USR_03879,41.62,112.4,4.9,0.888,0.78,3,0.697,0.257,0.811,0.11,0.695
USR_03880,23.52,53.7,4.1,0.912,0.259,3,0.281,0.457,0.268,0.864,0.266
USR_03881,20.71,59.8,5.9,0.659,0.357,5,0.832,0.685,0.77,0.684,0.677
USR_03882,4.52,22.0,3.1,0.368,0.091,3,0.222,0.871,0.138,0.77,0.147
USR_03883,20.45,36.4,6.3,0.913,0.436,3,0.305,0.742,0.55,0.913,0.216
USR_03884,21.19,57.8,4.9,0.845,0.319,3,0.221,0.248,0.64,0.888,0.171
USR_03885,27.59,48.1,8.1,0.665,0.302,5,0.663,0.729,0.813,0.674,0.781
USR_03886,25.97,81.9,4.2,0.792,0.861,4,0.701,0.233,0.708,0.276,0.671
USR_03887,35.31,112.6,3.6,0.839,0.755,3,0.696,0.288,0.99,0.16,0.536
USR_03888,16.71,31.9,8.7,0.694,0.38,5,0.753,0.673,0.557,0.659,0.537
USR_03889,14.43,64.9,6.5,0.83,0.437,3,0.155,0.381,0.257,0.962,0.253
USR_03890,19.09,71.3,7.1,0.938,0.525,3,0.792,0.271,0.507,0.239,0.964
USR_03891,23.9,113.1,4.8,0.924,0.709,2,0.939,0.103,0.569,0.287,0.736
USR_03892,28.03,94.3,3.9,0.841,0.878,3,0.502,0.372,0.693,0.627,0.54
USR_03893,25.99,113.6,6.4,0.838,0.64,2,0.926,0.206,0.777,0.276,0.604
USR_03894,41.43,50.0,5.2,0.821,0.681,3,0.706,0.362,0.803,0.423,0.605
USR_03895,7.1,29.1,2.9,0.772,0.492,2,0.52,0.891,0.319,0.683,0.093
USR_03896,5.19,60.8,5.5,0.944,0.273,3,0.539,0.399,0.552,0.91,0.22
USR_03897,13.76,43.9,5.2,0.659,0.444,5,0.449,0.732,0.66,0.852,0.671
USR_03898,8.62,33.8,5.7,0.629,0.356,1,0.28,0.734,0.095,0.721,0.146
USR_03899,17.54,68.6,6.0,0.933,0.202,2,0.297,0.231,0.298,0.988,0.325
USR_03900,22.9,90.3,6.2,0.84,0.748,3,0.729,0.258,0.861,0.356,0.498
USR_03901,27.43,77.7,7.6,0.824,0.631,3,0.745,0.29,0.85,0.264,0.908
USR_03902,29.13,59.1,7.5,0.875,0.513,2,0.81,0.3,0.459,0.305,0.988
USR_03903,19.28,54.5,6.0,0.75,0.35,3,0.273,0.304,0.432,0.946,0.315
USR_03904,21.05,44.5,6.0,0.927,0.326,4,0.409,0.3,0.45,0.912,0.422
USR_03905,9.23,23.5,2.0,0.583,0.154,1,0.345,0.833,0.19,0.773,0.25
USR_03906,25.08,62.1,7.8,0.805,0.657,5,0.558,0.564,0.773,0.498,0.509
USR_03907,23.94,60.8,5.3,0.729,0.482,3,0.83,0.373,0.666,0.345,0.819
USR_03908,9.54,32.1,3.1,0.526,0.198,2,0.074,0.889,0.284,0.841,0.268
USR_03909,4.97,24.3,3.2,0.709,0.191,2,0.416,0.987,0.248,0.62,0.068
USR_03910,15.12,59.4,1.9,0.856,0.359,2,0.235,0.359,0.735,0.99,0.293
USR_03911,29.9,93.0,6.7,0.785,0.587,4,0.697,0.388,0.797,0.32,0.633
USR_03912,5.67,19.1,2.9,0.267,0.398,2,0.222,0.714,0.072,0.611,0.2
USR_03913,5.09,15.6,5.7,0.416,0.314,1,0.136,0.814,0.26,0.687,0.105
USR_03914,9.55,26.1,4.3,0.616,0.467,1,0.126,0.715,0.292,0.64,0.183
USR_03915,19.17,69.2,9.9,0.859,0.565,2,0.785,0.05,0.667,0.413,0.909
USR_03916,14.44,43.7,6.8,0.872,0.366,4,0.323,0.274,0.649,0.971,0.294
USR_03917,21.79,63.3,7.1,0.672,0.485,4,0.796,0.464,0.83,0.725,0.557
USR_03918,6.7,26.6,1.0,0.552,0.191,1,0.31,0.88,0.258,0.766,0.27
USR_03919,22.22,37.4,8.0,0.58,0.49,5,0.823,0.667,0.638,0.615,0.748
USR_03920,4.42,23.8,3.5,0.398,0.493,2,0.18,0.866,0.092,0.719,0.264
USR_03921,25.89,80.6,5.4,0.925,0.618,4,0.99,0.361,0.884,0.491,0.865
USR_03922,22.61,98.7,6.4,0.99,0.946,3,0.925,0.205,0.911,0.419,0.891
USR_03923,5.4,20.6,3.7,0.511,0.46,2,0.247,0.728,0.424,0.596,0.259
USR_03924,19.93,31.3,7.9,0.826,0.097,5,0.622,0.66,0.572,0.764,0.71
USR_03925,18.08,24.9,4.6,0.858,0.301,3,0.326,0.424,0.511,0.936,0.321
USR_03926,4.41,19.8,5.6,0.777,0.201,2,0.42,0.842,0.11,0.559,0.157
USR_03927,20.15,59.9,4.6,0.794,0.434,3,0.977,0.189,0.634,0.167,0.99
USR_03928,15.26,92.9,5.6,0.99,0.449,3,0.949,0.254,0.664,0.333,0.917
USR_03929,14.91,39.1,5.6,0.882,0.461,2,0.333,0.211,0.341,0.99,0.201
USR_03930,9.66,20.0,5.4,0.649,0.406,1,0.345,0.874,0.18,0.692,0.306
USR_03931,27.43,138.3,3.4,0.859,0.703,2,0.65,0.423,0.666,0.608,0.739
USR_03932,21.82,112.6,4.0,0.847,0.689,3,0.748,0.401,0.912,0.396,0.658
USR_03933,25.0,71.2,6.5,0.802,0.813,4,0.624,0.379,0.802,0.588,0.721
USR_03934,18.78,29.6,5.3,0.578,0.473,5,0.627,0.513,0.786,0.666,0.727
USR_03935,8.23,21.5,3.0,0.443,0.184,3,0.25,0.898,0.151,0.792,0.05
USR_03936,25.63,80.0,5.0,0.942,0.738,2,0.933,0.398,0.894,0.414,0.474
USR_03937,25.29,74.5,4.6,0.805,0.485,2,0.985,0.29,0.523,0.541,0.99
USR_03938,25.27,116.5,5.5,0.9,0.782,4,0.692,0.126,0.854,0.368,0.644
USR_03939,30.78,109.4,5.1,0.837,0.757,2,0.709,0.133,0.822,0.219,0.893
USR_03940,22.41,95.5,4.7,0.81,0.268,2,0.864,0.134,0.301,0.581,0.918
USR_03941,23.83,58.1,9.2,0.709,0.427,4,0.559,0.545,0.655,0.643,0.593
USR_03942,24.36,51.4,6.4,0.977,0.462,3,0.386,0.386,0.49,0.84,0.268
USR_03943,8.09,32.7,5.5,0.573,0.168,2,0.182,0.665,0.31,0.539,0.05
USR_03944,9.24,56.2,4.9,0.946,0.381,3,0.32,0.512,0.569,0.914,0.169
USR_03945,18.26,38.4,4.2,0.791,0.343,2,0.25,0.254,0.378,0.965,0.284
USR_03946,20.7,62.4,8.9,0.908,0.61,2,0.935,0.199,0.533,0.296,0.825
USR_03947,13.74,51.0,5.6,0.845,0.353,4,0.243,0.105,0.187,0.844,0.238
USR_03948,26.55,91.2,5.8,0.951,0.562,3,0.837,0.15,0.79,0.313,0.771
USR_03949,18.07,46.6,7.1,0.745,0.39,3,0.164,0.353,0.645,0.877,0.417
USR_03950,23.45,92.4,4.3,0.872,0.787,2,0.811,0.247,0.884,0.459,0.958
USR_03951,19.32,55.3,4.6,0.943,0.429,3,0.914,0.05,0.352,0.165,0.879
USR_03952,8.91,37.9,2.0,0.725,0.501,2,0.05,0.804,0.255,0.834,0.05
USR_03953,2.69,25.7,3.7,0.519,0.334,1,0.224,0.94,0.307,0.695,0.05
USR_03954,2.03,13.9,5.9,0.668,0.157,2,0.235,0.754,0.162,0.584,0.224
USR_03955,31.93,68.0,5.3,0.907,0.513,3,0.668,0.268,0.639,0.395,0.936
USR_03956,19.28,80.3,3.5,0.809,0.708,4,0.748,0.237,0.773,0.527,0.807
USR_03957,23.39,64.9,7.7,0.891,0.304,2,0.492,0.539,0.664,0.852,0.58
USR_03958,22.53,74.2,6.1,0.861,0.316,3,0.806,0.217,0.52,0.175,0.891
USR_03959,26.79,112.7,7.0,0.811,0.73,3,0.747,0.417,0.704,0.497,0.82
USR_03960,7.76,11.9,5.3,0.922,0.468,2,0.197,0.737,0.273,0.633,0.295
USR_03961,21.59,57.0,6.2,0.669,0.303,4,0.318,0.765,0.507,0.758,0.48
USR_03962,8.36,40.1,3.8,0.48,0.262,3,0.13,0.824,0.419,0.862,0.208
USR_03963,12.36,50.8,8.1,0.849,0.326,3,0.385,0.344,0.84,0.931,0.237
USR_03964,21.13,44.9,10.2,0.872,0.501,4,0.645,0.853,0.85,0.532,0.278
USR_03965,15.66,47.4,10.2,0.819,0.464,4,0.517,0.881,0.73,0.644,0.495
USR_03966,21.71,71.4,7.7,0.757,0.133,2,0.762,0.373,0.75,0.223,0.99
USR_03967,7.83,28.6,5.9,0.747,0.305,2,0.314,0.848,0.311,0.581,0.342
USR_03968,10.06,20.2,2.2,0.45,0.361,2,0.429,0.79,0.446,0.756,0.185
USR_03969,6.38,62.8,7.2,0.96,0.245,4,0.12,0.528,0.61,0.844,0.172
USR_03970,19.7,89.7,6.1,0.852,0.538,3,0.751,0.094,0.663,0.264,0.899
USR_03971,25.79,77.9,6.0,0.864,0.945,3,0.585,0.293,0.773,0.374,0.761
USR_03972,15.99,42.1,8.8,0.853,0.285,5,0.595,0.816,0.622,0.93,0.542
USR_03973,21.45,76.9,6.3,0.931,0.529,2,0.87,0.247,0.889,0.297,0.974
USR_03974,14.55,31.4,7.3,0.831,0.3,4,0.819,0.748,0.688,0.626,0.533
USR_03975,23.59,45.3,4.8,0.898,0.363,3,0.384,0.593,0.578,0.99,0.223
USR_03976,23.59,71.1,5.3,0.908,0.468,3,0.896,0.415,0.717,0.323,0.912
USR_03977,11.51,67.6,3.3,0.934,0.465,2,0.496,0.237,0.65,0.812,0.449
USR_03978,22.34,91.3,4.6,0.897,0.733,3,0.838,0.05,0.852,0.46,0.617
USR_03979,31.72,87.7,4.0,0.903,0.748,2,0.827,0.349,0.746,0.618,0.85
USR_03980,4.84,20.2,5.4,0.545,0.541,3,0.26,0.793,0.275,0.769,0.279
USR_03981,18.56,67.6,3.9,0.948,0.341,3,0.181,0.624,0.49,0.884,0.19
USR_03982,6.11,15.9,2.4,0.614,0.429,3,0.384,0.99,0.407,0.492,0.276
USR_03983,32.5,119.8,7.4,0.93,0.272,2,0.699,0.347,0.466,0.226,0.926
USR_03984,16.51,47.9,4.6,0.881,0.374,3,0.586,0.219,0.683,0.822,0.244
USR_03985,17.31,49.9,8.6,0.73,0.606,4,0.376,0.524,0.755,0.68,0.437
USR_03986,5.18,29.8,3.0,0.478,0.364,2,0.304,0.841,0.065,0.767,0.216
USR_03987,18.52,90.1,7.5,0.891,0.728,3,0.951,0.332,0.73,0.25,0.956
USR_03988,9.27,27.3,7.4,0.612,0.183,1,0.06,0.756,0.371,0.616,0.084
USR_03989,21.11,69.6,7.3,0.775,0.4,2,0.939,0.054,0.648,0.116,0.972
USR_03990,18.33,43.9,4.6,0.938,0.468,2,0.315,0.248,0.656,0.87,0.409
USR_03991,13.68,60.7,8.2,0.745,0.218,5,0.629,0.617,0.411,0.55,0.809
USR_03992,36.02,102.9,3.1,0.891,0.86,3,0.707,0.106,0.698,0.356,0.613
USR_03993,26.11,48.1,5.5,0.789,0.249,4,0.74,0.595,0.556,0.871,0.55
USR_03994,11.57,51.8,7.5,0.842,0.362,2,0.369,0.655,0.53,0.961,0.337
USR_03995,18.14,53.5,6.3,0.95,0.416,2,0.358,0.348,0.541,0.753,0.145
USR_03996,19.27,50.3,7.7,0.906,0.317,4,0.192,0.382,0.577,0.881,0.321
USR_03997,5.65,24.4,6.4,0.51,0.067,1,0.13,0.656,0.172,0.599,0.216
USR_03998,15.58,57.5,7.2,0.854,0.398,5,0.626,0.515,0.549,0.644,0.7
USR_03999,17.3,91.0,4.2,0.933,0.771,3,0.973,0.322,0.961,0.297,0.688
USR_04000,8.99,16.9,5.1,0.469,0.272,2,0.288,0.871,0.307,0.604,0.212
USR_04001,12.52,25.8,4.9,0.541,0.378,2,0.05,0.793,0.18,0.693,0.222
USR_04002,31.61,120.4,5.4,0.781,0.688,3,0.839,0.238,0.795,0.534,0.598
USR_04003,11.6,56.9,7.7,0.906,0.405,3,0.399,0.572,0.49,0.929,0.328
USR_04004,8.47,32.9,1.4,0.695,0.323,2,0.349,0.99,0.174,0.819,0.145
USR_04005,19.51,65.3,7.5,0.786,0.743,2,0.99,0.397,0.798,0.169,0.889
USR_04006,17.86,58.0,8.8,0.614,0.388,4,0.808,0.54,0.95,0.815,0.766
USR_04007,25.09,51.8,5.8,0.778,0.367,4,0.472,0.371,0.637,0.676,0.494
USR_04008,13.74,112.5,3.8,0.807,0.766,4,0.601,0.264,0.795,0.364,0.689
USR_04009,14.86,23.3,9.6,0.781,0.325,5,0.676,0.701,0.491,0.714,0.288
USR_04010,17.69,51.1,5.2,0.913,0.373,3,0.443,0.506,0.63,0.882,0.299
USR_04011,5.37,21.7,5.0,0.39,0.131,2,0.294,0.99,0.05,0.64,0.205
USR_04012,31.9,90.3,5.3,0.74,0.803,4,0.511,0.253,0.864,0.74,0.491
USR_04013,19.55,48.5,7.3,0.852,0.313,4,0.35,0.494,0.422,0.918,0.2
USR_04014,34.64,103.5,5.7,0.826,0.775,2,0.573,0.05,0.791,0.482,0.652
USR_04015,32.33,81.3,5.1,0.819,0.866,3,0.915,0.209,0.846,0.454,0.574
USR_04016,9.8,31.9,4.2,0.784,0.416,2,0.197,0.816,0.083,0.739,0.164
USR_04017,21.54,89.2,7.6,0.872,0.565,2,0.703,0.167,0.545,0.145,0.973
USR_04018,11.39,21.1,3.0,0.612,0.23,2,0.388,0.69,0.323,0.852,0.118
USR_04019,26.45,73.2,9.0,0.883,0.504,3,0.99,0.213,0.558,0.277,0.923
USR_04020,26.52,86.9,9.4,0.903,0.555,2,0.646,0.185,0.663,0.207,0.873
USR_04021,3.35,31.0,4.2,0.767,0.345,2,0.163,0.809,0.077,0.725,0.066
USR_04022,6.58,18.4,3.9,0.621,0.066,1,0.381,0.99,0.441,0.808,0.161
USR_04023,15.22,63.3,3.9,0.834,0.592,4,0.903,0.214,0.699,0.741,0.963
USR_04024,29.19,105.7,8.6,0.838,0.749,3,0.99,0.392,0.845,0.522,0.766
USR_04025,21.73,97.3,4.8,0.794,0.702,3,0.755,0.05,0.887,0.543,0.894
USR_04026,8.89,26.2,4.6,0.509,0.359,1,0.266,0.76,0.161,0.682,0.05
USR_04027,28.5,88.1,4.9,0.85,0.776,4,0.758,0.299,0.818,0.8,0.633
USR_04028,27.38,35.0,7.0,0.744,0.188,5,0.941,0.548,0.714,0.797,0.359
USR_04029,4.67,24.3,1.0,0.505,0.152,1,0.276,0.838,0.119,0.766,0.217
USR_04030,21.86,44.6,11.3,0.85,0.312,4,0.783,0.417,0.579,0.858,0.45
USR_04031,25.65,90.2,5.0,0.879,0.714,2,0.593,0.327,0.569,0.431,0.698
USR_04032,25.13,74.1,8.7,0.808,0.606,2,0.99,0.129,0.722,0.196,0.88
USR_04033,29.71,89.4,5.7,0.99,0.439,3,0.835,0.215,0.613,0.28,0.858
USR_04034,13.55,49.6,7.6,0.99,0.224,3,0.459,0.555,0.661,0.945,0.171
USR_04035,16.16,61.1,5.9,0.795,0.397,2,0.312,0.498,0.503,0.923,0.274
USR_04036,15.51,77.8,8.7,0.868,0.501,2,0.804,0.249,0.521,0.187,0.881
USR_04037,19.42,62.1,4.5,0.833,0.342,3,0.581,0.51,0.828,0.971,0.331
USR_04038,18.27,87.0,6.5,0.871,0.632,3,0.916,0.237,0.422,0.543,0.967
USR_04039,25.57,117.6,2.6,0.811,0.558,2,0.844,0.311,0.951,0.312,0.655
USR_04040,11.46,69.1,5.3,0.916,0.556,3,0.682,0.148,0.813,0.48,0.816
USR_04041,32.1,86.9,2.7,0.717,0.866,2,0.854,0.13,0.861,0.24,0.551
USR_04042,11.72,71.8,5.6,0.862,0.64,3,0.965,0.184,0.711,0.494,0.91
USR_04043,1.72,28.4,4.0,0.468,0.368,1,0.513,0.704,0.268,0.513,0.091
USR_04044,22.35,74.8,4.8,0.734,0.711,2,0.809,0.406,0.506,0.377,0.921
USR_04045,32.58,70.9,4.1,0.882,0.548,2,0.72,0.252,0.938,0.568,0.506
USR_04046,17.66,68.0,6.5,0.925,0.517,3,0.809,0.253,0.801,0.144,0.859
USR_04047,8.9,24.0,5.0,0.693,0.347,3,0.307,0.752,0.235,0.743,0.161
USR_04048,24.72,59.6,6.0,0.876,0.42,3,0.414,0.5,0.236,0.767,0.26
USR_04049,24.74,90.6,2.7,0.7,0.593,2,0.903,0.141,0.687,0.325,0.739
USR_04050,24.58,52.2,5.8,0.928,0.396,3,0.405,0.446,0.674,0.89,0.143
USR_04051,6.56,14.4,4.7,0.582,0.341,1,0.19,0.699,0.221,0.617,0.136
USR_04052,25.7,67.8,6.8,0.77,0.546,3,0.838,0.198,0.638,0.115,0.797
USR_04053,28.88,71.4,6.5,0.71,0.627,3,0.702,0.319,0.9,0.404,0.913
USR_04054,6.46,25.5,3.9,0.831,0.279,3,0.27,0.793,0.191,0.7,0.361
USR_04055,22.48,50.4,5.2,0.848,0.411,4,0.655,0.535,0.621,0.566,0.528
USR_04056,22.99,124.7,3.5,0.849,0.694,3,0.733,0.358,0.825,0.443,0.628
USR_04057,14.55,77.8,4.0,0.99,0.796,2,0.62,0.056,0.933,0.48,0.776
USR_04058,19.56,57.3,7.7,0.893,0.393,2,0.233,0.415,0.499,0.753,0.394
USR_04059,17.13,56.4,4.3,0.77,0.225,4,0.499,0.169,0.509,0.962,0.371
USR_04060,33.24,95.2,4.9,0.93,0.74,4,0.875,0.071,0.781,0.392,0.817
USR_04061,13.77,68.3,5.3,0.847,0.339,3,0.588,0.53,0.482,0.835,0.365
USR_04062,23.24,112.7,3.0,0.682,0.661,3,0.605,0.502,0.94,0.231,0.579
USR_04063,28.79,75.1,8.3,0.887,0.475,3,0.99,0.13,0.664,0.194,0.841
USR_04064,20.57,61.5,5.7,0.946,0.318,4,0.343,0.12,0.602,0.85,0.059
USR_04065,28.03,88.3,2.9,0.875,0.749,3,0.99,0.433,0.803,0.495,0.829
USR_04066,27.3,97.3,5.4,0.84,0.858,3,0.674,0.294,0.706,0.334,0.797
USR_04067,28.02,90.5,3.5,0.81,0.945,2,0.78,0.375,0.906,0.307,0.5
USR_04068,18.63,47.8,5.2,0.551,0.449,5,0.607,0.678,0.613,0.745,0.606
USR_04069,16.19,122.1,5.8,0.827,0.766,3,0.785,0.422,0.65,0.493,0.718
USR_04070,2.43,31.8,6.7,0.593,0.2,2,0.369,0.684,0.346,0.821,0.264
USR_04071,4.2,18.7,1.4,0.442,0.43,2,0.164,0.748,0.1,0.443,0.25
USR_04072,24.37,119.7,5.0,0.869,0.714,3,0.921,0.309,0.68,0.422,0.77
USR_04073,21.9,62.5,8.8,0.83,0.551,3,0.99,0.337,0.432,0.308,0.97
USR_04074,7.04,19.7,1.8,0.765,0.455,2,0.335,0.99,0.191,0.715,0.235
USR_04075,21.46,77.7,6.0,0.846,0.437,2,0.825,0.05,0.552,0.503,0.976
USR_04076,25.59,91.9,1.6,0.918,0.675,4,0.732,0.457,0.657,0.315,0.918
USR_04077,25.93,50.2,6.7,0.814,0.309,2,0.447,0.32,0.339,0.94,0.283
USR_04078,7.47,22.0,5.0,0.682,0.326,2,0.549,0.923,0.097,0.59,0.053
USR_04079,22.33,66.9,3.4,0.765,0.642,3,0.906,0.53,0.786,0.433,0.743
USR_04080,30.36,86.4,3.6,0.901,0.547,2,0.852,0.377,0.491,0.275,0.89
USR_04081,23.11,60.5,5.0,0.862,0.31,2,0.857,0.489,0.756,0.3,0.908
USR_04082,4.98,36.2,1.9,0.69,0.375,3,0.159,0.893,0.149,0.433,0.124
USR_04083,23.73,111.2,2.9,0.71,0.697,4,0.892,0.345,0.99,0.26,0.619
USR_04084,25.02,101.0,3.8,0.815,0.111,2,0.906,0.174,0.699,0.423,0.939
USR_04085,15.1,51.1,5.6,0.826,0.35,4,0.236,0.459,0.749,0.827,0.331
USR_04086,20.49,77.4,5.7,0.663,0.541,3,0.965,0.14,0.491,0.279,0.917
USR_04087,23.48,63.1,3.4,0.863,0.691,3,0.816,0.262,0.973,0.358,0.846
USR_04088,23.87,41.5,5.0,0.968,0.34,2,0.867,0.271,0.507,0.17,0.89
USR_04089,38.38,73.6,4.5,0.959,0.732,4,0.834,0.418,0.978,0.254,0.687
USR_04090,8.81,32.3,5.4,0.529,0.354,1,0.263,0.942,0.105,0.585,0.348
USR_04091,29.49,42.6,5.9,0.653,0.318,5,0.882,0.709,0.524,0.685,0.648
USR_04092,4.86,33.2,4.2,0.621,0.26,3,0.252,0.865,0.078,0.492,0.05
USR_04093,6.67,28.6,3.7,0.582,0.333,1,0.324,0.837,0.173,0.506,0.219
USR_04094,17.73,46.7,6.7,0.779,0.405,4,0.681,0.369,0.684,0.739,0.813
USR_04095,7.75,24.3,3.1,0.441,0.216,2,0.289,0.893,0.181,0.663,0.159
USR_04096,16.98,60.0,6.8,0.897,0.308,4,0.052,0.595,0.583,0.909,0.384
USR_04097,28.08,50.3,7.2,0.887,0.485,2,0.892,0.302,0.482,0.055,0.906
USR_04098,18.85,53.6,7.5,0.858,0.233,2,0.477,0.489,0.651,0.858,0.218
USR_04099,27.96,88.7,5.7,0.715,0.716,3,0.657,0.197,0.644,0.164,0.905
USR_04100,6.54,38.3,3.5,0.372,0.529,2,0.371,0.773,0.328,0.673,0.206
USR_04101,24.24,86.1,5.1,0.735,0.904,2,0.665,0.28,0.703,0.244,0.589
USR_04102,23.12,55.7,6.1,0.887,0.379,4,0.548,0.474,0.39,0.771,0.432
USR_04103,28.3,77.5,6.2,0.85,0.749,3,0.951,0.253,0.702,0.419,0.959
USR_04104,14.19,50.3,3.4,0.878,0.367,3,0.35,0.282,0.351,0.942,0.212
USR_04105,18.05,71.1,4.6,0.86,0.381,3,0.889,0.25,0.623,0.311,0.868
USR_04106,22.28,64.9,6.7,0.808,0.386,2,0.83,0.05,0.548,0.435,0.869
USR_04107,24.8,52.0,8.1,0.621,0.564,4,0.638,0.645,0.543,0.789,0.831
USR_04108,25.48,65.0,5.8,0.824,0.636,2,0.859,0.419,0.806,0.708,0.662
USR_04109,16.25,42.6,6.3,0.886,0.493,3,0.175,0.286,0.622,0.773,0.488
USR_04110,11.92,60.4,8.1,0.99,0.295,3,0.398,0.209,0.619,0.99,0.349
USR_04111,20.06,95.6,4.4,0.808,0.652,3,0.89,0.19,0.655,0.196,0.733
USR_04112,24.57,41.0,5.8,0.772,0.469,2,0.788,0.258,0.58,0.163,0.881
USR_04113,4.83,11.8,6.8,0.702,0.178,2,0.346,0.826,0.281,0.748,0.175
USR_04114,26.37,104.9,5.7,0.732,0.723,3,0.647,0.05,0.789,0.574,0.975
USR_04115,8.44,12.5,3.8,0.518,0.287,2,0.191,0.717,0.282,0.715,0.233
USR_04116,31.82,69.2,7.3,0.763,0.545,2,0.895,0.217,0.449,0.35,0.889
USR_04117,4.55,33.0,6.8,0.72,0.212,1,0.312,0.896,0.052,0.685,0.119
USR_04118,12.57,47.7,3.2,0.767,0.235,4,0.828,0.551,0.601,0.492,0.623
USR_04119,28.21,87.1,4.5,0.949,0.759,3,0.786,0.37,0.671,0.629,0.748
USR_04120,25.3,99.3,3.3,0.871,0.698,2,0.688,0.425,0.864,0.309,0.833
USR_04121,14.5,62.5,9.1,0.801,0.557,5,0.554,0.683,0.437,0.769,0.56
USR_04122,23.57,60.1,5.3,0.93,0.531,3,0.408,0.489,0.833,0.806,0.159
USR_04123,34.08,85.5,4.6,0.836,0.868,2,0.911,0.125,0.883,0.483,0.477
USR_04124,17.92,31.7,7.8,0.728,0.413,5,0.865,0.558,0.655,0.687,0.659
USR_04125,21.76,56.9,6.8,0.926,0.405,3,0.593,0.42,0.429,0.99,0.294
USR_04126,18.7,82.9,6.7,0.803,0.507,2,0.82,0.302,0.695,0.084,0.99
USR_04127,2.04,25.2,3.4,0.515,0.231,2,0.148,0.654,0.231,0.695,0.288
USR_04128,29.28,110.7,5.8,0.837,0.747,2,0.879,0.264,0.782,0.469,0.745
USR_04129,33.1,96.8,1.2,0.99,0.692,4,0.99,0.184,0.719,0.642,0.844
USR_04130,17.21,67.3,6.2,0.879,0.258,3,0.357,0.442,0.535,0.862,0.106
USR_04131,20.18,39.9,6.6,0.811,0.796,5,0.486,0.657,0.597,0.767,0.732
USR_04132,34.5,59.3,5.9,0.963,0.539,3,0.833,0.191,0.67,0.365,0.903
USR_04133,20.7,66.9,5.7,0.955,0.391,3,0.513,0.479,0.725,0.882,0.238
USR_04134,9.35,25.7,5.2,0.628,0.288,3,0.263,0.86,0.11,0.598,0.337
USR_04135,19.95,51.3,5.1,0.809,0.242,3,0.479,0.48,0.567,0.823,0.2
USR_04136,9.27,35.4,5.4,0.622,0.327,2,0.124,0.771,0.448,0.636,0.119
USR_04137,17.74,61.7,5.7,0.902,0.321,4,0.384,0.418,0.424,0.928,0.349
USR_04138,4.79,20.5,1.5,0.417,0.223,2,0.264,0.99,0.222,0.404,0.255
USR_04139,22.06,41.4,4.8,0.776,0.264,5,0.86,0.589,0.854,0.681,0.539
USR_04140,33.73,81.0,4.8,0.804,0.703,2,0.901,0.166,0.755,0.295,0.911
USR_04141,10.02,53.8,6.2,0.9,0.483,3,0.833,0.251,0.696,0.369,0.967
USR_04142,9.0,31.2,2.8,0.701,0.375,2,0.477,0.832,0.261,0.509,0.174
USR_04143,7.21,16.0,4.9,0.76,0.246,1,0.173,0.679,0.05,0.78,0.124
USR_04144,8.12,24.3,4.9,0.549,0.443,3,0.249,0.768,0.05,0.553,0.307
USR_04145,8.94,10.0,6.9,0.566,0.421,1,0.243,0.836,0.221,0.781,0.16
USR_04146,22.24,99.9,5.6,0.917,0.497,3,0.873,0.322,0.356,0.33,0.972
USR_04147,2.0,30.5,6.1,0.38,0.519,1,0.418,0.903,0.198,0.516,0.271
USR_04148,13.05,52.0,5.5,0.867,0.543,3,0.38,0.397,0.594,0.731,0.248
USR_04149,18.82,40.3,4.8,0.885,0.377,4,0.398,0.398,0.602,0.927,0.459
USR_04150,4.52,33.8,4.4,0.581,0.524,2,0.05,0.787,0.31,0.748,0.132
USR_04151,26.62,75.6,8.2,0.891,0.469,2,0.947,0.411,0.669,0.44,0.99
USR_04152,7.38,26.0,5.7,0.265,0.219,3,0.317,0.673,0.245,0.703,0.26
USR_04153,27.14,46.7,4.6,0.915,0.342,2,0.952,0.435,0.44,0.381,0.863
USR_04154,12.67,59.0,6.6,0.936,0.332,3,0.516,0.443,0.459,0.99,0.05
USR_04155,32.09,71.1,5.9,0.627,0.507,3,0.862,0.063,0.602,0.246,0.969
USR_04156,6.65,14.7,4.6,0.622,0.485,2,0.247,0.708,0.264,0.549,0.155
USR_04157,28.89,57.2,10.2,0.68,0.444,4,0.651,0.6,0.381,0.726,0.412
USR_04158,25.38,72.4,6.1,0.778,0.5,3,0.962,0.273,0.545,0.256,0.934
USR_04159,27.23,92.8,5.6,0.918,0.71,3,0.605,0.239,0.845,0.53,0.647
USR_04160,17.73,37.6,4.7,0.902,0.216,3,0.654,0.607,0.738,0.895,0.352
USR_04161,21.32,62.7,5.3,0.912,0.401,4,0.325,0.389,0.459,0.923,0.205
USR_04162,20.02,104.3,6.9,0.791,0.584,2,0.629,0.301,0.835,0.183,0.767
USR_04163,22.56,70.0,6.5,0.911,0.43,3,0.93,0.161,0.675,0.306,0.907
USR_04164,26.53,129.4,4.2,0.866,0.764,2,0.725,0.118,0.713,0.588,0.635
USR_04165,5.46,14.1,7.9,0.661,0.277,2,0.393,0.879,0.251,0.579,0.073
USR_04166,16.98,61.3,8.5,0.64,0.45,4,0.795,0.53,0.491,0.69,0.462
USR_04167,10.94,14.4,5.3,0.523,0.262,1,0.117,0.874,0.29,0.6,0.098
USR_04168,6.99,20.3,6.3,0.742,0.182,1,0.168,0.67,0.125,0.583,0.282
USR_04169,17.22,40.1,4.9,0.881,0.341,3,0.228,0.427,0.31,0.99,0.134
USR_04170,12.45,48.2,6.6,0.566,0.181,5,0.765,0.696,0.564,0.48,0.74
USR_04171,16.99,38.6,7.3,0.619,0.418,4,0.83,0.818,0.687,0.791,0.494
USR_04172,28.92,79.0,5.9,0.869,0.837,2,0.624,0.462,0.904,0.246,0.646
USR_04173,11.42,51.5,4.7,0.697,0.559,3,0.257,0.17,0.403,0.85,0.277
USR_04174,7.11,39.7,2.6,0.414,0.388,1,0.223,0.74,0.05,0.679,0.05
USR_04175,15.92,40.6,4.8,0.838,0.47,2,0.301,0.604,0.841,0.868,0.444
USR_04176,16.85,111.0,3.1,0.879,0.95,2,0.587,0.177,0.778,0.561,0.645
USR_04177,25.53,46.5,7.4,0.751,0.618,5,0.544,0.576,0.693,0.654,0.899
USR_04178,34.72,81.8,6.5,0.928,0.713,4,0.488,0.232,0.668,0.558,0.619
USR_04179,28.59,25.4,6.8,0.773,0.375,4,0.512,0.785,0.464,0.692,0.641
USR_04180,24.08,59.4,3.4,0.893,0.912,4,0.768,0.459,0.942,0.469,0.659
USR_04181,7.44,35.9,4.6,0.752,0.266,1,0.207,0.887,0.271,0.588,0.225
USR_04182,4.44,43.9,6.6,0.483,0.332,3,0.178,0.811,0.392,0.667,0.262
USR_04183,26.83,125.7,5.5,0.818,0.681,2,0.674,0.424,0.943,0.281,0.954
USR_04184,18.48,102.0,2.8,0.778,0.687,3,0.873,0.319,0.804,0.355,0.513
USR_04185,28.38,110.7,3.4,0.839,0.888,3,0.693,0.431,0.821,0.429,0.61
USR_04186,5.33,16.7,6.8,0.691,0.421,1,0.294,0.772,0.249,0.95,0.327
USR_04187,7.8,27.3,1.0,0.4,0.239,3,0.256,0.958,0.39,0.745,0.132
USR_04188,22.66,67.6,4.4,0.99,0.66,3,0.977,0.397,0.941,0.462,0.651
USR_04189,7.47,38.2,2.3,0.577,0.142,1,0.15,0.892,0.311,0.942,0.173
USR_04190,28.75,58.1,6.2,0.827,0.625,3,0.99,0.118,0.89,0.118,0.912
USR_04191,21.87,60.5,6.6,0.914,0.295,3,0.342,0.461,0.5,0.975,0.393
USR_04192,15.28,63.3,5.4,0.853,0.44,3,0.392,0.472,0.389,0.925,0.139
USR_04193,3.64,25.7,2.1,0.643,0.392,2,0.398,0.85,0.364,0.778,0.057
USR_04194,22.44,44.1,6.6,0.913,0.383,3,0.468,0.402,0.382,0.984,0.281
USR_04195,27.96,60.6,4.7,0.868,0.586,3,0.873,0.28,0.481,0.265,0.926
USR_04196,20.72,70.3,3.3,0.813,0.31,3,0.732,0.052,0.598,0.267,0.99
USR_04197,27.59,82.9,3.8,0.977,0.582,2,0.88,0.332,0.388,0.247,0.99
USR_04198,15.23,60.3,4.8,0.874,0.465,2,0.27,0.548,0.345,0.862,0.237
USR_04199,26.27,53.9,8.9,0.743,0.482,4,0.857,0.649,0.826,0.768,0.527
USR_04200,18.71,70.0,6.1,0.729,0.496,2,0.812,0.179,0.625,0.277,0.985
USR_04201,23.47,72.4,5.0,0.93,0.829,4,0.824,0.48,0.854,0.502,0.904
USR_04202,8.92,17.0,2.7,0.567,0.233,1,0.165,0.911,0.215,0.808,0.246
USR_04203,31.57,93.4,5.8,0.846,0.608,2,0.967,0.229,0.407,0.423,0.788
USR_04204,10.91,83.1,8.1,0.875,0.425,3,0.878,0.155,0.554,0.334,0.935
USR_04205,6.08,24.7,3.7,0.494,0.246,1,0.337,0.864,0.277,0.785,0.426
USR_04206,24.99,107.1,6.1,0.885,0.859,2,0.664,0.189,0.771,0.341,0.803
USR_04207,19.51,54.2,5.3,0.964,0.419,2,0.311,0.326,0.487,0.969,0.063
USR_04208,20.17,77.1,5.4,0.793,0.76,3,0.739,0.179,0.727,0.604,0.804
USR_04209,26.43,104.4,5.8,0.874,0.903,3,0.855,0.269,0.722,0.56,0.683
USR_04210,1.0,40.6,4.5,0.407,0.434,3,0.429,0.978,0.383,0.581,0.288
USR_04211,22.62,117.4,5.1,0.864,0.67,4,0.769,0.05,0.949,0.168,0.753
USR_04212,8.15,27.1,4.0,0.54,0.591,2,0.108,0.863,0.242,0.678,0.236
USR_04213,23.39,52.0,4.1,0.85,0.427,4,0.574,0.819,0.703,0.661,0.653
USR_04214,22.63,39.9,8.0,0.776,0.33,5,0.563,0.645,0.473,0.599,0.248
USR_04215,16.18,52.2,6.8,0.855,0.321,3,0.364,0.564,0.514,0.878,0.362
USR_04216,6.48,33.1,5.1,0.492,0.194,1,0.151,0.759,0.217,0.66,0.348
USR_04217,2.98,18.6,5.2,0.571,0.429,2,0.293,0.905,0.115,0.57,0.11
USR_04218,24.3,98.3,2.3,0.983,0.68,3,0.74,0.183,0.717,0.409,0.843
USR_04219,14.55,30.9,9.8,0.796,0.609,5,0.58,0.718,0.703,0.637,0.443
USR_04220,5.95,19.6,3.8,0.588,0.352,1,0.367,0.815,0.05,0.672,0.18
USR_04221,19.91,60.0,4.4,0.844,0.307,3,0.428,0.3,0.409,0.947,0.334
USR_04222,5.69,16.4,2.8,0.543,0.22,3,0.336,0.932,0.195,0.95,0.39
USR_04223,22.46,35.2,7.2,0.732,0.607,4,0.602,0.613,0.751,0.451,0.596
USR_04224,23.75,112.3,5.2,0.99,0.643,3,0.667,0.323,0.776,0.307,0.677
USR_04225,19.62,102.6,6.1,0.732,0.417,3,0.951,0.093,0.327,0.267,0.944
USR_04226,26.14,66.9,3.3,0.874,0.732,4,0.711,0.217,0.646,0.411,0.648
USR_04227,29.84,74.8,4.7,0.707,0.857,3,0.78,0.196,0.651,0.518,0.762
USR_04228,18.6,45.2,9.9,0.811,0.5,5,0.354,0.862,0.63,0.458,0.451
USR_04229,20.47,63.4,8.0,0.884,0.426,3,0.414,0.568,0.478,0.911,0.488
USR_04230,17.56,31.9,4.5,0.831,0.476,3,0.281,0.332,0.658,0.93,0.31
USR_04231,18.05,58.7,3.8,0.848,0.247,2,0.241,0.501,0.478,0.961,0.472
USR_04232,15.79,46.8,5.1,0.827,0.325,2,0.354,0.41,0.713,0.969,0.294
USR_04233,14.25,49.0,6.9,0.831,0.219,4,0.313,0.738,0.365,0.844,0.169
USR_04234,11.05,48.1,6.7,0.95,0.317,2,0.45,0.404,0.382,0.942,0.397
USR_04235,15.37,62.3,4.8,0.575,0.375,4,0.668,0.599,0.537,0.637,0.845
USR_04236,18.84,97.9,6.6,0.99,0.804,3,0.84,0.152,0.724,0.243,0.608
USR_04237,35.94,96.7,7.0,0.803,0.95,4,0.667,0.347,0.719,0.383,0.907
USR_04238,17.1,107.3,3.7,0.725,0.486,3,0.956,0.18,0.766,0.614,0.772
USR_04239,28.82,72.9,5.3,0.912,0.657,2,0.879,0.241,0.471,0.261,0.863
USR_04240,8.07,43.5,3.0,0.566,0.206,2,0.133,0.846,0.226,0.77,0.234
USR_04241,19.57,92.2,4.9,0.804,0.652,3,0.764,0.358,0.914,0.509,0.591
USR_04242,1.8,24.7,6.7,0.695,0.466,1,0.249,0.975,0.098,0.631,0.05
USR_04243,14.81,39.1,9.0,0.664,0.495,5,0.95,0.431,0.818,0.66,0.344
USR_04244,29.69,63.1,4.0,0.753,0.817,3,0.74,0.101,0.947,0.536,0.783
USR_04245,9.83,59.5,7.3,0.956,0.324,3,0.5,0.282,0.626,0.904,0.307
USR_04246,19.33,55.9,6.7,0.954,0.422,3,0.354,0.407,0.471,0.924,0.418
USR_04247,30.69,76.8,4.5,0.843,0.697,3,0.779,0.342,0.626,0.299,0.653
USR_04248,17.07,48.1,7.8,0.959,0.425,3,0.354,0.294,0.428,0.793,0.311
USR_04249,6.59,22.2,5.0,0.592,0.444,1,0.161,0.704,0.181,0.333,0.176
USR_04250,24.34,92.3,3.2,0.778,0.749,3,0.838,0.335,0.948,0.366,0.556
USR_04251,25.04,145.0,3.2,0.835,0.617,3,0.894,0.12,0.99,0.349,0.815
USR_04252,24.39,77.2,1.9,0.81,0.719,3,0.662,0.341,0.801,0.592,0.87
USR_04253,22.53,81.7,6.9,0.9,0.501,3,0.865,0.289,0.665,0.407,0.847
USR_04254,31.06,101.3,3.7,0.849,0.525,3,0.807,0.278,0.89,0.713,0.66
USR_04255,28.72,83.7,3.5,0.837,0.56,2,0.922,0.204,0.633,0.179,0.872
USR_04256,11.81,33.1,5.7,0.978,0.388,3,0.769,0.38,0.681,0.159,0.874
USR_04257,5.5,25.1,4.7,0.793,0.416,3,0.408,0.829,0.195,0.665,0.05
USR_04258,23.16,83.6,4.4,0.762,0.288,3,0.935,0.223,0.34,0.347,0.892
USR_04259,13.41,22.2,6.8,0.73,0.392,4,0.482,0.674,0.519,0.592,0.608
USR_04260,6.01,22.8,8.9,0.451,0.314,2,0.253,0.938,0.22,0.672,0.193
USR_04261,28.71,71.4,4.4,0.919,0.73,3,0.666,0.091,0.99,0.201,0.99
USR_04262,4.51,16.9,4.3,0.691,0.445,1,0.168,0.76,0.236,0.48,0.209
USR_04263,20.87,52.1,6.2,0.974,0.253,2,0.261,0.524,0.653,0.892,0.383
USR_04264,24.86,105.1,3.5,0.866,0.757,4,0.808,0.339,0.99,0.085,0.772
USR_04265,25.46,56.4,5.1,0.892,0.463,3,0.504,0.435,0.71,0.842,0.455
USR_04266,6.16,17.6,1.3,0.473,0.366,1,0.423,0.679,0.232,0.771,0.147
USR_04267,26.09,76.5,6.2,0.709,0.256,3,0.98,0.256,0.596,0.249,0.906
USR_04268,33.9,92.6,2.0,0.817,0.87,3,0.777,0.345,0.728,0.341,0.667
USR_04269,8.82,25.8,5.8,0.663,0.419,1,0.272,0.99,0.095,0.63,0.274
USR_04270,16.84,40.5,9.0,0.66,0.491,4,0.725,0.69,0.669,0.708,0.551
USR_04271,4.05,16.9,3.6,0.39,0.534,3,0.05,0.872,0.309,0.694,0.156
USR_04272,12.31,21.0,3.0,0.497,0.384,2,0.359,0.819,0.174,0.823,0.223
USR_04273,19.17,63.5,6.8,0.945,0.247,4,0.447,0.19,0.582,0.946,0.236
USR_04274,10.71,23.8,3.5,0.405,0.197,1,0.153,0.878,0.208,0.384,0.4
USR_04275,4.74,26.5,5.0,0.622,0.34,2,0.325,0.98,0.326,0.742,0.369
USR_04276,25.94,47.4,7.7,0.99,0.392,4,0.505,0.841,0.765,0.548,0.378
USR_04277,25.52,52.5,9.6,0.727,0.447,4,0.608,0.692,0.542,0.766,0.459
USR_04278,14.16,50.1,7.9,0.55,0.316,5,0.752,0.78,0.478,0.697,0.621
USR_04279,23.4,140.2,6.0,0.757,0.503,3,0.789,0.288,0.938,0.195,0.633
USR_04280,18.01,59.5,7.4,0.856,0.391,3,0.304,0.364,0.513,0.902,0.31
USR_04281,20.83,99.9,5.2,0.773,0.292,2,0.879,0.117,0.648,0.294,0.843
USR_04282,19.66,76.1,6.7,0.853,0.545,2,0.973,0.281,0.754,0.466,0.936
USR_04283,17.1,57.6,6.3,0.887,0.06,3,0.343,0.216,0.591,0.87,0.05
USR_04284,14.57,64.1,5.5,0.865,0.277,4,0.584,0.549,0.49,0.99,0.349
USR_04285,21.0,87.8,3.2,0.835,0.656,2,0.861,0.54,0.951,0.45,0.854
USR_04286,18.6,35.0,8.1,0.551,0.659,4,0.428,0.801,0.679,0.721,0.478
USR_04287,3.76,23.2,5.8,0.424,0.507,1,0.245,0.825,0.247,0.8,0.05
USR_04288,6.1,47.0,4.9,0.682,0.507,3,0.155,0.831,0.14,0.73,0.26
USR_04289,20.65,68.0,4.7,0.957,0.558,2,0.844,0.35,0.452,0.266,0.853
USR_04290,3.32,18.4,4.9,0.647,0.504,1,0.128,0.867,0.223,0.717,0.202
USR_04291,30.68,89.2,6.2,0.832,0.704,2,0.363,0.13,0.86,0.544,0.665
USR_04292,34.99,76.4,4.7,0.952,0.749,2,0.736,0.465,0.927,0.493,0.656
USR_04293,8.1,22.9,4.8,0.702,0.392,3,0.176,0.852,0.171,0.77,0.265
USR_04294,2.89,21.9,5.8,0.555,0.372,1,0.178,0.843,0.134,0.697,0.215
USR_04295,31.02,99.8,4.9,0.95,0.66,3,0.944,0.116,0.804,0.49,0.954
USR_04296,23.1,102.9,5.9,0.866,0.666,4,0.565,0.25,0.802,0.458,0.644
USR_04297,30.38,69.8,4.7,0.963,0.485,3,0.69,0.33,0.255,0.277,0.836
USR_04298,32.21,91.2,3.4,0.752,0.645,4,0.577,0.591,0.934,0.419,0.549
USR_04299,3.49,21.3,5.6,0.775,0.358,2,0.219,0.82,0.177,0.415,0.25
USR_04300,9.7,23.8,4.6,0.621,0.347,1,0.404,0.766,0.439,0.679,0.18
USR_04301,17.16,50.9,4.8,0.837,0.408,3,0.266,0.409,0.465,0.9,0.165
USR_04302,6.47,25.3,3.2,0.551,0.232,1,0.242,0.99,0.05,0.917,0.293
USR_04303,22.05,56.0,3.6,0.99,0.204,3,0.228,0.299,0.511,0.808,0.229
USR_04304,32.51,87.9,5.8,0.832,0.753,2,0.99,0.396,0.986,0.203,0.674
USR_04305,11.79,60.6,8.4,0.777,0.44,4,0.626,0.594,0.789,0.677,0.629
USR_04306,20.17,114.6,4.4,0.782,0.609,2,0.99,0.327,0.849,0.6,0.405
USR_04307,5.78,40.7,4.1,0.658,0.339,2,0.081,0.813,0.343,0.855,0.143
USR_04308,22.27,56.4,4.4,0.814,0.423,3,0.795,0.165,0.346,0.231,0.946
USR_04309,8.1,26.7,3.3,0.716,0.308,1,0.115,0.74,0.189,0.384,0.219
USR_04310,16.23,44.5,5.3,0.793,0.413,2,0.39,0.352,0.583,0.93,0.284
USR_04311,24.59,61.6,5.1,0.922,0.405,3,0.389,0.459,0.379,0.99,0.31
USR_04312,27.98,97.8,6.4,0.824,0.436,2,0.873,0.268,0.662,0.214,0.972
USR_04313,15.55,53.1,4.8,0.837,0.422,3,0.29,0.264,0.704,0.927,0.41
USR_04314,3.22,17.6,6.0,0.563,0.326,1,0.134,0.781,0.131,0.624,0.05
USR_04315,24.59,54.3,13.9,0.779,0.344,5,0.39,0.484,0.566,0.553,0.618
USR_04316,17.47,64.6,5.9,0.881,0.495,3,0.364,0.387,0.641,0.681,0.316
USR_04317,22.04,80.9,2.4,0.844,0.57,3,0.724,0.136,0.705,0.352,0.674
USR_04318,13.52,56.7,10.7,0.717,0.314,4,0.473,0.504,0.788,0.8,0.286
USR_04319,20.16,62.2,5.1,0.957,0.503,2,0.27,0.419,0.713,0.931,0.356
USR_04320,22.48,99.5,5.4,0.717,0.856,4,0.74,0.093,0.972,0.355,0.682
USR_04321,9.37,21.1,5.4,0.726,0.388,2,0.286,0.775,0.296,0.666,0.285
USR_04322,6.66,34.9,1.2,0.805,0.396,2,0.262,0.838,0.256,0.729,0.156
USR_04323,21.16,68.1,6.5,0.799,0.897,2,0.677,0.122,0.905,0.28,0.622
USR_04324,17.63,46.7,3.5,0.951,0.446,3,0.445,0.23,0.865,0.985,0.281
USR_04325,8.67,34.3,4.9,0.652,0.206,3,0.301,0.886,0.209,0.541,0.17
USR_04326,30.5,96.4,4.7,0.863,0.486,3,0.921,0.366,0.9,0.318,0.964
USR_04327,26.83,53.4,9.1,0.837,0.392,4,0.843,0.15,0.591,0.579,0.584
USR_04328,24.38,60.4,4.9,0.933,0.355,3,0.341,0.358,0.55,0.763,0.408
USR_04329,19.04,73.6,5.2,0.932,0.376,3,0.279,0.503,0.689,0.921,0.638
USR_04330,27.36,37.7,9.3,0.797,0.371,4,0.557,0.691,0.638,0.682,0.312
USR_04331,11.78,49.2,11.6,0.771,0.394,4,0.731,0.692,0.539,0.746,0.703
USR_04332,18.0,67.8,6.6,0.864,0.322,5,0.914,0.637,0.735,0.769,0.697
USR_04333,12.27,51.4,7.0,0.99,0.319,3,0.137,0.354,0.873,0.972,0.154
USR_04334,32.81,72.9,3.5,0.817,0.687,3,0.653,0.308,0.99,0.411,0.479
USR_04335,15.63,94.4,5.4,0.917,0.624,2,0.99,0.235,0.578,0.348,0.966
USR_04336,16.63,70.2,7.2,0.884,0.661,3,0.824,0.247,0.578,0.385,0.946
USR_04337,20.73,86.7,5.9,0.745,0.537,3,0.97,0.238,0.744,0.27,0.943
USR_04338,24.05,66.5,5.4,0.68,0.312,3,0.853,0.186,0.474,0.27,0.862
USR_04339,17.14,70.5,4.6,0.854,0.253,2,0.26,0.397,0.368,0.953,0.05
USR_04340,5.5,26.9,3.9,0.447,0.382,3,0.343,0.838,0.167,0.565,0.118
USR_04341,20.55,74.1,4.1,0.841,0.807,3,0.63,0.156,0.836,0.503,0.802
USR_04342,21.6,68.5,6.8,0.867,0.238,4,0.315,0.202,0.51,0.99,0.112
USR_04343,19.73,37.2,6.4,0.833,0.466,4,0.37,0.43,0.669,0.813,0.134
USR_04344,15.49,22.2,5.5,0.828,0.312,3,0.386,0.233,0.591,0.842,0.427
USR_04345,14.75,54.7,6.6,0.927,0.447,4,0.458,0.549,0.516,0.884,0.141
USR_04346,20.91,80.2,6.7,0.805,0.21,3,0.983,0.138,0.497,0.123,0.971
USR_04347,27.6,87.0,5.1,0.863,0.861,4,0.607,0.226,0.841,0.57,0.587
USR_04348,15.73,102.4,3.8,0.832,0.775,2,0.906,0.301,0.803,0.533,0.88
USR_04349,21.2,56.0,8.2,0.905,0.568,4,0.723,0.9,0.575,0.784,0.403
USR_04350,20.53,60.4,7.6,0.99,0.562,2,0.99,0.24,0.636,0.405,0.88
USR_04351,17.24,51.2,6.3,0.722,0.404,4,0.472,0.64,0.488,0.561,0.774
USR_04352,25.49,34.4,7.5,0.757,0.415,5,0.595,0.755,0.689,0.665,0.515
USR_04353,23.35,47.6,6.8,0.914,0.471,4,0.365,0.447,0.706,0.903,0.138
USR_04354,5.85,18.0,5.1,0.469,0.377,2,0.481,0.974,0.289,0.626,0.05
USR_04355,13.83,35.4,4.7,0.875,0.338,2,0.3,0.236,0.465,0.881,0.073
USR_04356,6.56,17.6,4.5,0.482,0.369,1,0.329,0.905,0.332,0.385,0.233
USR_04357,25.75,50.8,9.0,0.741,0.61,5,0.853,0.514,0.467,0.574,0.637
USR_04358,14.67,52.1,6.9,0.929,0.382,2,0.237,0.189,0.46,0.821,0.284
USR_04359,25.45,63.9,4.8,0.618,0.468,4,0.619,0.378,0.928,0.464,0.797
USR_04360,28.76,75.1,4.6,0.869,0.253,4,0.277,0.219,0.683,0.99,0.325
USR_04361,15.19,39.3,8.7,0.941,0.49,4,0.764,0.475,0.471,0.812,0.608
USR_04362,15.84,45.3,5.7,0.899,0.303,2,0.366,0.664,0.358,0.81,0.246
USR_04363,13.83,42.6,6.4,0.844,0.509,5,0.643,0.374,0.676,0.804,0.557
USR_04364,31.39,91.7,5.8,0.99,0.752,4,0.623,0.297,0.656,0.53,0.618
USR_04365,28.97,81.6,5.4,0.839,0.373,2,0.773,0.392,0.62,0.389,0.847
USR_04366,17.01,45.5,7.2,0.881,0.361,3,0.421,0.283,0.636,0.815,0.101
USR_04367,23.48,95.4,3.8,0.883,0.686,3,0.836,0.412,0.773,0.493,0.652
USR_04368,6.2,24.9,3.5,0.502,0.333,2,0.332,0.839,0.222,0.69,0.296
USR_04369,14.66,75.9,7.3,0.883,0.353,3,0.434,0.378,0.593,0.915,0.3
USR_04370,31.25,54.9,8.2,0.748,0.347,4,0.529,0.383,0.737,0.682,0.441
USR_04371,25.47,70.8,6.0,0.812,0.429,3,0.745,0.188,0.415,0.355,0.99
USR_04372,8.82,25.5,3.5,0.671,0.323,1,0.257,0.756,0.134,0.768,0.231
USR_04373,29.09,84.6,5.5,0.815,0.599,3,0.789,0.357,0.843,0.337,0.789
USR_04374,15.36,44.0,4.9,0.632,0.622,5,0.778,0.68,0.577,0.706,0.743
USR_04375,26.1,36.5,3.7,0.859,0.362,4,0.617,0.852,0.702,0.667,0.524
USR_04376,16.56,31.5,9.0,0.727,0.431,5,0.68,0.599,0.936,0.837,0.483
USR_04377,11.41,43.6,6.1,0.948,0.388,4,0.277,0.492,0.64,0.879,0.244
USR_04378,19.41,59.4,5.8,0.875,0.32,3,0.504,0.275,0.395,0.804,0.301
USR_04379,12.0,24.6,1.0,0.694,0.21,2,0.263,0.806,0.26,0.723,0.225
USR_04380,13.8,45.4,6.8,0.899,0.383,2,0.358,0.471,0.539,0.99,0.532
USR_04381,12.16,36.7,5.0,0.856,0.353,2,0.346,0.278,0.49,0.801,0.412
USR_04382,15.88,44.4,10.7,0.636,0.332,4,0.57,0.767,0.659,0.557,0.553
USR_04383,15.92,63.7,3.4,0.899,0.311,2,0.544,0.477,0.512,0.901,0.19
USR_04384,34.78,48.1,4.4,0.821,0.491,3,0.869,0.255,0.711,0.357,0.97
USR_04385,16.27,63.1,3.4,0.823,0.492,2,0.833,0.16,0.63,0.277,0.986
USR_04386,6.22,18.0,5.8,0.713,0.208,2,0.383,0.903,0.203,0.822,0.05
USR_04387,19.45,58.9,4.8,0.856,0.322,4,0.362,0.453,0.49,0.805,0.345
USR_04388,22.04,54.6,6.2,0.841,0.255,4,0.441,0.559,0.815,0.765,0.233
USR_04389,8.01,26.5,2.9,0.732,0.314,2,0.116,0.899,0.103,0.635,0.233
USR_04390,10.43,24.4,3.6,0.537,0.215,2,0.458,0.766,0.092,0.657,0.29
USR_04391,18.47,58.3,11.8,0.803,0.72,4,0.257,0.763,0.429,0.751,0.626
USR_04392,11.59,17.3,2.4,0.728,0.407,2,0.45,0.954,0.401,0.784,0.115
USR_04393,7.78,26.3,5.2,0.664,0.343,1,0.245,0.764,0.161,0.866,0.188
USR_04394,22.93,48.3,7.5,0.672,0.548,5,0.806,0.706,0.48,0.779,0.511
USR_04395,5.02,26.4,3.6,0.611,0.417,1,0.165,0.908,0.244,0.873,0.282
USR_04396,17.66,93.1,5.7,0.933,0.68,3,0.778,0.088,0.6,0.248,0.865
USR_04397,11.12,33.8,5.5,0.647,0.436,1,0.219,0.857,0.172,0.705,0.471
USR_04398,21.66,47.9,8.6,0.816,0.425,4,0.166,0.435,0.509,0.955,0.249
USR_04399,19.69,91.1,6.8,0.904,0.428,3,0.947,0.227,0.754,0.188,0.957
USR_04400,11.08,117.4,5.4,0.892,0.406,3,0.934,0.401,0.752,0.548,0.808
USR_04401,17.42,72.5,7.1,0.903,0.329,4,0.335,0.444,0.586,0.99,0.33
USR_04402,16.22,40.5,9.0,0.76,0.308,5,0.26,0.637,0.879,0.65,0.521
USR_04403,17.56,84.7,4.9,0.731,0.634,2,0.717,0.274,0.448,0.293,0.983
USR_04404,18.27,57.7,6.3,0.932,0.291,4,0.354,0.718,0.596,0.99,0.444
USR_04405,16.79,40.0,4.9,0.866,0.37,4,0.686,0.477,0.387,0.7,0.421
USR_04406,3.79,38.5,6.7,0.584,0.245,2,0.174,0.692,0.234,0.302,0.085
USR_04407,23.99,81.2,6.0,0.973,0.302,2,0.793,0.317,0.546,0.139,0.875
USR_04408,11.04,42.8,4.5,0.639,0.309,1,0.233,0.704,0.231,0.736,0.386
USR_04409,8.28,28.3,3.8,0.555,0.448,2,0.3,0.817,0.237,0.707,0.172
USR_04410,8.49,21.2,6.2,0.655,0.217,1,0.454,0.99,0.35,0.605,0.287
USR_04411,4.67,41.2,2.2,0.686,0.291,2,0.306,0.837,0.285,0.711,0.25
USR_04412,19.13,47.6,7.2,0.99,0.16,3,0.412,0.384,0.661,0.807,0.263
USR_04413,9.07,27.6,3.3,0.538,0.318,2,0.118,0.791,0.443,0.784,0.337
USR_04414,22.22,43.9,7.8,0.775,0.453,4,0.561,0.646,0.624,0.558,0.603
USR_04415,19.69,26.6,7.3,0.853,0.05,5,0.428,0.804,0.805,0.778,0.331
USR_04416,12.96,41.7,10.4,0.74,0.327,5,0.574,0.556,0.667,0.617,0.533
USR_04417,14.57,59.7,5.3,0.824,0.273,3,0.541,0.549,0.382,0.821,0.275
USR_04418,25.31,104.9,4.8,0.842,0.547,2,0.764,0.251,0.655,0.383,0.895
USR_04419,15.79,86.9,3.0,0.848,0.805,2,0.898,0.309,0.758,0.241,0.833
USR_04420,7.48,16.2,6.1,0.418,0.462,2,0.211,0.669,0.3,0.809,0.33
USR_04421,7.55,29.0,4.3,0.505,0.119,3,0.12,0.99,0.182,0.661,0.165
USR_04422,1.34,24.1,5.3,0.485,0.314,1,0.256,0.97,0.265,0.66,0.188
USR_04423,19.26,44.8,11.1,0.686,0.398,5,0.694,0.672,0.736,0.622,0.535
USR_04424,22.65,67.0,3.1,0.778,0.687,2,0.678,0.467,0.803,0.454,0.756
USR_04425,21.73,57.6,5.9,0.805,0.439,5,0.932,0.487,0.632,0.711,0.662
USR_04426,5.34,27.1,4.4,0.716,0.391,1,0.175,0.906,0.13,0.635,0.167
USR_04427,15.97,59.2,8.5,0.875,0.282,5,0.855,0.59,0.606,0.469,0.211
USR_04428,9.26,60.6,9.5,0.794,0.461,4,0.84,0.578,0.786,0.857,0.407
USR_04429,16.59,29.9,9.9,0.684,0.453,5,0.641,0.466,0.751,0.673,0.335
USR_04430,8.64,87.4,10.2,0.786,0.504,3,0.777,0.32,0.622,0.326,0.903
USR_04431,24.04,35.5,5.0,0.911,0.356,3,0.29,0.356,0.298,0.925,0.309
USR_04432,7.05,16.5,2.6,0.689,0.261,3,0.156,0.83,0.251,0.64,0.114
USR_04433,25.96,40.2,10.5,0.747,0.5,4,0.805,0.75,0.663,0.812,0.638
USR_04434,37.27,48.7,6.5,0.661,0.34,5,0.743,0.546,0.471,0.836,0.439
USR_04435,12.22,23.9,3.2,0.587,0.301,2,0.247,0.742,0.223,0.802,0.21
USR_04436,13.63,52.1,4.8,0.866,0.35,2,0.469,0.519,0.418,0.816,0.231
USR_04437,20.58,49.2,6.6,0.909,0.462,3,0.42,0.45,0.653,0.929,0.359
USR_04438,17.88,72.0,5.6,0.846,0.494,4,0.517,0.184,0.657,0.921,0.405
USR_04439,27.73,85.7,4.8,0.861,0.385,3,0.712,0.39,0.645,0.324,0.967
USR_04440,19.12,63.5,4.9,0.914,0.479,3,0.134,0.504,0.439,0.796,0.248
USR_04441,26.79,61.0,3.0,0.99,0.747,2,0.907,0.248,0.656,0.28,0.812
USR_04442,30.02,69.5,8.0,0.704,0.547,2,0.865,0.184,0.626,0.341,0.906
USR_04443,27.13,118.0,5.1,0.773,0.84,3,0.73,0.222,0.85,0.449,0.714
USR_04444,14.94,77.2,4.4,0.898,0.52,4,0.761,0.462,0.864,0.344,0.859
USR_04445,31.44,76.0,6.2,0.829,0.375,3,0.968,0.29,0.701,0.36,0.99
USR_04446,32.1,93.4,5.2,0.843,0.34,3,0.735,0.385,0.343,0.42,0.854
USR_04447,31.49,108.4,5.9,0.859,0.515,2,0.921,0.458,0.746,0.399,0.753
USR_04448,20.7,96.2,6.1,0.85,0.637,3,0.589,0.232,0.756,0.284,0.922
USR_04449,22.16,63.2,7.3,0.892,0.34,2,0.834,0.283,0.632,0.415,0.958
USR_04450,20.03,30.2,8.5,0.742,0.307,5,0.36,0.499,0.95,0.713,0.336
USR_04451,4.46,27.3,6.9,0.72,0.387,2,0.369,0.832,0.299,0.823,0.153
USR_04452,33.86,74.8,5.6,0.865,0.404,3,0.947,0.398,0.7,0.442,0.953
USR_04453,8.79,31.7,3.9,0.529,0.448,2,0.207,0.917,0.344,0.595,0.184
USR_04454,13.68,61.0,8.7,0.799,0.624,4,0.541,0.622,0.354,0.766,0.651
USR_04455,15.35,83.6,6.9,0.878,0.494,3,0.811,0.063,0.859,0.322,0.896
USR_04456,15.11,63.7,7.4,0.895,0.384,3,0.779,0.274,0.563,0.287,0.99
USR_04457,4.0,10.0,2.2,0.649,0.259,3,0.27,0.767,0.271,0.669,0.23
USR_04458,28.55,94.9,5.8,0.887,0.537,2,0.87,0.311,0.487,0.148,0.912
USR_04459,6.55,19.0,5.7,0.351,0.305,1,0.317,0.789,0.292,0.76,0.175
USR_04460,13.34,57.9,5.4,0.861,0.53,2,0.911,0.276,0.554,0.335,0.876
USR_04461,25.74,96.5,3.4,0.929,0.624,3,0.647,0.4,0.836,0.574,0.576
USR_04462,26.8,43.8,7.1,0.794,0.484,4,0.711,0.389,0.661,0.83,0.766
USR_04463,25.13,39.9,6.8,0.973,0.574,3,0.92,0.3,0.648,0.498,0.786
USR_04464,14.48,51.7,6.6,0.824,0.216,4,0.496,0.603,0.539,0.941,0.35
USR_04465,14.88,81.9,5.8,0.726,0.352,2,0.847,0.426,0.649,0.275,0.966
USR_04466,22.67,58.9,9.2,0.921,0.652,3,0.914,0.072,0.618,0.271,0.895
USR_04467,5.84,15.7,1.9,0.449,0.394,1,0.16,0.861,0.217,0.723,0.075
USR_04468,5.63,31.6,3.5,0.712,0.381,1,0.13,0.768,0.203,0.632,0.208
USR_04469,12.03,59.1,6.5,0.886,0.364,2,0.421,0.337,0.544,0.966,0.279
USR_04470,15.9,35.0,8.2,0.686,0.385,4,0.51,0.561,0.741,0.473,0.356
USR_04471,5.6,29.7,2.8,0.566,0.341,3,0.203,0.878,0.068,0.597,0.106
USR_04472,18.71,68.6,4.3,0.82,0.367,2,0.259,0.676,0.699,0.805,0.276
USR_04473,19.95,44.4,3.6,0.913,0.357,2,0.722,0.202,0.368,0.369,0.99
USR_04474,18.8,62.6,7.1,0.915,0.418,2,0.724,0.232,0.515,0.156,0.881
USR_04475,34.27,87.7,4.6,0.867,0.744,2,0.702,0.284,0.817,0.647,0.717
USR_04476,11.13,51.1,6.8,0.899,0.467,4,0.432,0.331,0.356,0.99,0.066
USR_04477,5.56,20.5,4.5,0.406,0.1,2,0.195,0.878,0.176,0.803,0.166
USR_04478,24.03,101.9,4.3,0.922,0.823,3,0.851,0.372,0.799,0.314,0.611
USR_04479,18.11,57.3,7.2,0.979,0.257,3,0.332,0.722,0.492,0.803,0.239
USR_04480,5.45,16.6,5.6,0.649,0.291,2,0.211,0.825,0.05,0.659,0.215
USR_04481,15.5,57.6,7.3,0.748,0.484,5,0.765,0.564,0.662,0.548,0.387
USR_04482,20.9,45.7,6.7,0.784,0.188,3,0.519,0.445,0.515,0.99,0.347
USR_04483,24.52,63.8,5.8,0.92,0.683,3,0.934,0.279,0.796,0.495,0.878
USR_04484,29.8,85.1,3.4,0.914,0.62,3,0.76,0.25,0.688,0.643,0.634
USR_04485,18.8,77.9,7.7,0.893,0.468,3,0.941,0.143,0.535,0.339,0.898
USR_04486,18.56,79.5,5.3,0.77,0.709,2,0.823,0.264,0.558,0.432,0.895
USR_04487,31.71,77.9,7.5,0.792,0.686,2,0.583,0.254,0.591,0.335,0.956
USR_04488,22.92,79.0,4.1,0.914,0.635,3,0.831,0.4,0.721,0.457,0.717
USR_04489,14.37,30.0,7.9,0.785,0.475,5,0.516,0.622,0.738,0.95,0.715
USR_04490,7.02,15.2,4.7,0.733,0.267,2,0.367,0.914,0.3,0.519,0.083
USR_04491,10.69,17.7,4.7,0.545,0.376,1,0.439,0.788,0.325,0.735,0.134
USR_04492,21.76,63.8,6.6,0.833,0.438,3,0.627,0.486,0.309,0.99,0.224
USR_04493,17.14,44.0,7.5,0.847,0.512,3,0.877,0.198,0.642,0.322,0.875
USR_04494,18.23,92.9,2.1,0.769,0.894,2,0.939,0.453,0.662,0.583,0.721
USR_04495,19.96,43.3,7.6,0.833,0.228,4,0.52,0.712,0.605,0.704,0.59
USR_04496,8.64,16.3,1.9,0.672,0.124,1,0.11,0.613,0.168,0.654,0.071
USR_04497,2.49,23.8,5.8,0.728,0.113,2,0.33,0.715,0.126,0.939,0.265
USR_04498,40.69,88.2,5.0,0.821,0.643,3,0.699,0.371,0.802,0.414,0.856
USR_04499,13.41,53.2,9.4,0.598,0.333,5,0.697,0.42,0.642,0.803,0.605
USR_04500,18.42,71.2,7.4,0.882,0.421,2,0.776,0.195,0.448,0.332,0.918
USR_04501,10.11,10.0,7.8,0.682,0.348,1,0.136,0.889,0.079,0.844,0.243
USR_04502,7.33,28.4,5.2,0.575,0.431,1,0.106,0.937,0.168,0.591,0.296
USR_04503,25.15,146.8,2.6,0.99,0.727,2,0.807,0.103,0.764,0.574,0.743
USR_04504,11.04,25.6,4.1,0.809,0.327,2,0.057,0.767,0.211,0.63,0.082
USR_04505,21.84,143.3,3.1,0.756,0.768,2,0.771,0.349,0.916,0.53,0.864
USR_04506,21.04,69.2,5.9,0.852,0.588,2,0.792,0.186,0.775,0.319,0.99
USR_04507,27.19,87.5,3.7,0.964,0.418,3,0.966,0.179,0.449,0.31,0.965
USR_04508,19.91,56.5,6.4,0.858,0.309,3,0.443,0.335,0.594,0.883,0.334
USR_04509,19.36,80.3,8.5,0.788,0.433,2,0.699,0.081,0.586,0.173,0.966
USR_04510,17.77,38.1,6.6,0.839,0.651,4,0.324,0.267,0.223,0.829,0.562
USR_04511,27.22,66.8,4.9,0.99,0.607,3,0.746,0.437,0.772,0.347,0.769
USR_04512,5.99,11.1,2.5,0.446,0.369,3,0.194,0.855,0.05,0.551,0.239
USR_04513,18.88,49.3,6.0,0.9,0.329,4,0.321,0.224,0.605,0.859,0.253
USR_04514,20.26,48.1,6.5,0.812,0.321,3,0.99,0.217,0.435,0.376,0.914
USR_04515,27.58,95.8,9.1,0.842,0.453,3,0.75,0.305,0.623,0.171,0.908
USR_04516,12.41,63.2,4.9,0.833,0.375,2,0.431,0.256,0.654,0.956,0.264
USR_04517,30.29,109.4,5.0,0.861,0.807,2,0.851,0.398,0.738,0.117,0.753
USR_04518,29.56,123.4,6.3,0.954,0.827,4,0.99,0.385,0.901,0.377,0.773
USR_04519,8.27,19.3,5.3,0.785,0.312,2,0.298,0.858,0.316,0.853,0.111
USR_04520,6.69,17.5,5.2,0.73,0.355,1,0.309,0.881,0.132,0.744,0.054
USR_04521,9.26,23.8,5.3,0.454,0.504,1,0.23,0.772,0.133,0.448,0.241
USR_04522,13.17,67.2,7.1,0.748,0.456,5,0.91,0.706,0.584,0.659,0.727
USR_04523,21.01,58.4,5.6,0.99,0.363,4,0.34,0.47,0.712,0.778,0.28
USR_04524,18.19,34.7,10.1,0.835,0.317,5,0.716,0.662,0.494,0.569,0.683
USR_04525,6.74,34.5,3.6,0.713,0.193,3,0.208,0.972,0.179,0.522,0.05
USR_04526,13.13,76.7,5.4,0.748,0.421,4,0.433,0.266,0.367,0.851,0.327
USR_04527,3.79,30.4,5.6,0.432,0.07,1,0.125,0.99,0.18,0.682,0.067
USR_04528,25.51,111.7,4.9,0.895,0.79,4,0.886,0.21,0.944,0.316,0.831
USR_04529,29.88,141.2,4.4,0.799,0.718,2,0.742,0.202,0.784,0.7,0.68
USR_04530,11.05,61.5,12.0,0.719,0.424,4,0.566,0.525,0.78,0.737,0.504
USR_04531,3.56,33.8,7.6,0.643,0.428,1,0.172,0.932,0.2,0.573,0.183
USR_04532,2.65,26.7,4.9,0.607,0.275,1,0.305,0.99,0.29,0.603,0.132
USR_04533,6.0,15.4,5.3,0.606,0.239,1,0.114,0.944,0.244,0.512,0.269
USR_04534,23.89,53.5,8.1,0.767,0.284,3,0.535,0.422,0.437,0.953,0.501
USR_04535,17.31,66.9,3.6,0.845,0.771,3,0.957,0.244,0.819,0.324,0.714
USR_04536,19.28,73.1,6.2,0.854,0.477,2,0.944,0.173,0.686,0.142,0.99
USR_04537,11.73,46.2,7.3,0.861,0.319,3,0.415,0.399,0.803,0.918,0.434
USR_04538,29.44,73.5,6.1,0.99,0.523,3,0.784,0.064,0.566,0.337,0.921
USR_04539,25.22,81.4,3.5,0.887,0.693,3,0.757,0.309,0.941,0.066,0.784
USR_04540,7.5,35.3,4.3,0.7,0.27,3,0.21,0.838,0.145,0.629,0.203
USR_04541,10.96,10.7,3.2,0.721,0.279,1,0.442,0.871,0.212,0.805,0.051
USR_04542,6.47,29.0,1.8,0.602,0.276,2,0.05,0.845,0.196,0.492,0.229
USR_04543,8.93,26.2,2.1,0.524,0.413,3,0.209,0.816,0.288,0.719,0.193
USR_04544,20.06,68.7,6.6,0.844,0.527,2,0.925,0.05,0.447,0.189,0.876
USR_04545,24.97,72.7,7.5,0.908,0.3,3,0.911,0.105,0.419,0.118,0.977
USR_04546,25.81,75.4,7.2,0.812,0.461,3,0.959,0.057,0.717,0.212,0.883
USR_04547,19.8,50.4,6.3,0.948,0.52,2,0.378,0.424,0.494,0.889,0.05
USR_04548,6.37,23.7,5.8,0.739,0.367,3,0.222,0.99,0.375,0.642,0.308
USR_04549,23.46,72.8,5.6,0.959,0.547,2,0.784,0.155,0.759,0.242,0.873
USR_04550,1.07,17.4,3.5,0.683,0.409,1,0.343,0.708,0.293,0.616,0.241
USR_04551,18.04,96.3,4.7,0.79,0.482,3,0.804,0.27,0.855,0.515,0.908
USR_04552,21.25,91.7,4.6,0.686,0.282,2,0.692,0.207,0.299,0.188,0.814
USR_04553,4.61,19.8,5.8,0.394,0.32,2,0.4,0.784,0.322,0.594,0.232
USR_04554,9.64,10.0,3.5,0.452,0.457,2,0.379,0.911,0.228,0.291,0.242
USR_04555,21.79,60.4,3.4,0.858,0.451,3,0.148,0.459,0.43,0.974,0.08
USR_04556,33.19,102.0,2.7,0.877,0.628,4,0.595,0.345,0.817,0.372,0.71
USR_04557,21.33,88.1,5.5,0.87,0.795,3,0.933,0.174,0.83,0.583,0.84
USR_04558,24.2,51.1,6.4,0.839,0.494,3,0.386,0.197,0.633,0.961,0.358
USR_04559,11.96,74.9,6.6,0.843,0.394,3,0.229,0.311,0.304,0.905,0.433
USR_04560,26.01,31.2,10.9,0.877,0.376,4,0.616,0.498,0.659,0.796,0.543
USR_04561,28.64,39.9,6.6,0.769,0.259,4,0.533,0.785,0.766,0.539,0.68
USR_04562,20.85,90.4,8.9,0.886,0.522,3,0.99,0.242,0.63,0.19,0.859
USR_04563,17.84,55.7,5.6,0.903,0.416,2,0.205,0.492,0.452,0.99,0.456
USR_04564,17.35,72.6,6.0,0.895,0.462,2,0.696,0.094,0.546,0.357,0.905
USR_04565,31.11,76.8,4.0,0.789,0.658,3,0.625,0.384,0.593,0.623,0.555
USR_04566,17.42,48.2,8.0,0.837,0.432,2,0.171,0.54,0.589,0.9,0.252
USR_04567,13.45,65.7,2.9,0.856,0.485,4,0.343,0.05,0.606,0.911,0.136
USR_04568,6.18,33.7,6.2,0.46,0.088,1,0.27,0.899,0.154,0.617,0.207
USR_04569,31.63,99.2,5.8,0.866,0.799,3,0.647,0.202,0.637,0.54,0.705
USR_04570,29.25,49.8,7.7,0.736,0.58,2,0.99,0.321,0.699,0.412,0.961
USR_04571,21.24,53.5,8.8,0.636,0.348,5,0.716,0.763,0.678,0.455,0.644
USR_04572,19.36,51.7,9.2,0.632,0.646,5,0.95,0.528,0.411,0.757,0.448
USR_04573,20.62,73.8,6.9,0.924,0.402,3,0.396,0.576,0.466,0.831,0.234
USR_04574,9.37,18.9,3.0,0.817,0.137,1,0.099,0.828,0.176,0.747,0.05
USR_04575,20.91,61.0,4.6,0.861,0.451,5,0.487,0.518,0.618,0.831,0.782
USR_04576,5.5,35.6,6.3,0.78,0.363,2,0.171,0.99,0.228,0.828,0.05
USR_04577,12.19,29.5,6.1,0.885,0.408,4,0.05,0.387,0.662,0.818,0.148
USR_04578,18.16,54.9,5.9,0.901,0.318,4,0.446,0.438,0.9,0.99,0.344
USR_04579,18.25,75.8,2.1,0.822,0.891,3,0.812,0.311,0.616,0.435,0.616
USR_04580,12.12,48.5,5.1,0.876,0.429,4,0.267,0.521,0.747,0.879,0.327
USR_04581,8.01,34.6,3.6,0.915,0.255,2,0.113,0.839,0.29,0.778,0.215
USR_04582,14.49,51.1,7.4,0.869,0.314,3,0.453,0.574,0.725,0.851,0.05
USR_04583,33.96,81.9,5.0,0.85,0.802,4,0.961,0.096,0.798,0.462,0.743
USR_04584,34.26,75.0,7.0,0.937,0.798,2,0.668,0.395,0.685,0.381,0.705
USR_04585,14.64,57.5,8.7,0.626,0.448,4,0.656,0.512,0.764,0.633,0.266
USR_04586,6.47,33.9,5.0,0.81,0.31,2,0.072,0.782,0.281,0.539,0.05
USR_04587,22.4,97.8,6.6,0.866,0.377,3,0.99,0.209,0.9,0.084,0.86
USR_04588,16.78,69.4,7.4,0.87,0.304,3,0.843,0.304,0.366,0.324,0.893
USR_04589,35.43,80.2,4.7,0.796,0.674,3,0.719,0.19,0.948,0.297,0.742
USR_04590,22.99,30.9,9.9,0.684,0.493,4,0.544,0.457,0.617,0.643,0.577
USR_04591,17.03,53.0,6.6,0.922,0.307,3,0.286,0.414,0.523,0.969,0.349
USR_04592,31.17,108.9,2.8,0.901,0.771,3,0.749,0.342,0.678,0.252,0.696
USR_04593,21.11,88.0,5.3,0.836,0.848,3,0.66,0.099,0.774,0.592,0.493
USR_04594,29.28,96.9,4.4,0.75,0.658,3,0.852,0.331,0.587,0.635,0.919
USR_04595,6.72,30.4,1.4,0.516,0.147,3,0.2,0.954,0.075,0.709,0.175
USR_04596,7.97,33.2,1.9,0.581,0.491,1,0.072,0.943,0.292,0.623,0.067
USR_04597,17.58,73.1,4.8,0.99,0.865,3,0.75,0.149,0.779,0.462,0.883
USR_04598,31.49,68.9,3.8,0.875,0.796,3,0.575,0.478,0.75,0.404,0.776
USR_04599,2.44,18.2,2.5,0.546,0.227,3,0.325,0.921,0.196,0.546,0.236
USR_04600,7.26,19.0,5.8,0.526,0.225,1,0.364,0.889,0.053,0.71,0.139
USR_04601,11.88,56.0,5.2,0.815,0.171,3,0.308,0.27,0.474,0.875,0.346
USR_04602,7.99,22.5,5.4,0.512,0.148,1,0.415,0.889,0.19,0.719,0.327
USR_04603,36.2,87.0,5.3,0.779,0.815,2,0.804,0.331,0.99,0.392,0.49
USR_04604,5.09,24.3,3.2,0.512,0.41,2,0.336,0.584,0.212,0.706,0.275
USR_04605,18.08,55.6,8.8,0.865,0.351,3,0.51,0.5,0.412,0.99,0.457
USR_04606,20.1,55.8,5.7,0.807,0.291,3,0.242,0.264,0.418,0.931,0.363
USR_04607,7.78,77.8,8.9,0.938,0.422,2,0.93,0.238,0.475,0.289,0.868
USR_04608,18.62,55.9,6.2,0.907,0.265,3,0.517,0.384,0.463,0.926,0.233
USR_04609,25.1,102.3,5.6,0.831,0.82,3,0.782,0.263,0.99,0.431,0.99
USR_04610,21.02,65.4,5.3,0.99,0.578,2,0.857,0.114,0.395,0.324,0.94
USR_04611,18.84,88.6,2.8,0.99,0.575,3,0.781,0.166,0.971,0.465,0.83
USR_04612,19.21,68.1,4.6,0.848,0.886,3,0.626,0.422,0.919,0.323,0.765
USR_04613,7.31,29.9,5.2,0.393,0.229,3,0.362,0.831,0.193,0.724,0.264
USR_04614,18.98,38.1,5.7,0.639,0.365,5,0.643,0.454,0.682,0.723,0.665
USR_04615,6.01,25.0,3.6,0.492,0.263,2,0.326,0.644,0.099,0.686,0.14
USR_04616,27.0,58.4,7.3,0.754,0.382,3,0.719,0.206,0.544,0.057,0.975
USR_04617,21.95,105.9,5.3,0.869,0.893,3,0.962,0.429,0.706,0.374,0.776
USR_04618,16.26,59.7,6.0,0.925,0.418,3,0.38,0.684,0.424,0.844,0.31
USR_04619,11.23,35.8,5.0,0.653,0.348,2,0.241,0.759,0.05,0.545,0.34
USR_04620,11.5,56.9,6.9,0.86,0.286,2,0.351,0.355,0.47,0.941,0.202
USR_04621,3.26,25.1,4.1,0.771,0.275,2,0.372,0.99,0.193,0.59,0.179
USR_04622,26.99,58.2,9.1,0.617,0.264,4,0.495,0.655,0.599,0.875,0.54
USR_04623,41.72,72.8,6.3,0.93,0.768,4,0.99,0.323,0.857,0.128,0.696
USR_04624,23.05,75.7,6.2,0.928,0.52,2,0.802,0.201,0.445,0.461,0.919
USR_04625,10.97,37.8,2.9,0.433,0.428,1,0.281,0.74,0.146,0.525,0.228
USR_04626,17.18,67.5,2.7,0.912,0.453,3,0.267,0.27,0.282,0.84,0.369
USR_04627,6.49,11.3,2.6,0.446,0.146,1,0.163,0.795,0.373,0.603,0.345
USR_04628,16.03,66.9,8.0,0.828,0.289,3,0.307,0.339,0.666,0.951,0.319
USR_04629,30.0,64.9,6.9,0.887,0.396,3,0.985,0.444,0.852,0.506,0.906
USR_04630,26.55,58.8,6.3,0.765,0.689,2,0.941,0.458,0.78,0.323,0.814
USR_04631,15.27,69.5,10.7,0.619,0.349,5,0.463,0.556,0.618,0.86,0.627
USR_04632,22.42,60.5,6.4,0.864,0.41,2,0.18,0.271,0.563,0.969,0.252
USR_04633,6.16,21.5,3.0,0.785,0.406,2,0.072,0.765,0.105,0.722,0.21
USR_04634,7.94,22.2,3.4,0.611,0.423,2,0.286,0.653,0.233,0.655,0.295
USR_04635,21.99,48.8,8.3,0.737,0.327,5,0.741,0.572,0.478,0.63,0.611
USR_04636,8.44,37.7,1.0,0.571,0.213,2,0.071,0.9,0.153,0.47,0.253
USR_04637,29.28,118.2,5.7,0.894,0.627,3,0.99,0.172,0.757,0.231,0.797
USR_04638,23.47,31.3,6.3,0.644,0.267,5,0.706,0.583,0.559,0.638,0.488
USR_04639,17.89,89.0,3.3,0.869,0.703,2,0.801,0.05,0.907,0.489,0.896
USR_04640,18.16,47.8,6.2,0.934,0.413,3,0.345,0.311,0.353,0.908,0.269
USR_04641,21.59,42.3,6.5,0.836,0.289,3,0.912,0.276,0.712,0.272,0.888
USR_04642,19.59,71.4,9.5,0.891,0.612,3,0.85,0.262,0.792,0.295,0.925
USR_04643,26.56,51.5,7.0,0.764,0.274,4,0.707,0.515,0.615,0.696,0.554
USR_04644,21.32,114.8,2.2,0.753,0.738,2,0.815,0.277,0.929,0.304,0.747
USR_04645,6.33,25.0,3.6,0.511,0.429,2,0.273,0.725,0.239,0.598,0.16
USR_04646,21.57,56.0,5.3,0.975,0.796,3,0.554,0.149,0.806,0.263,0.804
USR_04647,6.36,23.6,1.2,0.59,0.283,2,0.28,0.701,0.312,0.542,0.148
USR_04648,6.72,30.0,4.1,0.628,0.328,2,0.069,0.99,0.061,0.778,0.05
USR_04649,10.88,31.6,6.6,0.582,0.25,4,0.642,0.604,0.632,0.725,0.581
USR_04650,9.45,27.0,1.6,0.35,0.285,2,0.24,0.99,0.05,0.786,0.13
USR_04651,32.36,52.4,7.9,0.84,0.464,3,0.785,0.201,0.483,0.282,0.972
USR_04652,25.36,31.4,6.6,0.966,0.667,2,0.99,0.213,0.796,0.375,0.941
USR_04653,33.26,81.7,4.0,0.99,0.67,3,0.869,0.227,0.97,0.414,0.741
USR_04654,16.53,58.5,5.4,0.904,0.37,2,0.431,0.352,0.702,0.965,0.459
USR_04655,18.85,50.0,6.5,0.958,0.433,5,0.596,0.494,0.559,0.734,0.878
USR_04656,16.95,87.3,6.4,0.901,0.418,2,0.675,0.237,0.507,0.308,0.99
USR_04657,19.56,46.0,5.4,0.926,0.569,3,0.815,0.287,0.713,0.34,0.963
USR_04658,26.79,102.2,4.5,0.819,0.544,4,0.711,0.341,0.932,0.491,0.625
USR_04659,14.45,74.9,4.9,0.946,0.204,3,0.322,0.197,0.507,0.812,0.185
USR_04660,33.21,86.8,2.1,0.789,0.553,3,0.738,0.09,0.822,0.387,0.827
USR_04661,21.12,52.6,6.8,0.99,0.374,3,0.303,0.319,0.588,0.825,0.126
USR_04662,18.26,52.2,4.9,0.87,0.637,3,0.783,0.219,0.497,0.527,0.936
USR_04663,30.41,82.0,4.6,0.827,0.667,4,0.784,0.169,0.846,0.557,0.785
USR_04664,6.12,41.1,6.7,0.848,0.386,3,0.169,0.333,0.54,0.855,0.393
USR_04665,27.17,87.4,4.3,0.855,0.736,2,0.891,0.353,0.858,0.32,0.806
USR_04666,27.91,115.7,4.7,0.919,0.856,4,0.907,0.265,0.736,0.512,0.549
USR_04667,12.26,61.6,6.0,0.862,0.476,2,0.377,0.713,0.664,0.912,0.268
USR_04668,17.43,71.5,6.0,0.812,0.405,3,0.306,0.3,0.408,0.918,0.522
USR_04669,22.68,42.5,9.0,0.857,0.291,5,0.398,0.653,0.604,0.684,0.711
USR_04670,5.06,14.2,2.0,0.52,0.143,3,0.436,0.881,0.05,0.68,0.279
USR_04671,16.4,52.5,7.4,0.866,0.396,3,0.392,0.417,0.515,0.99,0.318
USR_04672,6.65,41.6,5.3,0.701,0.408,2,0.166,0.92,0.238,0.74,0.336
USR_04673,22.01,109.4,3.0,0.907,0.807,2,0.826,0.311,0.933,0.392,0.586
USR_04674,12.8,61.9,6.3,0.785,0.538,3,0.728,0.311,0.541,0.356,0.887
USR_04675,9.94,32.2,4.1,0.599,0.207,2,0.405,0.837,0.095,0.61,0.097
USR_04676,20.68,94.6,5.3,0.892,0.672,3,0.924,0.537,0.918,0.52,0.969
USR_04677,6.85,25.8,1.0,0.434,0.302,2,0.229,0.873,0.357,0.729,0.182
USR_04678,19.48,110.0,5.4,0.694,0.419,2,0.692,0.236,0.551,0.318,0.908
USR_04679,23.74,90.6,3.9,0.897,0.399,2,0.858,0.174,0.658,0.225,0.99
USR_04680,28.38,68.3,5.2,0.923,0.412,2,0.871,0.18,0.554,0.224,0.942
USR_04681,21.66,88.7,4.3,0.884,0.499,4,0.835,0.416,0.746,0.392,0.866
USR_04682,30.21,76.7,4.7,0.803,0.822,3,0.797,0.306,0.702,0.422,0.654
USR_04683,9.99,25.8,2.9,0.724,0.513,1,0.36,0.709,0.349,0.578,0.133
USR_04684,6.8,30.4,5.5,0.484,0.434,1,0.186,0.783,0.19,0.712,0.136
USR_04685,13.63,37.0,6.2,0.891,0.385,3,0.297,0.36,0.622,0.83,0.361
USR_04686,22.21,62.2,11.2,0.903,0.308,4,0.755,0.604,0.602,0.657,0.569
USR_04687,31.25,104.4,3.3,0.88,0.775,3,0.77,0.136,0.673,0.483,0.667
USR_04688,20.21,43.8,4.8,0.92,0.368,3,0.258,0.505,0.561,0.845,0.343
USR_04689,18.53,58.2,5.0,0.909,0.379,3,0.188,0.393,0.646,0.825,0.228
USR_04690,7.04,28.0,3.2,0.711,0.272,1,0.174,0.67,0.324,0.848,0.101
USR_04691,20.08,53.6,11.2,0.785,0.41,5,0.512,0.785,0.638,0.662,0.423
USR_04692,11.96,71.8,5.7,0.934,0.54,3,0.783,0.171,0.585,0.265,0.855
USR_04693,16.09,32.6,7.0,0.81,0.527,4,0.691,0.64,0.577,0.656,0.834
USR_04694,6.71,14.5,1.0,0.452,0.252,3,0.327,0.787,0.34,0.606,0.117
USR_04695,20.24,96.4,4.8,0.839,0.95,3,0.764,0.139,0.748,0.524,0.854
USR_04696,17.49,24.7,12.3,0.397,0.402,4,0.627,0.593,0.603,0.753,0.607
USR_04697,25.02,97.4,7.6,0.779,0.513,2,0.906,0.11,0.711,0.406,0.916
USR_04698,20.85,117.5,4.2,0.806,0.813,3,0.721,0.312,0.841,0.539,0.702
USR_04699,24.3,69.8,6.6,0.836,0.457,2,0.965,0.27,0.661,0.205,0.911
USR_04700,5.13,18.1,4.8,0.496,0.409,2,0.103,0.893,0.183,0.619,0.249
USR_04701,5.9,34.8,5.0,0.566,0.236,1,0.219,0.767,0.384,0.75,0.148
USR_04702,34.18,63.7,5.3,0.988,0.35,2,0.906,0.385,0.418,0.381,0.935
USR_04703,21.15,103.1,5.0,0.819,0.66,2,0.954,0.161,0.797,0.516,0.737
USR_04704,17.04,74.8,6.5,0.864,0.447,3,0.374,0.53,0.666,0.809,0.361
USR_04705,26.91,102.6,3.4,0.819,0.683,2,0.747,0.259,0.72,0.362,0.765
USR_04706,8.09,33.4,5.0,0.528,0.253,1,0.117,0.979,0.292,0.537,0.351
USR_04707,3.81,19.4,1.0,0.536,0.401,2,0.429,0.99,0.298,0.65,0.114
USR_04708,9.39,27.6,2.2,0.604,0.377,3,0.321,0.869,0.128,0.949,0.19
USR_04709,23.28,78.2,6.4,0.779,0.658,2,0.819,0.105,0.411,0.187,0.923
USR_04710,30.04,51.1,8.1,0.919,0.475,4,0.629,0.743,0.705,0.672,0.401
USR_04711,21.32,79.3,6.9,0.855,0.539,2,0.848,0.354,0.562,0.406,0.848
USR_04712,31.49,84.0,4.4,0.816,0.914,3,0.741,0.416,0.895,0.362,0.825
USR_04713,21.53,46.7,8.1,0.813,0.49,5,0.524,0.41,0.551,0.727,0.528
USR_04714,27.14,81.8,5.0,0.861,0.676,3,0.839,0.165,0.911,0.615,0.873
USR_04715,7.19,26.2,1.0,0.656,0.456,1,0.181,0.841,0.277,0.704,0.256
USR_04716,18.64,100.7,4.1,0.832,0.794,3,0.601,0.338,0.9,0.354,0.79
USR_04717,20.64,48.2,4.6,0.877,0.575,2,0.319,0.295,0.534,0.99,0.378
USR_04718,10.77,81.7,9.4,0.756,0.677,2,0.736,0.095,0.716,0.331,0.924
USR_04719,25.65,58.2,5.9,0.667,0.542,2,0.843,0.217,0.974,0.731,0.732
USR_04720,18.43,113.4,7.0,0.932,0.588,3,0.722,0.252,0.99,0.417,0.599
USR_04721,12.8,72.9,8.8,0.856,0.562,2,0.845,0.088,0.658,0.444,0.955
USR_04722,36.08,95.0,3.5,0.869,0.685,2,0.706,0.301,0.99,0.574,0.708
USR_04723,21.46,47.9,4.4,0.865,0.304,2,0.247,0.487,0.562,0.875,0.383
USR_04724,4.29,29.1,5.5,0.48,0.535,1,0.433,0.979,0.288,0.723,0.254
USR_04725,15.38,66.2,6.2,0.814,0.534,3,0.818,0.22,0.503,0.309,0.901
USR_04726,3.94,14.9,4.5,0.69,0.404,2,0.387,0.725,0.215,0.569,0.163
USR_04727,7.08,14.9,4.7,0.38,0.459,2,0.055,0.855,0.389,0.723,0.114
USR_04728,22.7,34.6,7.4,0.841,0.46,4,0.623,0.759,0.687,0.564,0.744
USR_04729,9.31,21.7,3.6,0.441,0.355,3,0.274,0.982,0.225,0.711,0.194
USR_04730,4.52,25.3,3.3,0.741,0.312,3,0.084,0.88,0.189,0.542,0.176
USR_04731,21.82,70.6,4.6,0.964,0.486,2,0.931,0.162,0.629,0.287,0.832
USR_04732,2.76,22.8,1.0,0.419,0.334,3,0.239,0.795,0.378,0.864,0.115
USR_04733,26.48,49.0,4.4,0.923,0.275,2,0.303,0.476,0.648,0.829,0.285
USR_04734,28.92,116.5,3.7,0.69,0.805,2,0.825,0.346,0.798,0.245,0.76
USR_04735,22.33,105.1,4.6,0.834,0.804,3,0.847,0.36,0.729,0.275,0.826
USR_04736,21.93,59.1,7.8,0.659,0.598,5,0.497,0.324,0.795,0.698,0.725
USR_04737,7.59,36.1,4.8,0.544,0.365,2,0.383,0.944,0.283,0.793,0.157
USR_04738,22.78,99.0,5.2,0.847,0.698,2,0.866,0.05,0.74,0.342,0.697
USR_04739,18.64,64.5,6.6,0.839,0.723,3,0.99,0.37,0.603,0.666,0.783
USR_04740,33.2,85.7,4.0,0.941,0.553,4,0.733,0.32,0.99,0.416,0.653
USR_04741,18.08,46.9,6.5,0.989,0.255,2,0.425,0.386,0.526,0.869,0.264
USR_04742,20.75,54.9,5.9,0.878,0.227,2,0.377,0.424,0.822,0.967,0.385
USR_04743,20.08,56.4,6.4,0.844,0.526,2,0.811,0.291,0.651,0.148,0.99
USR_04744,22.85,50.7,13.8,0.69,0.492,4,0.663,0.591,0.782,0.666,0.818
USR_04745,22.23,70.1,7.1,0.822,0.415,2,0.922,0.227,0.587,0.228,0.947
USR_04746,9.68,56.2,8.8,0.824,0.444,4,0.579,0.662,0.707,0.467,0.769
USR_04747,17.52,48.8,5.1,0.882,0.296,3,0.459,0.21,0.755,0.99,0.506
USR_04748,21.88,68.3,7.2,0.848,0.734,2,0.793,0.261,0.772,0.396,0.765
USR_04749,24.61,86.0,5.9,0.865,0.827,3,0.957,0.198,0.78,0.365,0.71
USR_04750,3.07,29.6,3.6,0.702,0.162,1,0.301,0.99,0.123,0.866,0.193
USR_04751,13.71,84.4,5.3,0.754,0.265,3,0.788,0.166,0.591,0.436,0.806
USR_04752,13.75,46.1,5.3,0.911,0.333,3,0.255,0.221,0.4,0.867,0.299
USR_04753,30.58,103.0,4.0,0.851,0.725,2,0.841,0.312,0.679,0.607,0.82
USR_04754,20.22,63.6,6.5,0.754,0.454,2,0.86,0.236,0.485,0.05,0.805
USR_04755,22.28,48.2,5.9,0.852,0.493,4,0.485,0.317,0.602,0.919,0.307
USR_04756,8.44,29.1,1.9,0.436,0.264,2,0.327,0.715,0.172,0.541,0.28
USR_04757,20.51,96.6,6.4,0.839,0.871,3,0.634,0.149,0.785,0.59,0.738
USR_04758,27.26,51.9,6.8,0.804,0.541,3,0.805,0.214,0.699,0.322,0.888
USR_04759,18.95,48.4,9.1,0.667,0.181,5,0.658,0.582,0.746,0.812,0.562
USR_04760,5.21,29.0,4.4,0.763,0.152,2,0.144,0.78,0.05,0.775,0.339
USR_04761,12.51,57.9,6.2,0.945,0.341,3,0.478,0.445,0.552,0.934,0.457
USR_04762,18.24,54.5,8.4,0.981,0.213,2,0.408,0.272,0.548,0.77,0.456
USR_04763,33.19,68.3,6.3,0.819,0.436,3,0.801,0.354,0.809,0.384,0.84
USR_04764,6.55,25.5,6.2,0.621,0.262,2,0.061,0.868,0.208,0.694,0.168
USR_04765,3.96,14.5,6.1,0.643,0.421,1,0.35,0.833,0.31,0.554,0.227
USR_04766,28.19,45.0,7.5,0.785,0.561,5,0.844,0.568,0.467,0.788,0.62
USR_04767,24.77,43.3,8.5,0.772,0.531,5,0.709,0.573,0.467,0.591,0.9
USR_04768,25.29,77.0,8.1,0.835,0.51,3,0.757,0.137,0.677,0.355,0.99
USR_04769,2.07,15.4,2.5,0.449,0.377,1,0.466,0.859,0.155,0.834,0.202
USR_04770,5.65,28.8,5.1,0.664,0.3,3,0.073,0.794,0.457,0.641,0.121
USR_04771,5.85,27.3,4.6,0.589,0.238,1,0.349,0.784,0.303,0.549,0.07
USR_04772,15.71,55.7,9.7,0.84,0.421,5,0.507,0.657,0.551,0.612,0.737
USR_04773,31.91,121.5,4.7,0.801,0.696,3,0.704,0.337,0.758,0.564,0.695
USR_04774,21.0,123.4,3.3,0.935,0.53,3,0.779,0.251,0.591,0.316,0.91
USR_04775,9.78,55.8,6.3,0.894,0.403,3,0.253,0.161,0.528,0.956,0.357
USR_04776,5.34,30.7,5.0,0.575,0.339,1,0.332,0.93,0.335,0.897,0.275
USR_04777,35.23,113.2,3.9,0.951,0.766,4,0.733,0.141,0.853,0.704,0.808
USR_04778,15.31,48.2,6.2,0.804,0.413,2,0.41,0.542,0.626,0.99,0.546
USR_04779,22.91,62.5,7.8,0.704,0.549,3,0.877,0.073,0.596,0.253,0.903
USR_04780,16.21,48.1,3.6,0.806,0.455,4,0.311,0.486,0.653,0.95,0.485
USR_04781,3.48,17.8,3.9,0.595,0.35,2,0.287,0.942,0.16,0.654,0.183
USR_04782,20.38,55.2,8.1,0.91,0.446,2,0.8,0.347,0.66,0.189,0.945
USR_04783,20.99,129.7,3.2,0.951,0.814,3,0.934,0.466,0.855,0.591,0.737
USR_04784,25.29,40.3,7.6,0.886,0.449,3,0.867,0.233,0.482,0.126,0.861
USR_04785,33.81,96.2,4.2,0.817,0.789,2,0.908,0.277,0.954,0.481,0.72
USR_04786,17.91,81.3,7.6,0.889,0.341,3,0.907,0.14,0.579,0.356,0.922
USR_04787,14.92,63.6,4.3,0.85,0.283,3,0.46,0.32,0.702,0.977,0.142
USR_04788,38.61,59.8,5.0,0.804,0.549,3,0.756,0.566,0.845,0.512,0.511
USR_04789,7.49,30.0,5.3,0.536,0.379,1,0.07,0.782,0.368,0.76,0.057
USR_04790,6.88,28.6,6.0,0.659,0.351,2,0.301,0.981,0.207,0.599,0.327
USR_04791,20.86,52.0,7.0,0.715,0.536,3,0.704,0.342,0.626,0.417,0.94
USR_04792,8.51,22.6,5.0,0.62,0.161,1,0.489,0.99,0.361,0.762,0.184
USR_04793,4.52,32.6,3.9,0.629,0.319,1,0.265,0.777,0.184,0.419,0.108
USR_04794,17.31,49.4,7.7,0.696,0.475,4,0.463,0.495,0.687,0.764,0.785
USR_04795,32.06,99.4,5.4,0.701,0.463,2,0.975,0.166,0.832,0.326,0.99
USR_04796,24.95,108.4,4.6,0.951,0.668,3,0.869,0.341,0.842,0.517,0.53
USR_04797,31.16,78.3,3.5,0.729,0.899,4,0.694,0.238,0.99,0.506,0.879
USR_04798,5.84,18.5,6.6,0.512,0.407,1,0.331,0.917,0.216,0.591,0.155
USR_04799,21.64,76.8,6.8,0.819,0.432,2,0.912,0.235,0.768,0.459,0.855
USR_04800,20.18,48.5,10.0,0.847,0.386,4,0.56,0.696,0.716,0.724,0.413
USR_04801,17.03,104.0,5.2,0.907,0.844,3,0.641,0.525,0.959,0.309,0.738
USR_04802,14.34,48.3,6.2,0.977,0.357,3,0.493,0.533,0.321,0.99,0.383
USR_04803,24.3,57.2,11.7,0.751,0.401,5,0.445,0.695,0.515,0.914,0.538
USR_04804,34.2,80.2,5.3,0.912,0.652,3,0.859,0.05,0.78,0.311,0.871
USR_04805,34.87,49.4,5.3,0.87,0.626,2,0.774,0.266,0.628,0.217,0.91
USR_04806,29.05,81.8,7.5,0.862,0.527,3,0.877,0.284,0.659,0.174,0.956
USR_04807,21.73,106.9,6.1,0.88,0.809,4,0.853,0.263,0.891,0.616,0.763
USR_04808,19.67,68.1,5.6,0.979,0.668,2,0.74,0.223,0.869,0.413,0.918
USR_04809,7.69,28.9,4.3,0.691,0.323,3,0.201,0.814,0.3,0.485,0.05
USR_04810,19.93,39.4,6.5,0.772,0.447,4,0.809,0.652,0.673,0.567,0.818
USR_04811,27.14,54.3,2.1,0.813,0.734,4,0.924,0.287,0.857,0.8,0.895
USR_04812,8.94,80.3,9.8,0.821,0.529,5,0.85,0.359,0.761,0.687,0.482
USR_04813,33.0,71.1,7.4,0.99,0.558,2,0.834,0.27,0.488,0.099,0.943
USR_04814,21.49,36.2,11.3,0.825,0.573,4,0.888,0.615,0.919,0.768,0.69
USR_04815,3.97,33.5,5.6,0.562,0.445,1,0.196,0.88,0.14,0.697,0.194
USR_04816,23.7,88.4,3.6,0.914,0.648,3,0.882,0.102,0.719,0.416,0.591
USR_04817,18.78,123.9,3.8,0.893,0.727,4,0.715,0.293,0.99,0.274,0.746
USR_04818,35.16,117.2,3.8,0.898,0.691,3,0.559,0.406,0.814,0.583,0.639
USR_04819,18.18,71.5,4.8,0.846,0.379,3,0.848,0.234,0.532,0.371,0.99
USR_04820,25.36,126.0,4.8,0.765,0.62,4,0.981,0.391,0.659,0.314,0.768
USR_04821,36.01,76.1,6.4,0.837,0.873,2,0.611,0.316,0.99,0.328,0.599
USR_04822,35.08,107.6,3.3,0.99,0.862,2,0.85,0.418,0.787,0.588,0.468
USR_04823,21.44,100.7,6.3,0.814,0.702,2,0.813,0.17,0.969,0.584,0.737
USR_04824,27.78,96.9,5.0,0.99,0.627,2,0.679,0.234,0.632,0.499,0.76
USR_04825,31.92,80.8,2.6,0.849,0.692,4,0.664,0.12,0.813,0.406,0.847
USR_04826,24.15,76.8,4.1,0.832,0.448,3,0.868,0.23,0.632,0.246,0.881
USR_04827,17.62,48.3,4.7,0.906,0.313,3,0.469,0.484,0.701,0.99,0.315
USR_04828,8.6,64.9,5.4,0.689,0.572,3,0.825,0.175,0.336,0.27,0.99
USR_04829,14.55,93.6,4.6,0.832,0.389,3,0.788,0.297,0.44,0.251,0.99
USR_04830,12.62,56.3,5.5,0.864,0.216,3,0.558,0.358,0.418,0.99,0.124
USR_04831,25.68,88.7,6.2,0.863,0.397,2,0.788,0.341,0.56,0.268,0.982
USR_04832,21.23,80.1,4.3,0.879,0.305,2,0.872,0.195,0.726,0.185,0.99
USR_04833,20.26,40.1,6.6,0.804,0.553,4,0.526,0.651,0.725,0.618,0.627
USR_04834,5.12,32.6,4.8,0.66,0.377,2,0.349,0.883,0.153,0.536,0.313
USR_04835,19.53,100.2,5.6,0.757,0.95,2,0.923,0.501,0.821,0.588,0.756
USR_04836,18.53,58.1,11.1,0.755,0.501,4,0.437,0.638,0.511,0.694,0.436
USR_04837,23.89,58.1,7.4,0.801,0.304,4,0.669,0.687,0.703,0.712,0.4
USR_04838,23.54,41.2,7.3,0.726,0.426,4,0.773,0.79,0.609,0.562,0.541
USR_04839,11.14,45.6,5.8,0.941,0.35,2,0.385,0.35,0.486,0.812,0.358
USR_04840,29.01,59.3,6.5,0.971,0.263,2,0.919,0.256,0.73,0.172,0.958
USR_04841,8.69,19.3,4.6,0.632,0.214,2,0.257,0.82,0.136,0.548,0.061
USR_04842,22.2,32.7,9.6,0.744,0.36,4,0.843,0.662,0.814,0.824,0.512
USR_04843,26.42,61.6,10.3,0.773,0.424,4,0.893,0.657,0.667,0.678,0.748
USR_04844,13.34,48.3,6.9,0.833,0.404,3,0.451,0.33,0.327,0.806,0.155
USR_04845,19.48,56.1,6.7,0.979,0.315,3,0.301,0.502,0.414,0.874,0.206
USR_04846,15.88,111.6,5.5,0.883,0.628,3,0.946,0.307,0.83,0.497,0.673
USR_04847,10.53,27.2,1.9,0.625,0.358,2,0.397,0.914,0.127,0.586,0.151
USR_04848,26.01,81.5,6.2,0.76,0.673,3,0.887,0.194,0.865,0.477,0.878
USR_04849,8.92,15.4,3.8,0.763,0.243,3,0.244,0.818,0.34,0.581,0.308
USR_04850,25.23,114.8,3.9,0.778,0.861,3,0.742,0.211,0.535,0.344,0.771
USR_04851,2.35,27.5,3.1,0.78,0.365,1,0.229,0.687,0.065,0.581,0.13
USR_04852,20.54,51.7,4.4,0.787,0.424,3,0.926,0.301,0.594,0.124,0.99
USR_04853,23.85,61.1,8.0,0.99,0.45,2,0.794,0.092,0.43,0.243,0.99
USR_04854,26.86,46.4,8.2,0.802,0.408,5,0.723,0.643,0.609,0.927,0.504
USR_04855,18.3,48.0,6.2,0.87,0.453,3,0.213,0.533,0.501,0.923,0.508
USR_04856,30.13,106.0,3.7,0.801,0.806,4,0.693,0.355,0.859,0.241,0.925
USR_04857,1.15,20.6,2.3,0.435,0.239,1,0.348,0.678,0.143,0.795,0.144
USR_04858,26.43,54.0,9.7,0.775,0.448,5,0.419,0.579,0.624,0.639,0.783
USR_04859,6.14,18.9,6.2,0.59,0.415,1,0.272,0.99,0.336,0.391,0.146
USR_04860,30.61,76.2,2.0,0.99,0.68,4,0.866,0.527,0.946,0.444,0.746
USR_04861,20.84,41.2,6.9,0.883,0.444,3,0.552,0.439,0.653,0.824,0.24
USR_04862,35.57,74.7,4.2,0.867,0.644,2,0.569,0.223,0.99,0.247,0.771
USR_04863,20.29,52.6,4.7,0.898,0.097,3,0.337,0.264,0.754,0.99,0.05
USR_04864,8.21,27.5,4.0,0.771,0.135,2,0.079,0.726,0.15,0.472,0.35
USR_04865,25.05,91.3,3.5,0.859,0.734,4,0.809,0.075,0.857,0.561,0.887
USR_04866,22.52,76.8,5.3,0.954,0.233,2,0.826,0.215,0.663,0.406,0.827
USR_04867,26.56,103.7,6.2,0.922,0.804,2,0.932,0.325,0.887,0.489,0.779
USR_04868,19.44,131.2,2.7,0.986,0.729,3,0.636,0.276,0.978,0.378,0.567
USR_04869,22.88,70.2,7.0,0.607,0.525,2,0.658,0.422,0.529,0.138,0.808
USR_04870,22.54,64.8,8.4,0.85,0.707,3,0.794,0.274,0.741,0.394,0.885
USR_04871,5.73,32.2,3.5,0.698,0.352,2,0.468,0.89,0.11,0.775,0.276
USR_04872,20.38,76.2,6.0,0.759,0.539,3,0.882,0.322,0.697,0.217,0.921
USR_04873,2.23,11.8,6.2,0.649,0.46,1,0.076,0.99,0.453,0.622,0.199
USR_04874,8.95,34.4,5.2,0.72,0.295,3,0.195,0.835,0.052,0.59,0.176
USR_04875,18.94,95.8,3.1,0.871,0.805,2,0.8,0.177,0.79,0.273,0.658
USR_04876,16.71,52.6,7.1,0.811,0.502,2,0.782,0.287,0.784,0.202,0.904
USR_04877,25.91,89.2,6.0,0.778,0.609,2,0.963,0.366,0.673,0.596,0.814
USR_04878,7.5,57.6,8.6,0.845,0.495,5,0.736,0.508,0.735,0.727,0.678
USR_04879,15.51,53.0,7.0,0.978,0.283,4,0.074,0.6,0.487,0.876,0.164
USR_04880,19.63,41.8,7.8,0.751,0.537,5,0.781,0.479,0.374,0.634,0.553
USR_04881,20.57,63.1,4.0,0.881,0.698,3,0.843,0.168,0.794,0.544,0.93
USR_04882,34.65,69.9,5.5,0.819,0.393,2,0.933,0.234,0.542,0.375,0.941
USR_04883,24.61,96.4,3.7,0.99,0.794,3,0.683,0.35,0.718,0.353,0.726
USR_04884,10.11,70.5,5.9,0.793,0.537,2,0.865,0.252,0.836,0.353,0.922
USR_04885,20.09,61.9,5.9,0.9,0.501,3,0.886,0.162,0.704,0.363,0.908
USR_04886,4.11,24.3,5.5,0.577,0.393,2,0.308,0.99,0.131,0.581,0.266
USR_04887,3.89,19.0,5.9,0.493,0.275,1,0.114,0.8,0.332,0.743,0.05
USR_04888,7.99,23.8,5.0,0.464,0.363,1,0.241,0.99,0.094,0.569,0.05
USR_04889,19.74,57.3,5.1,0.796,0.547,3,0.826,0.1,0.677,0.299,0.809
USR_04890,18.34,70.3,5.4,0.83,0.631,2,0.961,0.374,0.338,0.335,0.99
USR_04891,19.36,71.1,5.5,0.955,0.733,2,0.9,0.397,0.908,0.629,0.764
USR_04892,6.98,33.3,4.8,0.465,0.267,1,0.252,0.878,0.379,0.726,0.182
USR_04893,7.66,27.2,6.3,0.677,0.269,1,0.381,0.705,0.187,0.722,0.261
USR_04894,10.42,50.4,7.2,0.84,0.457,4,0.354,0.379,0.587,0.99,0.071
USR_04895,30.25,110.1,5.8,0.722,0.847,4,0.763,0.198,0.791,0.36,0.58
USR_04896,17.98,50.1,6.3,0.957,0.523,3,0.639,0.487,0.721,0.873,0.129
USR_04897,22.37,73.2,9.2,0.656,0.522,4,0.803,0.526,0.732,0.6,0.375
USR_04898,29.54,39.6,8.1,0.92,0.434,5,0.85,0.781,0.716,0.768,0.604
USR_04899,30.56,72.2,5.9,0.814,0.342,2,0.608,0.259,0.68,0.087,0.961
USR_04900,24.15,47.3,7.4,0.862,0.465,2,0.75,0.092,0.559,0.382,0.87
USR_04901,20.91,47.5,6.7,0.677,0.41,4,0.582,0.449,0.839,0.648,0.732
USR_04902,9.67,30.3,5.6,0.616,0.227,2,0.176,0.87,0.188,0.728,0.146
USR_04903,11.86,44.8,7.6,0.971,0.359,3,0.347,0.322,0.626,0.958,0.347
USR_04904,7.89,20.7,3.7,0.652,0.381,1,0.168,0.862,0.171,0.594,0.148
USR_04905,33.54,97.8,3.1,0.803,0.81,2,0.899,0.284,0.837,0.083,0.722
USR_04906,18.07,86.8,7.7,0.892,0.65,3,0.891,0.102,0.624,0.216,0.99
USR_04907,28.35,74.0,4.0,0.865,0.699,3,0.706,0.381,0.79,0.552,0.757
USR_04908,8.99,33.1,4.9,0.726,0.138,2,0.445,0.884,0.141,0.95,0.261
USR_04909,19.96,50.9,5.1,0.959,0.436,3,0.254,0.467,0.508,0.938,0.331
USR_04910,6.67,21.5,4.0,0.606,0.332,1,0.18,0.975,0.05,0.544,0.402
USR_04911,29.51,108.1,4.0,0.845,0.715,4,0.588,0.327,0.893,0.31,0.77
USR_04912,15.19,38.7,5.7,0.875,0.302,3,0.504,0.405,0.561,0.73,0.211
USR_04913,22.88,77.0,6.2,0.796,0.494,2,0.784,0.164,0.727,0.564,0.818
USR_04914,30.54,58.4,5.0,0.656,0.431,5,0.419,0.628,0.847,0.611,0.505
USR_04915,34.25,63.0,7.2,0.762,0.546,3,0.638,0.345,0.614,0.481,0.854
USR_04916,7.87,30.3,3.6,0.908,0.301,2,0.05,0.951,0.316,0.493,0.23
USR_04917,23.93,82.3,3.6,0.905,0.763,3,0.771,0.203,0.91,0.51,0.635
USR_04918,28.22,101.2,6.6,0.915,0.384,3,0.858,0.39,0.345,0.507,0.921
USR_04919,19.29,40.8,6.1,0.688,0.593,5,0.891,0.623,0.602,0.672,0.665
USR_04920,29.08,73.9,7.3,0.77,0.572,2,0.802,0.152,0.836,0.426,0.876
USR_04921,18.09,49.2,2.7,0.84,0.457,2,0.359,0.658,0.607,0.99,0.333
USR_04922,21.09,60.0,6.5,0.572,0.418,5,0.589,0.548,0.71,0.671,0.483
USR_04923,17.52,48.6,3.2,0.835,0.335,2,0.302,0.379,0.629,0.99,0.328
USR_04924,17.39,62.9,7.3,0.874,0.47,2,0.236,0.484,0.626,0.856,0.162
USR_04925,32.15,113.2,3.3,0.786,0.699,3,0.777,0.382,0.772,0.501,0.861
USR_04926,29.36,46.1,7.7,0.707,0.439,5,0.525,0.664,0.672,0.572,0.782
USR_04927,25.16,34.2,6.4,0.551,0.417,4,0.568,0.478,0.721,0.795,0.718
USR_04928,8.76,30.4,2.4,0.598,0.245,1,0.371,0.931,0.214,0.753,0.172
USR_04929,19.85,53.9,9.6,0.757,0.236,4,0.711,0.477,0.58,0.617,0.479
USR_04930,13.14,27.0,8.8,0.683,0.33,5,0.653,0.56,0.595,0.791,0.731
USR_04931,22.13,58.0,4.3,0.944,0.266,3,0.292,0.443,0.44,0.915,0.279
USR_04932,26.76,86.3,5.3,0.84,0.325,2,0.906,0.17,0.87,0.209,0.99
USR_04933,30.9,43.8,8.4,0.777,0.261,5,0.547,0.865,0.603,0.578,0.381
USR_04934,26.27,106.2,6.7,0.826,0.772,3,0.564,0.139,0.783,0.772,0.715
USR_04935,30.24,80.7,3.3,0.853,0.674,3,0.595,0.306,0.757,0.549,0.889
USR_04936,5.16,20.7,3.6,0.333,0.209,1,0.411,0.935,0.293,0.605,0.16
USR_04937,12.05,49.6,4.4,0.99,0.391,3,0.24,0.549,0.489,0.899,0.204
USR_04938,9.63,26.3,4.4,0.834,0.267,1,0.397,0.893,0.195,0.578,0.325
USR_04939,19.13,81.0,6.9,0.934,0.353,3,0.313,0.525,0.581,0.834,0.493
USR_04940,34.2,77.0,6.5,0.924,0.424,2,0.851,0.343,0.815,0.396,0.854
USR_04941,19.37,54.8,9.9,0.664,0.467,5,0.595,0.487,0.566,0.71,0.456
USR_04942,5.18,28.7,5.1,0.557,0.392,2,0.437,0.99,0.05,0.62,0.234
USR_04943,17.46,46.3,7.0,0.794,0.325,4,0.428,0.617,0.825,0.696,0.497
USR_04944,21.8,46.9,6.8,0.842,0.377,4,0.252,0.43,0.456,0.734,0.317
USR_04945,26.72,82.0,4.4,0.863,0.764,3,0.664,0.286,0.763,0.303,0.69
USR_04946,24.76,64.1,3.7,0.821,0.545,2,0.788,0.05,0.715,0.296,0.99
USR_04947,19.68,101.8,2.4,0.797,0.67,2,0.749,0.232,0.703,0.399,0.747
USR_04948,34.26,102.6,6.6,0.747,0.775,3,0.814,0.245,0.931,0.48,0.507
USR_04949,5.07,25.4,4.2,0.446,0.371,1,0.211,0.846,0.179,0.491,0.193
USR_04950,23.58,49.1,9.3,0.872,0.438,4,0.621,0.656,0.577,0.8,0.52
USR_04951,32.66,70.2,5.8,0.824,0.335,3,0.868,0.086,0.421,0.246,0.937
USR_04952,21.41,47.2,7.3,0.86,0.26,4,0.492,0.419,0.604,0.807,0.642
USR_04953,20.32,51.2,9.1,0.895,0.424,4,0.275,0.395,0.755,0.868,0.352
USR_04954,7.06,26.7,3.5,0.52,0.419,2,0.134,0.842,0.399,0.554,0.214
USR_04955,21.96,52.8,6.6,0.96,0.429,5,0.63,0.73,0.523,0.767,0.424
USR_04956,29.36,98.8,5.7,0.811,0.816,4,0.907,0.162,0.789,0.587,0.836
USR_04957,16.03,29.2,7.0,0.894,0.4,5,0.635,0.63,0.673,0.68,0.567
USR_04958,17.95,49.3,7.4,0.882,0.281,3,0.293,0.487,0.796,0.866,0.389
USR_04959,8.66,17.4,5.4,0.394,0.154,1,0.253,0.99,0.336,0.73,0.089
USR_04960,24.2,83.2,3.9,0.943,0.708,3,0.644,0.29,0.786,0.588,0.848
USR_04961,13.31,53.2,6.0,0.923,0.488,3,0.565,0.492,0.35,0.935,0.328
USR_04962,18.15,91.6,6.7,0.855,0.509,3,0.729,0.263,0.761,0.282,0.871
USR_04963,6.19,25.3,2.0,0.504,0.327,2,0.088,0.615,0.157,0.652,0.076
USR_04964,16.18,48.3,11.0,0.719,0.296,4,0.544,0.664,0.521,0.613,0.85
USR_04965,22.81,67.5,5.8,0.889,0.542,3,0.948,0.087,0.806,0.131,0.99
USR_04966,17.53,34.1,4.2,0.844,0.394,2,0.872,0.321,0.729,0.205,0.879
USR_04967,18.63,72.7,6.1,0.884,0.59,2,0.745,0.291,0.762,0.229,0.99
USR_04968,25.63,46.8,2.5,0.915,0.479,3,0.99,0.206,0.615,0.333,0.798
USR_04969,21.77,69.9,4.0,0.808,0.492,2,0.902,0.171,0.315,0.409,0.892
USR_04970,17.0,82.9,6.0,0.781,0.534,2,0.76,0.218,0.619,0.456,0.897
USR_04971,19.21,56.4,4.6,0.765,0.397,2,0.964,0.133,0.9,0.3,0.965
USR_04972,15.18,87.9,4.4,0.876,0.764,4,0.888,0.267,0.869,0.2,0.574
USR_04973,15.5,62.8,4.4,0.762,0.395,3,0.99,0.144,0.723,0.381,0.736
USR_04974,21.05,53.9,4.9,0.934,0.214,4,0.179,0.397,0.517,0.961,0.356
USR_04975,6.94,43.8,8.4,0.634,0.313,2,0.21,0.956,0.211,0.842,0.268
USR_04976,21.67,60.9,5.2,0.921,0.324,3,0.357,0.236,0.504,0.853,0.37
USR_04977,5.89,23.4,7.9,0.322,0.179,2,0.119,0.796,0.247,0.732,0.22
USR_04978,4.19,32.8,4.9,0.503,0.236,2,0.154,0.889,0.371,0.649,0.231
USR_04979,15.09,50.3,6.8,0.976,0.43,2,0.5,0.215,0.551,0.97,0.385
USR_04980,11.8,56.1,6.0,0.922,0.369,3,0.337,0.531,0.635,0.922,0.299
USR_04981,26.37,72.2,6.6,0.849,0.475,2,0.85,0.259,0.367,0.056,0.86
USR_04982,22.82,88.6,4.1,0.805,0.555,3,0.843,0.208,0.612,0.301,0.891
USR_04983,12.15,39.8,5.2,0.931,0.445,2,0.401,0.577,0.578,0.944,0.244
USR_04984,6.24,21.4,3.7,0.609,0.401,1,0.289,0.96,0.289,0.498,0.174
USR_04985,28.84,93.5,3.5,0.754,0.695,2,0.883,0.365,0.83,0.508,0.949
USR_04986,10.15,31.8,5.6,0.586,0.478,2,0.05,0.896,0.333,0.632,0.119
USR_04987,27.91,66.0,4.2,0.876,0.649,2,0.778,0.176,0.373,0.322,0.898
USR_04988,17.52,61.8,4.2,0.833,0.408,3,0.369,0.43,0.527,0.852,0.346
USR_04989,8.21,24.7,3.3,0.469,0.05,2,0.338,0.766,0.171,0.653,0.33
USR_04990,23.89,37.1,6.5,0.839,0.476,2,0.904,0.257,0.747,0.207,0.865
USR_04991,6.24,23.3,2.3,0.386,0.288,1,0.202,0.83,0.166,0.706,0.158
USR_04992,18.7,78.3,5.2,0.948,0.788,3,0.856,0.264,0.887,0.273,0.73
USR_04993,14.52,90.6,6.3,0.877,0.477,2,0.878,0.321,0.414,0.326,0.974
USR_04994,19.4,42.7,9.7,0.689,0.291,5,0.514,0.521,0.435,0.669,0.54
USR_04995,4.38,35.3,6.1,0.572,0.578,2,0.305,0.644,0.264,0.788,0.347
USR_04996,21.95,92.1,3.5,0.838,0.551,2,0.806,0.455,0.82,0.395,0.731
USR_04997,19.06,104.8,6.6,0.867,0.405,2,0.954,0.288,0.745,0.388,0.99
USR_04998,21.65,56.1,12.2,0.674,0.399,5,0.831,0.669,0.482,0.588,0.543
USR_04999,17.11,76.3,4.6,0.81,0.354,3,0.909,0.395,0.682,0.125,0.724
USR_05000,23.48,86.4,6.1,0.651,0.449,2,0.724,0.3,0.475,0.152,0.827
USR_05001,27.09,22.3,9.2,0.862,0.179,4,0.841,0.626,0.487,0.551,0.649
USR_05002,17.81,47.5,6.1,0.875,0.431,2,0.345,0.366,0.432,0.909,0.419
USR_05003,22.0,128.2,5.5,0.888,0.815,4,0.782,0.308,0.984,0.31,0.551
USR_05004,4.65,37.8,2.2,0.628,0.495,1,0.371,0.876,0.245,0.7,0.136
USR_05005,25.15,74.9,5.1,0.95,0.41,2,0.91,0.117,0.634,0.4,0.932
USR_05006,22.57,44.9,6.1,0.787,0.628,2,0.979,0.05,0.513,0.261,0.854
USR_05007,24.49,37.7,8.9,0.853,0.381,4,0.646,0.564,0.875,0.608,0.728
USR_05008,17.27,72.8,6.9,0.905,0.686,3,0.911,0.206,0.412,0.05,0.99
USR_05009,32.48,82.5,7.3,0.75,0.303,2,0.955,0.238,0.739,0.352,0.935
USR_05010,15.28,50.5,7.8,0.854,0.329,3,0.376,0.05,0.433,0.882,0.072
USR_05011,17.47,73.1,7.3,0.874,0.357,3,0.214,0.497,0.603,0.789,0.145
USR_05012,27.54,67.0,12.7,0.604,0.371,4,0.483,0.725,0.589,0.849,0.574
USR_05013,10.91,54.7,5.5,0.762,0.507,3,0.363,0.085,0.717,0.926,0.485
USR_05014,40.03,108.8,5.0,0.853,0.808,2,0.793,0.481,0.882,0.476,0.751
USR_05015,14.89,83.3,6.2,0.756,0.819,4,0.886,0.3,0.981,0.334,0.734
USR_05016,27.45,54.0,2.7,0.99,0.314,2,0.36,0.326,0.37,0.99,0.247
USR_05017,35.16,106.4,3.7,0.838,0.641,2,0.908,0.227,0.727,0.176,0.868
USR_05018,14.77,60.6,7.7,0.89,0.291,3,0.339,0.12,0.541,0.908,0.243
USR_05019,17.66,68.4,7.8,0.889,0.295,4,0.431,0.139,0.657,0.824,0.267
USR_05020,28.26,90.0,5.5,0.93,0.71,4,0.762,0.161,0.753,0.544,0.725
USR_05021,23.89,81.9,6.5,0.86,0.466,2,0.99,0.231,0.432,0.169,0.876
USR_05022,14.7,42.0,5.8,0.831,0.287,3,0.343,0.574,0.506,0.939,0.33
USR_05023,22.13,50.8,4.9,0.89,0.597,3,0.67,0.165,0.9,0.3,0.8
USR_05024,18.74,92.7,2.7,0.846,0.615,2,0.805,0.326,0.91,0.46,0.629
USR_05025,9.29,21.8,4.0,0.469,0.238,2,0.235,0.775,0.223,0.756,0.201
USR_05026,19.68,51.6,4.5,0.8,0.567,3,0.439,0.419,0.543,0.889,0.158
USR_05027,18.22,63.6,5.9,0.893,0.411,3,0.449,0.59,0.666,0.99,0.235
USR_05028,20.11,62.2,9.7,0.846,0.459,2,0.848,0.226,0.504,0.343,0.93
USR_05029,14.72,46.4,5.0,0.847,0.229,3,0.292,0.489,0.481,0.858,0.397
USR_05030,22.01,93.3,4.6,0.883,0.937,3,0.867,0.291,0.778,0.332,0.933
USR_05031,26.56,68.7,6.7,0.918,0.279,3,0.233,0.25,0.885,0.844,0.345
USR_05032,16.05,61.8,5.0,0.767,0.416,3,0.282,0.532,0.575,0.99,0.306
USR_05033,21.3,44.1,4.9,0.916,0.631,2,0.779,0.285,0.807,0.309,0.69
USR_05034,5.27,26.3,1.0,0.58,0.301,2,0.259,0.794,0.262,0.626,0.385
USR_05035,14.11,54.8,9.3,0.688,0.456,4,0.816,0.445,0.519,0.668,0.415
USR_05036,23.4,55.0,9.0,0.827,0.622,5,0.569,0.606,0.419,0.635,0.549
USR_05037,16.89,69.2,3.2,0.828,0.184,3,0.864,0.241,0.623,0.206,0.99
USR_05038,28.98,124.7,5.3,0.917,0.769,3,0.6,0.196,0.818,0.438,0.806
USR_05039,34.55,83.8,6.2,0.976,0.369,3,0.768,0.103,0.565,0.392,0.99
USR_05040,6.82,21.8,4.1,0.503,0.47,1,0.336,0.839,0.081,0.454,0.05
USR_05041,11.36,29.0,5.0,0.451,0.278,1,0.162,0.883,0.141,0.764,0.089
USR_05042,12.7,102.1,4.5,0.838,0.742,4,0.85,0.294,0.75,0.557,0.664
USR_05043,25.81,81.8,4.6,0.98,0.729,3,0.689,0.138,0.765,0.438,0.809
USR_05044,24.69,42.2,5.4,0.691,0.732,3,0.782,0.283,0.88,0.255,0.865
USR_05045,22.62,77.1,6.4,0.99,0.402,3,0.828,0.304,0.361,0.144,0.976
USR_05046,25.59,95.6,4.3,0.945,0.616,3,0.853,0.262,0.99,0.306,0.99
USR_05047,19.06,145.8,7.0,0.767,0.822,2,0.658,0.272,0.83,0.343,0.654
USR_05048,7.75,32.3,4.5,0.461,0.141,1,0.117,0.862,0.242,0.671,0.089
USR_05049,26.12,109.8,4.3,0.794,0.71,3,0.95,0.53,0.98,0.359,0.825
USR_05050,33.3,64.6,4.1,0.855,0.473,3,0.65,0.171,0.742,0.3,0.581
USR_05051,18.52,40.8,10.2,0.827,0.6,4,0.723,0.253,0.525,0.795,0.394
USR_05052,20.58,54.5,5.6,0.866,0.271,3,0.475,0.589,0.499,0.834,0.312
USR_05053,6.94,19.3,5.2,0.313,0.408,2,0.342,0.878,0.145,0.623,0.139
USR_05054,18.13,44.7,4.8,0.99,0.436,3,0.394,0.657,0.485,0.959,0.278
USR_05055,26.41,88.9,6.0,0.914,0.431,2,0.854,0.192,0.869,0.157,0.971
USR_05056,28.87,64.8,6.6,0.719,0.709,3,0.795,0.281,0.615,0.345,0.894
USR_05057,21.53,57.8,6.2,0.884,0.237,4,0.479,0.487,0.546,0.827,0.408
USR_05058,6.75,36.1,5.0,0.564,0.201,1,0.2,0.849,0.05,0.699,0.05
USR_05059,12.67,47.4,4.2,0.905,0.372,3,0.158,0.432,0.478,0.922,0.302
USR_05060,21.9,76.5,2.9,0.956,0.531,2,0.944,0.298,0.757,0.336,0.864
USR_05061,9.04,90.1,6.1,0.782,0.411,2,0.79,0.153,0.763,0.238,0.883
USR_05062,6.62,20.6,1.6,0.564,0.454,1,0.279,0.869,0.151,0.473,0.189
USR_05063,5.54,16.8,3.8,0.613,0.399,2,0.237,0.929,0.28,0.6,0.135
USR_05064,22.96,117.4,4.9,0.864,0.715,3,0.932,0.187,0.764,0.05,0.538
USR_05065,23.25,91.8,4.1,0.766,0.669,2,0.843,0.298,0.788,0.403,0.816
USR_05066,23.41,39.4,7.8,0.731,0.467,4,0.497,0.567,0.77,0.765,0.483
USR_05067,2.8,17.5,5.2,0.764,0.326,1,0.166,0.853,0.383,0.386,0.18
USR_05068,17.99,106.9,5.6,0.854,0.809,3,0.481,0.459,0.789,0.144,0.757
USR_05069,22.13,37.9,4.6,0.893,0.22,4,0.259,0.409,0.56,0.99,0.131
USR_05070,24.01,64.4,4.9,0.782,0.661,3,0.637,0.198,0.99,0.477,0.82
USR_05071,18.92,93.2,7.1,0.721,0.443,2,0.88,0.248,0.626,0.355,0.99
USR_05072,9.52,26.4,3.7,0.634,0.345,1,0.122,0.982,0.205,0.95,0.473
USR_05073,20.81,72.0,9.0,0.944,0.205,4,0.553,0.661,0.643,0.72,0.643
USR_05074,18.8,41.1,6.2,0.99,0.539,4,0.673,0.545,0.803,0.843,0.335
USR_05075,22.11,34.9,7.0,0.813,0.278,3,0.434,0.482,0.643,0.855,0.419
USR_05076,31.81,76.6,2.7,0.891,0.734,3,0.573,0.388,0.753,0.72,0.687
USR_05077,13.3,71.6,8.3,0.724,0.496,4,0.568,0.638,0.814,0.735,0.752
USR_05078,30.48,101.0,5.0,0.853,0.918,3,0.602,0.297,0.99,0.543,0.625
USR_05079,34.58,99.0,6.0,0.99,0.627,3,0.933,0.417,0.71,0.506,0.737
USR_05080,9.74,44.2,3.9,0.861,0.552,3,0.969,0.27,0.426,0.416,0.923
USR_05081,18.79,68.6,7.2,0.859,0.585,3,0.99,0.05,0.678,0.324,0.99
USR_05082,26.88,91.1,5.7,0.89,0.479,3,0.691,0.313,0.508,0.279,0.869
USR_05083,5.73,23.0,2.8,0.57,0.316,2,0.373,0.676,0.088,0.95,0.26
USR_05084,24.01,30.8,8.7,0.703,0.4,4,0.641,0.578,0.676,0.595,0.643
USR_05085,17.97,41.1,8.8,0.712,0.533,5,0.737,0.247,0.902,0.778,0.53
USR_05086,28.69,101.4,4.2,0.801,0.704,3,0.955,0.488,0.656,0.42,0.724
USR_05087,4.32,25.9,5.4,0.328,0.18,1,0.21,0.874,0.28,0.617,0.268
USR_05088,17.68,78.5,3.5,0.905,0.462,3,0.922,0.084,0.714,0.05,0.986
USR_05089,3.92,42.5,2.8,0.762,0.363,1,0.495,0.705,0.193,0.915,0.2
USR_05090,23.05,88.7,7.7,0.721,0.433,3,0.869,0.288,0.778,0.282,0.96
USR_05091,22.33,86.2,4.2,0.793,0.457,3,0.736,0.333,0.668,0.29,0.871
USR_05092,19.98,105.2,4.3,0.916,0.778,2,0.496,0.342,0.74,0.446,0.622
USR_05093,24.89,95.1,7.3,0.867,0.378,2,0.835,0.284,0.763,0.388,0.928
USR_05094,7.56,20.7,4.2,0.521,0.297,1,0.05,0.954,0.446,0.768,0.077
USR_05095,16.73,46.4,7.9,0.941,0.354,5,0.668,0.836,0.619,0.819,0.588
USR_05096,14.79,60.0,4.7,0.786,0.292,4,0.261,0.567,0.42,0.956,0.229
USR_05097,26.27,103.2,8.3,0.902,0.266,3,0.842,0.121,0.654,0.377,0.974
USR_05098,14.43,43.0,9.4,0.648,0.34,5,0.824,0.715,0.845,0.768,0.609
USR_05099,8.41,17.6,4.8,0.646,0.306,1,0.256,0.815,0.254,0.725,0.327
USR_05100,4.79,14.4,6.3,0.475,0.481,2,0.399,0.736,0.423,0.559,0.173
USR_05101,22.26,59.5,7.0,0.841,0.447,2,0.897,0.129,0.58,0.347,0.97
USR_05102,27.08,60.7,7.4,0.903,0.55,2,0.722,0.308,0.618,0.336,0.901
USR_05103,9.32,30.6,2.7,0.458,0.354,1,0.369,0.99,0.248,0.763,0.083
USR_05104,1.72,32.0,6.0,0.572,0.336,2,0.268,0.655,0.194,0.56,0.079
USR_05105,20.79,58.5,10.4,0.865,0.39,4,0.578,0.787,0.615,0.842,0.595
USR_05106,36.69,68.7,6.6,0.743,0.46,2,0.801,0.24,0.457,0.445,0.904
USR_05107,29.96,99.7,4.1,0.866,0.628,3,0.88,0.178,0.99,0.309,0.565
USR_05108,12.6,40.0,8.2,0.817,0.405,4,0.784,0.721,0.65,0.545,0.595
USR_05109,17.8,71.4,6.0,0.863,0.479,3,0.919,0.335,0.636,0.138,0.852
USR_05110,20.2,84.1,6.9,0.826,0.415,3,0.809,0.345,0.652,0.05,0.883
USR_05111,23.65,59.2,9.2,0.674,0.429,4,0.475,0.766,0.586,0.694,0.437
USR_05112,13.05,47.0,3.1,0.856,0.307,3,0.219,0.455,0.607,0.803,0.268
USR_05113,35.48,44.5,4.9,0.815,0.605,2,0.815,0.389,0.721,0.289,0.99
USR_05114,4.82,34.8,4.8,0.603,0.363,1,0.322,0.93,0.37,0.741,0.235
USR_05115,9.1,31.9,3.8,0.556,0.4,2,0.226,0.734,0.09,0.67,0.09
USR_05116,23.39,71.6,5.5,0.935,0.356,3,0.263,0.231,0.575,0.957,0.404
USR_05117,7.12,26.4,6.4,0.679,0.41,2,0.197,0.817,0.149,0.735,0.192
USR_05118,13.09,50.4,7.4,0.853,0.364,3,0.229,0.313,0.748,0.99,0.287
USR_05119,23.85,101.0,3.3,0.868,0.407,2,0.833,0.502,0.745,0.228,0.926
USR_05120,16.45,41.0,8.2,0.696,0.459,5,0.737,0.677,0.69,0.48,0.695
USR_05121,19.13,65.3,5.3,0.844,0.448,4,0.424,0.657,0.875,0.985,0.384
USR_05122,28.51,96.8,4.1,0.905,0.671,2,0.781,0.229,0.854,0.492,0.797
USR_05123,24.16,64.0,8.9,0.667,0.392,4,0.789,0.426,0.716,0.918,0.654
USR_05124,22.07,69.8,10.9,0.656,0.434,4,0.752,0.851,0.658,0.649,0.388
USR_05125,20.24,59.1,8.4,0.678,0.604,4,0.793,0.718,0.579,0.73,0.276
USR_05126,26.23,54.0,5.9,0.876,0.374,2,0.498,0.263,0.55,0.839,0.428
USR_05127,22.62,103.3,3.1,0.99,0.716,3,0.781,0.226,0.99,0.296,0.82
USR_05128,19.48,31.6,8.7,0.71,0.504,4,0.432,0.462,0.771,0.778,0.28
USR_05129,22.31,116.2,2.8,0.776,0.93,3,0.779,0.474,0.703,0.284,0.857
USR_05130,21.97,37.0,10.9,0.815,0.332,4,0.591,0.779,0.804,0.686,0.547
USR_05131,18.02,32.2,6.8,0.909,0.381,3,0.274,0.431,0.9,0.787,0.272
USR_05132,11.48,22.8,4.5,0.428,0.393,1,0.272,0.909,0.201,0.759,0.145
USR_05133,25.75,95.7,5.0,0.84,0.829,3,0.945,0.215,0.809,0.514,0.859
USR_05134,19.09,54.1,7.6,0.852,0.207,3,0.256,0.263,0.558,0.85,0.43
USR_05135,16.15,57.9,6.1,0.788,0.33,4,0.227,0.657,0.606,0.811,0.376
USR_05136,28.37,83.5,4.9,0.869,0.642,2,0.673,0.253,0.86,0.548,0.616
USR_05137,15.95,33.8,7.2,0.918,0.405,4,0.87,0.601,0.65,0.513,0.568
USR_05138,19.45,112.3,4.3,0.922,0.698,4,0.924,0.165,0.86,0.265,0.79
USR_05139,6.78,36.8,5.8,0.727,0.604,2,0.316,0.699,0.459,0.649,0.208
USR_05140,19.81,94.3,6.4,0.768,0.361,3,0.888,0.115,0.55,0.05,0.969
USR_05141,29.31,60.6,8.4,0.62,0.374,5,0.594,0.603,0.749,0.734,0.793
USR_05142,16.03,59.5,5.1,0.908,0.213,2,0.427,0.42,0.887,0.99,0.253
USR_05143,9.64,21.0,4.7,0.544,0.317,1,0.388,0.976,0.252,0.785,0.149
USR_05144,24.03,66.9,3.8,0.853,0.863,2,0.99,0.197,0.962,0.333,0.916
USR_05145,9.55,32.4,3.8,0.529,0.22,3,0.05,0.87,0.238,0.687,0.209
USR_05146,26.26,108.8,7.0,0.801,0.472,2,0.71,0.157,0.713,0.24,0.811
USR_05147,25.85,92.2,4.3,0.907,0.712,3,0.711,0.263,0.672,0.512,0.517
USR_05148,19.11,47.3,7.2,0.914,0.468,3,0.216,0.624,0.495,0.894,0.325
USR_05149,16.93,70.7,4.6,0.773,0.456,3,0.952,0.181,0.633,0.321,0.99
USR_05150,23.34,70.8,10.2,0.868,0.292,5,0.798,0.721,0.805,0.651,0.302
USR_05151,27.88,130.6,2.5,0.864,0.669,2,0.843,0.065,0.784,0.523,0.554
USR_05152,22.39,34.6,7.6,0.787,0.44,5,0.586,0.522,0.873,0.742,0.9
USR_05153,29.1,116.3,3.6,0.823,0.93,2,0.762,0.129,0.776,0.273,0.66
USR_05154,5.81,25.9,6.1,0.412,0.391,2,0.227,0.723,0.383,0.713,0.38
USR_05155,33.34,121.7,4.5,0.899,0.874,3,0.705,0.191,0.877,0.28,0.706
USR_05156,21.14,46.0,5.6,0.883,0.342,3,0.422,0.322,0.412,0.9,0.22
USR_05157,23.02,74.3,5.9,0.848,0.444,3,0.783,0.264,0.496,0.38,0.99
USR_05158,15.04,70.6,2.9,0.787,0.685,3,0.722,0.282,0.912,0.304,0.656
USR_05159,10.43,23.2,3.4,0.664,0.245,1,0.283,0.7,0.249,0.705,0.164
USR_05160,23.12,94.4,4.3,0.99,0.711,2,0.734,0.509,0.948,0.609,0.723
USR_05161,16.94,44.6,12.0,0.544,0.517,5,0.669,0.516,0.667,0.95,0.754
USR_05162,7.41,37.6,3.3,0.779,0.362,1,0.411,0.857,0.275,0.788,0.24
USR_05163,18.45,47.2,4.0,0.791,0.53,4,0.95,0.602,0.52,0.81,0.529
USR_05164,16.24,68.1,6.7,0.786,0.668,2,0.99,0.333,0.664,0.427,0.894
USR_05165,33.98,32.8,9.5,0.781,0.258,4,0.604,0.591,0.95,0.891,0.627
USR_05166,24.4,33.8,8.1,0.664,0.554,5,0.86,0.513,0.674,0.522,0.545
USR_05167,24.74,107.2,4.9,0.858,0.891,4,0.424,0.173,0.919,0.418,0.672
USR_05168,14.38,97.5,5.7,0.768,0.812,3,0.86,0.329,0.793,0.514,0.967
USR_05169,9.42,24.2,5.6,0.347,0.061,2,0.35,0.809,0.217,0.669,0.207
USR_05170,18.39,49.7,3.4,0.932,0.342,3,0.257,0.422,0.462,0.99,0.158
USR_05171,19.37,70.4,7.5,0.914,0.292,3,0.443,0.3,0.668,0.875,0.373
USR_05172,26.24,119.0,3.4,0.903,0.628,4,0.891,0.289,0.808,0.565,0.55
USR_05173,7.2,28.8,3.3,0.542,0.486,2,0.264,0.85,0.202,0.483,0.264
USR_05174,15.43,63.5,8.4,0.74,0.532,5,0.861,0.531,0.858,0.634,0.493
USR_05175,16.86,53.1,5.4,0.883,0.212,4,0.459,0.622,0.657,0.873,0.234
USR_05176,18.84,58.3,5.7,0.769,0.722,2,0.87,0.363,0.771,0.222,0.99
USR_05177,2.7,34.7,5.0,0.73,0.292,1,0.534,0.801,0.186,0.524,0.278
USR_05178,18.33,82.6,7.7,0.841,0.388,2,0.928,0.329,0.464,0.32,0.922
USR_05179,23.53,48.2,6.9,0.735,0.448,5,0.776,0.733,0.71,0.574,0.702
USR_05180,4.95,46.1,5.4,0.562,0.092,2,0.239,0.819,0.318,0.781,0.125
USR_05181,8.94,61.2,8.9,0.721,0.439,5,0.684,0.566,0.72,0.705,0.745
USR_05182,35.37,80.3,7.4,0.949,0.572,3,0.786,0.256,0.427,0.449,0.83
USR_05183,11.85,46.5,11.7,0.851,0.57,5,0.533,0.758,0.69,0.95,0.656
USR_05184,17.38,47.9,5.6,0.849,0.32,2,0.285,0.283,0.512,0.704,0.388
USR_05185,18.56,50.8,9.2,0.724,0.33,4,0.777,0.42,0.491,0.578,0.383
USR_05186,12.22,38.9,8.0,0.751,0.409,4,0.761,0.495,0.651,0.826,0.762
USR_05187,18.29,37.9,10.2,0.685,0.577,5,0.744,0.585,0.702,0.618,0.545
USR_05188,23.24,104.2,3.4,0.944,0.831,2,0.848,0.361,0.886,0.337,0.644
USR_05189,10.25,37.1,9.3,0.638,0.605,4,0.756,0.538,0.706,0.601,0.726
USR_05190,16.94,61.1,6.9,0.834,0.582,4,0.691,0.589,0.567,0.67,0.723
USR_05191,10.48,78.9,8.8,0.931,0.191,3,0.896,0.171,0.587,0.441,0.964
USR_05192,6.56,25.7,4.9,0.404,0.243,2,0.502,0.763,0.114,0.69,0.119
USR_05193,23.49,56.9,7.9,0.719,0.47,4,0.506,0.44,0.573,0.749,0.556
USR_05194,14.4,22.7,9.7,0.594,0.823,5,0.36,0.84,0.746,0.753,0.665
USR_05195,25.3,115.7,6.1,0.711,0.727,3,0.611,0.461,0.71,0.362,0.531
USR_05196,27.4,111.0,4.2,0.876,0.761,2,0.881,0.337,0.835,0.441,0.62
USR_05197,17.06,46.1,5.5,0.705,0.275,5,0.603,0.334,0.811,0.606,0.614
USR_05198,26.27,105.7,3.7,0.835,0.837,3,0.943,0.339,0.795,0.261,0.613
USR_05199,25.52,44.7,8.2,0.855,0.399,4,0.702,0.853,0.62,0.588,0.554
USR_05200,12.88,55.0,4.5,0.859,0.189,2,0.443,0.524,0.597,0.887,0.39
USR_05201,21.53,23.2,11.6,0.624,0.599,4,0.624,0.503,0.601,0.485,0.573
USR_05202,18.03,60.8,8.6,0.596,0.252,5,0.53,0.584,0.785,0.865,0.682
USR_05203,17.86,52.7,9.0,0.798,0.276,4,0.802,0.772,0.622,0.628,0.679
USR_05204,18.98,58.0,5.6,0.99,0.377,3,0.663,0.468,0.838,0.85,0.217
USR_05205,17.62,69.9,6.4,0.821,0.429,2,0.884,0.27,0.453,0.578,0.845
USR_05206,4.86,30.8,6.0,0.435,0.139,1,0.447,0.947,0.392,0.824,0.251
USR_05207,26.29,61.8,6.1,0.757,0.698,4,0.721,0.179,0.764,0.05,0.99
USR_05208,29.05,173.5,2.0,0.981,0.711,2,0.814,0.094,0.787,0.455,0.604
USR_05209,4.05,21.4,6.1,0.26,0.123,2,0.057,0.801,0.107,0.83,0.216
USR_05210,17.84,58.0,3.5,0.903,0.324,2,0.456,0.256,0.39,0.836,0.364
USR_05211,20.88,31.4,7.3,0.668,0.398,5,0.479,0.717,0.452,0.7,0.334
USR_05212,17.78,80.1,5.4,0.92,0.319,2,0.182,0.328,0.516,0.906,0.223
USR_05213,22.83,68.9,4.6,0.895,0.589,2,0.836,0.133,0.613,0.198,0.891
USR_05214,3.57,26.8,2.3,0.552,0.2,1,0.14,0.99,0.214,0.837,0.276
USR_05215,24.56,29.9,7.2,0.695,0.45,4,0.877,0.419,0.752,0.517,0.374
USR_05216,10.1,28.4,5.2,0.746,0.402,2,0.36,0.861,0.218,0.735,0.345
USR_05217,22.42,86.2,5.1,0.832,0.456,2,0.845,0.192,0.402,0.408,0.99
USR_05218,10.27,22.6,2.0,0.582,0.454,2,0.249,0.662,0.21,0.755,0.465
USR_05219,28.32,116.8,6.9,0.932,0.765,3,0.905,0.492,0.766,0.23,0.648
USR_05220,22.93,125.9,6.2,0.855,0.683,3,0.746,0.452,0.835,0.657,0.831
USR_05221,25.29,82.1,3.7,0.869,0.779,3,0.677,0.295,0.684,0.333,0.747
USR_05222,21.61,63.9,7.7,0.767,0.425,2,0.876,0.336,0.455,0.275,0.953
USR_05223,24.26,93.4,4.3,0.844,0.756,4,0.726,0.39,0.786,0.328,0.58
USR_05224,16.64,45.2,3.6,0.914,0.418,2,0.391,0.38,0.689,0.895,0.396
USR_05225,14.3,41.1,8.9,0.757,0.453,4,0.763,0.495,0.66,0.819,0.586
USR_05226,25.87,112.3,2.8,0.844,0.724,3,0.772,0.181,0.704,0.32,0.866
USR_05227,7.99,13.7,2.3,0.637,0.251,1,0.211,0.86,0.05,0.799,0.267
USR_05228,17.01,41.6,6.0,0.943,0.281,4,0.352,0.225,0.442,0.768,0.096
USR_05229,23.84,135.6,5.8,0.847,0.828,2,0.632,0.303,0.825,0.53,0.659
USR_05230,21.84,60.6,5.6,0.912,0.628,2,0.99,0.282,0.613,0.26,0.953
USR_05231,22.25,55.9,6.8,0.855,0.413,3,0.394,0.592,0.522,0.984,0.094
USR_05232,7.13,20.3,1.7,0.593,0.335,1,0.313,0.99,0.135,0.769,0.164
USR_05233,10.07,17.8,3.9,0.57,0.26,1,0.162,0.913,0.143,0.458,0.05
USR_05234,29.03,98.9,5.3,0.946,0.735,2,0.555,0.241,0.676,0.409,0.884
USR_05235,5.4,32.4,1.7,0.747,0.334,1,0.178,0.886,0.135,0.727,0.059
USR_05236,6.55,28.8,2.7,0.65,0.407,1,0.164,0.923,0.102,0.737,0.161
USR_05237,19.36,63.3,7.1,0.956,0.407,3,0.236,0.281,0.497,0.917,0.389
USR_05238,9.3,28.4,5.5,0.548,0.683,2,0.316,0.787,0.232,0.937,0.281
USR_05239,25.26,87.5,5.1,0.785,0.698,3,0.394,0.487,0.833,0.525,0.733
USR_05240,24.11,100.4,5.4,0.856,0.742,2,0.797,0.192,0.625,0.264,0.594
USR_05241,12.61,40.5,7.9,0.924,0.486,2,0.191,0.654,0.652,0.917,0.493
USR_05242,5.89,21.3,2.0,0.255,0.119,3,0.382,0.576,0.204,0.696,0.145
USR_05243,6.91,35.8,6.3,0.426,0.492,1,0.362,0.902,0.191,0.747,0.191
USR_05244,20.72,48.2,9.4,0.964,0.427,4,0.574,0.662,0.71,0.494,0.564
USR_05245,22.92,43.0,8.1,0.946,0.577,3,0.903,0.214,0.652,0.399,0.99
USR_05246,29.06,102.1,3.9,0.841,0.695,3,0.747,0.334,0.824,0.23,0.657
USR_05247,21.95,66.2,6.6,0.913,0.446,2,0.229,0.421,0.857,0.887,0.44
USR_05248,15.78,76.5,6.4,0.841,0.716,4,0.744,0.311,0.682,0.371,0.99
USR_05249,6.6,18.5,3.1,0.45,0.347,3,0.301,0.83,0.251,0.73,0.321
USR_05250,7.7,42.0,6.8,0.878,0.223,4,0.533,0.381,0.585,0.933,0.289
USR_05251,8.24,28.5,5.2,0.829,0.338,3,0.107,0.768,0.451,0.616,0.256
USR_05252,7.53,22.7,4.0,0.575,0.666,2,0.336,0.879,0.171,0.564,0.36
USR_05253,3.87,16.6,4.7,0.588,0.265,2,0.134,0.904,0.128,0.754,0.188
USR_05254,15.51,47.4,6.9,0.794,0.306,2,0.422,0.299,0.412,0.827,0.214
USR_05255,14.81,45.2,5.1,0.768,0.306,3,0.435,0.492,0.421,0.934,0.343
USR_05256,4.89,28.3,4.4,0.373,0.285,1,0.293,0.851,0.132,0.768,0.099
USR_05257,15.84,33.2,10.7,0.521,0.228,5,0.659,0.794,0.582,0.468,0.712
USR_05258,17.94,38.9,9.5,0.768,0.434,4,0.512,0.639,0.478,0.56,0.514
USR_05259,33.74,146.8,3.1,0.909,0.699,3,0.874,0.353,0.591,0.515,0.58
USR_05260,7.16,32.7,4.2,0.678,0.216,2,0.087,0.99,0.254,0.767,0.083
USR_05261,12.96,52.8,5.7,0.777,0.393,2,0.296,0.426,0.268,0.91,0.388
USR_05262,7.57,25.0,4.4,0.487,0.459,1,0.201,0.845,0.064,0.743,0.114
USR_05263,46.23,76.6,4.0,0.856,0.598,3,0.905,0.254,0.859,0.627,0.653
USR_05264,6.65,25.3,3.6,0.679,0.293,2,0.282,0.906,0.191,0.885,0.27
USR_05265,13.59,47.1,7.3,0.889,0.391,5,0.724,0.788,0.638,0.519,0.617
USR_05266,14.19,35.7,4.9,0.87,0.504,2,0.444,0.246,0.374,0.853,0.55
USR_05267,21.84,56.0,4.4,0.856,0.468,2,0.383,0.645,0.462,0.972,0.467
USR_05268,6.86,31.7,3.5,0.691,0.418,1,0.4,0.693,0.118,0.703,0.115
USR_05269,28.74,97.8,5.0,0.867,0.674,2,0.78,0.189,0.688,0.708,0.744
USR_05270,12.29,44.9,10.0,0.474,0.377,5,0.657,0.591,0.667,0.694,0.353
USR_05271,6.4,21.8,1.6,0.478,0.23,1,0.103,0.933,0.198,0.773,0.093
USR_05272,23.58,125.1,3.9,0.841,0.673,4,0.691,0.264,0.735,0.552,0.73
USR_05273,33.97,64.7,7.3,0.924,0.582,2,0.893,0.194,0.566,0.276,0.863
USR_05274,27.84,91.3,4.8,0.938,0.817,4,0.784,0.337,0.719,0.369,0.724
USR_05275,20.56,102.5,4.0,0.872,0.833,3,0.727,0.387,0.858,0.444,0.961
USR_05276,19.56,64.5,6.3,0.903,0.428,3,0.455,0.235,0.495,0.92,0.59
USR_05277,24.56,82.4,7.5,0.893,0.59,3,0.879,0.273,0.55,0.215,0.805
USR_05278,26.54,62.2,11.1,0.762,0.279,4,0.735,0.598,0.518,0.627,0.626
USR_05279,18.06,47.9,7.9,0.763,0.458,5,0.579,0.748,0.601,0.735,0.405
USR_05280,4.71,23.2,5.2,0.564,0.347,1,0.207,0.897,0.085,0.925,0.126
USR_05281,23.42,48.5,8.6,0.738,0.602,5,0.41,0.393,0.83,0.95,0.793
USR_05282,9.13,17.0,6.6,0.732,0.28,2,0.332,0.777,0.239,0.831,0.17
USR_05283,25.06,91.4,3.3,0.739,0.862,2,0.696,0.401,0.771,0.297,0.532
USR_05284,4.85,30.1,6.0,0.483,0.183,1,0.355,0.818,0.05,0.592,0.277
USR_05285,19.22,101.4,3.3,0.99,0.743,4,0.736,0.314,0.81,0.457,0.66
USR_05286,7.62,38.5,5.9,0.596,0.453,1,0.238,0.832,0.079,0.221,0.173
USR_05287,17.08,53.8,5.2,0.841,0.346,3,0.463,0.608,0.458,0.968,0.274
USR_05288,34.15,112.7,3.2,0.878,0.537,3,0.688,0.32,0.87,0.655,0.695
USR_05289,27.41,72.0,6.6,0.741,0.561,2,0.763,0.287,0.662,0.357,0.907
USR_05290,21.93,52.0,7.1,0.777,0.563,5,0.426,0.391,0.538,0.767,0.517
USR_05291,16.33,47.5,9.6,0.793,0.309,4,0.39,0.767,0.889,0.854,0.624
USR_05292,20.31,53.7,11.5,0.65,0.511,4,0.645,0.782,0.632,0.77,0.673
USR_05293,19.03,54.6,5.8,0.847,0.465,3,0.344,0.531,0.531,0.906,0.43
USR_05294,6.84,13.1,3.2,0.466,0.246,2,0.465,0.8,0.333,0.869,0.236
USR_05295,26.1,45.8,7.1,0.816,0.467,5,0.651,0.54,0.63,0.756,0.596
USR_05296,1.0,22.4,4.5,0.453,0.429,1,0.393,0.85,0.095,0.67,0.299
USR_05297,25.7,102.1,4.4,0.808,0.735,3,0.766,0.413,0.695,0.377,0.882
USR_05298,31.0,82.4,5.5,0.67,0.668,3,0.669,0.293,0.81,0.35,0.752
USR_05299,19.96,62.6,7.0,0.845,0.567,4,0.39,0.627,0.529,0.812,0.53
USR_05300,26.2,74.2,3.0,0.756,0.886,2,0.877,0.43,0.771,0.323,0.464
USR_05301,19.0,81.4,6.9,0.98,0.643,3,0.818,0.228,0.584,0.271,0.958
USR_05302,21.49,44.2,9.4,0.691,0.311,4,0.838,0.731,0.499,0.637,0.575
USR_05303,5.98,20.8,7.0,0.626,0.219,1,0.353,0.907,0.25,0.746,0.323
USR_05304,28.5,89.0,5.4,0.925,0.403,2,0.754,0.151,0.486,0.135,0.896
USR_05305,21.1,56.1,8.8,0.921,0.371,5,0.709,0.405,0.568,0.719,0.638
USR_05306,2.95,18.9,2.2,0.774,0.202,1,0.32,0.881,0.226,0.706,0.112
USR_05307,19.07,101.4,4.9,0.854,0.821,3,0.631,0.224,0.858,0.413,0.782
USR_05308,13.95,46.7,6.0,0.978,0.332,4,0.354,0.37,0.725,0.915,0.25
USR_05309,22.78,43.7,5.2,0.941,0.342,4,0.416,0.305,0.676,0.906,0.206
USR_05310,36.03,108.4,5.0,0.945,0.773,4,0.696,0.406,0.729,0.482,0.833
USR_05311,9.25,24.6,4.9,0.786,0.381,2,0.278,0.861,0.181,0.71,0.064
USR_05312,19.04,69.7,8.8,0.945,0.472,4,0.296,0.49,0.446,0.871,0.406
USR_05313,1.0,28.0,1.7,0.493,0.429,1,0.269,0.916,0.099,0.701,0.159
USR_05314,30.01,87.6,7.2,0.831,0.573,2,0.837,0.174,0.715,0.247,0.931
USR_05315,33.02,75.7,4.0,0.936,0.536,2,0.971,0.071,0.703,0.471,0.956
USR_05316,24.64,113.5,5.5,0.76,0.922,3,0.917,0.159,0.775,0.449,0.638
USR_05317,17.71,46.8,6.7,0.826,0.315,2,0.227,0.359,0.584,0.977,0.424
USR_05318,28.42,57.3,8.8,0.679,0.353,4,0.652,0.543,0.491,0.587,0.733
USR_05319,22.0,70.0,5.1,0.935,0.33,3,0.595,0.349,0.447,0.864,0.466
USR_05320,19.78,60.6,4.5,0.911,0.324,2,0.371,0.501,0.585,0.844,0.437
USR_05321,8.78,19.5,2.5,0.783,0.264,2,0.284,0.99,0.363,0.702,0.138
USR_05322,9.94,21.0,3.6,0.524,0.173,2,0.136,0.806,0.272,0.42,0.295
USR_05323,15.83,115.1,3.8,0.835,0.95,3,0.816,0.05,0.776,0.526,0.755
USR_05324,25.82,44.9,10.3,0.729,0.224,4,0.476,0.797,0.621,0.58,0.656
USR_05325,28.31,67.1,4.6,0.962,0.462,3,0.829,0.236,0.478,0.554,0.931
USR_05326,20.81,26.5,4.0,0.628,0.569,5,0.595,0.808,0.813,0.561,0.297
USR_05327,6.42,32.9,4.7,0.614,0.359,3,0.306,0.99,0.176,0.77,0.115
USR_05328,19.14,46.9,10.9,0.95,0.686,4,0.72,0.663,0.672,0.917,0.612
USR_05329,18.65,59.9,5.0,0.946,0.541,2,0.831,0.302,0.9,0.301,0.869
USR_05330,32.94,80.6,7.2,0.76,0.483,3,0.828,0.291,0.664,0.355,0.868
USR_05331,25.68,58.7,6.0,0.775,0.294,2,0.881,0.05,0.583,0.258,0.889
USR_05332,22.27,105.9,7.9,0.912,0.369,2,0.99,0.079,0.464,0.129,0.976
USR_05333,9.96,64.0,5.2,0.882,0.298,3,0.192,0.295,0.53,0.883,0.081
USR_05334,19.85,47.5,10.7,0.989,0.245,4,0.616,0.849,0.686,0.689,0.42
USR_05335,19.09,38.2,3.5,0.927,0.792,2,0.753,0.385,0.817,0.55,0.99
USR_05336,22.68,87.7,3.1,0.907,0.735,3,0.743,0.212,0.613,0.57,0.922
USR_05337,23.75,51.8,5.4,0.872,0.349,3,0.81,0.256,0.535,0.269,0.965
USR_05338,23.39,37.2,8.5,0.969,0.633,4,0.524,0.566,0.634,0.616,0.585
USR_05339,1.0,16.0,1.4,0.406,0.527,1,0.095,0.848,0.05,0.866,0.396
USR_05340,10.04,32.8,5.0,0.57,0.155,1,0.197,0.884,0.068,0.777,0.077
USR_05341,19.49,50.7,6.0,0.939,0.237,2,0.502,0.34,0.674,0.83,0.403
USR_05342,9.03,16.3,6.8,0.736,0.262,1,0.156,0.886,0.229,0.829,0.165
USR_05343,14.08,59.1,6.7,0.832,0.31,4,0.179,0.727,0.517,0.894,0.253
USR_05344,14.5,41.4,5.7,0.889,0.253,3,0.521,0.414,0.439,0.99,0.307
USR_05345,15.93,41.7,5.7,0.929,0.348,4,0.449,0.453,0.672,0.814,0.378
USR_05346,19.69,24.8,5.0,0.777,0.557,5,0.691,0.686,0.612,0.838,0.813
USR_05347,2.52,26.7,6.2,0.764,0.168,1,0.229,0.819,0.327,0.762,0.209
USR_05348,9.93,60.0,7.5,0.946,0.396,3,0.235,0.361,0.649,0.903,0.288
USR_05349,27.04,72.7,6.2,0.762,0.342,3,0.78,0.187,0.483,0.181,0.855
USR_05350,15.72,53.4,5.9,0.745,0.332,3,0.885,0.203,0.574,0.291,0.88
USR_05351,15.22,84.0,4.4,0.853,0.759,3,0.613,0.094,0.985,0.587,0.683
USR_05352,17.82,55.4,5.9,0.578,0.503,5,0.526,0.586,0.683,0.672,0.282
USR_05353,22.14,104.4,4.1,0.721,0.834,2,0.911,0.289,0.745,0.529,0.684
USR_05354,16.17,49.8,8.4,0.656,0.495,5,0.717,0.866,0.818,0.688,0.615
USR_05355,19.43,67.2,9.6,0.672,0.524,4,0.818,0.477,0.689,0.535,0.625
USR_05356,23.99,41.8,9.1,0.814,0.544,4,0.579,0.56,0.608,0.706,0.452
USR_05357,16.85,83.1,5.5,0.827,0.66,3,0.902,0.277,0.818,0.286,0.839
USR_05358,3.33,27.3,4.3,0.522,0.246,2,0.342,0.721,0.176,0.785,0.05
USR_05359,6.88,18.1,2.4,0.419,0.411,2,0.287,0.959,0.361,0.437,0.25
USR_05360,23.71,16.7,6.3,0.843,0.355,4,0.868,0.553,0.738,0.73,0.666
USR_05361,17.91,43.1,7.1,0.888,0.292,4,0.434,0.303,0.669,0.852,0.473
USR_05362,31.63,93.7,3.0,0.79,0.767,3,0.821,0.241,0.774,0.259,0.924
USR_05363,27.8,83.5,5.7,0.904,0.575,2,0.656,0.614,0.706,0.23,0.815
USR_05364,26.09,75.9,4.0,0.908,0.751,3,0.85,0.346,0.99,0.307,0.845
USR_05365,35.54,91.7,4.9,0.898,0.724,4,0.862,0.304,0.776,0.338,0.894
USR_05366,29.15,55.9,3.2,0.849,0.755,4,0.883,0.226,0.78,0.448,0.744
USR_05367,7.85,22.7,2.5,0.52,0.34,3,0.152,0.99,0.125,0.613,0.312
USR_05368,9.54,68.6,5.6,0.857,0.465,3,0.279,0.404,0.557,0.799,0.317
USR_05369,22.52,97.7,5.0,0.93,0.717,3,0.775,0.136,0.869,0.496,0.578
USR_05370,12.81,77.3,4.4,0.875,0.909,3,0.965,0.204,0.809,0.562,0.99
USR_05371,24.95,67.0,6.2,0.788,0.391,3,0.741,0.159,0.86,0.327,0.927
USR_05372,25.38,80.7,5.0,0.732,0.691,2,0.863,0.141,0.607,0.151,0.891
USR_05373,27.5,30.7,5.5,0.938,0.736,2,0.79,0.202,0.833,0.174,0.761
USR_05374,26.26,128.9,3.8,0.874,0.666,3,0.622,0.254,0.593,0.483,0.559
USR_05375,18.89,77.7,7.0,0.793,0.471,2,0.237,0.561,0.295,0.99,0.435
USR_05376,30.67,68.7,6.1,0.99,0.585,2,0.776,0.338,0.487,0.142,0.937
USR_05377,24.47,44.5,6.2,0.64,0.243,5,0.529,0.488,0.722,0.617,0.496
USR_05378,16.86,45.0,5.4,0.941,0.442,3,0.247,0.302,0.604,0.731,0.412
USR_05379,19.28,47.6,6.4,0.936,0.394,4,0.44,0.438,0.476,0.807,0.31
USR_05380,25.69,78.8,5.2,0.903,0.668,3,0.928,0.323,0.828,0.498,0.691
USR_05381,25.44,74.1,4.7,0.759,0.735,3,0.564,0.39,0.703,0.52,0.87
USR_05382,20.7,54.9,4.7,0.825,0.437,3,0.438,0.349,0.601,0.801,0.094
USR_05383,20.26,77.8,8.0,0.852,0.301,2,0.558,0.359,0.592,0.99,0.34
USR_05384,26.38,35.9,10.6,0.75,0.358,4,0.609,0.705,0.833,0.359,0.359
USR_05385,14.13,63.4,5.6,0.964,0.333,4,0.406,0.64,0.621,0.909,0.154
USR_05386,23.54,55.3,6.3,0.913,0.353,3,0.253,0.474,0.551,0.887,0.471
USR_05387,20.35,53.2,8.3,0.802,0.547,5,0.47,0.297,0.46,0.751,0.466
USR_05388,7.64,34.0,4.8,0.557,0.299,2,0.302,0.99,0.138,0.706,0.05
USR_05389,8.6,105.7,6.0,0.699,0.7,3,0.582,0.391,0.82,0.411,0.873
USR_05390,7.35,48.3,1.0,0.386,0.295,1,0.207,0.773,0.146,0.781,0.257
USR_05391,11.13,23.6,4.1,0.362,0.565,2,0.092,0.922,0.131,0.38,0.374
USR_05392,33.47,68.1,8.9,0.808,0.455,4,0.688,0.656,0.701,0.645,0.516
USR_05393,13.62,50.9,9.3,0.645,0.365,5,0.639,0.564,0.439,0.753,0.459
USR_05394,25.93,59.5,6.9,0.902,0.592,2,0.853,0.248,0.791,0.294,0.933
USR_05395,27.81,68.6,6.1,0.698,0.5,3,0.791,0.155,0.528,0.151,0.99
USR_05396,16.16,45.4,5.2,0.818,0.507,2,0.305,0.589,0.535,0.903,0.334
USR_05397,6.1,33.8,1.4,0.637,0.163,2,0.221,0.99,0.163,0.694,0.16
USR_05398,13.4,38.9,9.8,0.707,0.395,5,0.499,0.629,0.661,0.55,0.652
USR_05399,24.56,75.8,8.1,0.745,0.6,2,0.805,0.112,0.623,0.293,0.99
USR_05400,20.31,77.5,6.6,0.79,0.178,3,0.766,0.446,0.749,0.528,0.826
USR_05401,8.57,31.7,3.9,0.678,0.424,3,0.269,0.885,0.257,0.568,0.296
USR_05402,34.13,110.8,3.6,0.864,0.601,2,0.723,0.374,0.707,0.677,0.785
USR_05403,11.25,66.6,6.2,0.803,0.297,3,0.832,0.255,0.683,0.22,0.93
USR_05404,18.85,71.8,6.2,0.839,0.38,3,0.162,0.361,0.488,0.878,0.05
USR_05405,26.82,95.5,3.6,0.917,0.793,4,0.883,0.488,0.713,0.729,0.643
USR_05406,27.29,87.5,5.4,0.76,0.633,4,0.922,0.409,0.836,0.492,0.768
USR_05407,22.33,75.1,5.1,0.929,0.547,2,0.848,0.258,0.84,0.209,0.99
USR_05408,6.29,28.4,3.9,0.594,0.265,2,0.292,0.91,0.225,0.795,0.438
USR_05409,24.78,103.3,2.2,0.802,0.799,3,0.666,0.365,0.925,0.458,0.546
USR_05410,19.81,32.1,8.5,0.718,0.527,4,0.55,0.68,0.624,0.697,0.665
USR_05411,4.53,23.6,2.8,0.362,0.222,3,0.227,0.923,0.319,0.667,0.251
USR_05412,30.24,105.2,4.2,0.927,0.692,4,0.76,0.29,0.804,0.493,0.702
USR_05413,20.22,64.2,7.7,0.71,0.386,4,0.784,0.743,0.593,0.918,0.702
USR_05414,13.98,43.9,4.7,0.904,0.05,4,0.768,0.455,0.646,0.498,0.86
USR_05415,3.3,33.5,1.0,0.471,0.305,2,0.276,0.99,0.089,0.781,0.212
USR_05416,22.71,32.4,5.3,0.841,0.402,4,0.74,0.667,0.724,0.757,0.644
USR_05417,23.29,40.2,8.7,0.602,0.561,5,0.517,0.714,0.685,0.599,0.735
USR_05418,30.09,95.3,5.2,0.865,0.797,4,0.682,0.395,0.99,0.573,0.746
USR_05419,9.09,29.2,4.8,0.44,0.172,1,0.171,0.875,0.325,0.826,0.241
USR_05420,19.79,76.8,5.0,0.908,0.342,3,0.394,0.324,0.694,0.86,0.415
USR_05421,30.82,47.5,6.2,0.774,0.515,3,0.695,0.203,0.454,0.224,0.954
USR_05422,4.93,34.9,2.7,0.647,0.155,1,0.078,0.887,0.305,0.557,0.119
USR_05423,23.43,55.4,6.6,0.891,0.84,4,0.925,0.715,0.87,0.631,0.508
USR_05424,19.81,44.9,8.2,0.694,0.324,5,0.616,0.575,0.568,0.771,0.783
USR_05425,13.78,95.9,4.2,0.743,0.78,2,0.866,0.358,0.884,0.363,0.757
USR_05426,23.06,92.7,3.3,0.932,0.661,3,0.643,0.321,0.956,0.255,0.576
USR_05427,19.66,30.5,5.6,0.771,0.298,4,0.324,0.506,0.338,0.792,0.338
USR_05428,14.02,55.8,5.3,0.737,0.295,4,0.746,0.542,0.629,0.702,0.593
USR_05429,13.21,101.2,3.4,0.951,0.779,4,0.598,0.353,0.721,0.05,0.652
USR_05430,14.0,34.8,10.6,0.645,0.612,5,0.746,0.624,0.719,0.49,0.694
USR_05431,18.22,73.5,5.4,0.767,0.806,2,0.99,0.215,0.693,0.266,0.926
USR_05432,18.49,51.6,4.5,0.931,0.355,3,0.382,0.451,0.645,0.939,0.182
USR_05433,22.85,106.4,6.0,0.773,0.59,4,0.99,0.366,0.729,0.472,0.579
USR_05434,27.39,55.2,5.6,0.663,0.542,5,0.584,0.859,0.727,0.734,0.649
USR_05435,26.1,105.6,6.4,0.848,0.844,2,0.706,0.123,0.84,0.499,0.694
USR_05436,17.16,84.0,6.6,0.652,0.272,2,0.892,0.088,0.394,0.207,0.956
USR_05437,31.82,69.5,4.7,0.797,0.714,2,0.739,0.304,0.765,0.597,0.702
USR_05438,16.14,85.7,7.0,0.739,0.494,3,0.919,0.406,0.698,0.525,0.99
USR_05439,19.11,100.1,6.1,0.79,0.534,3,0.911,0.265,0.822,0.451,0.662
USR_05440,3.48,17.3,8.2,0.636,0.29,1,0.258,0.722,0.375,0.664,0.172
USR_05441,25.67,101.0,5.4,0.73,0.366,2,0.821,0.232,0.631,0.347,0.874
USR_05442,26.94,106.4,3.9,0.904,0.824,3,0.866,0.467,0.694,0.455,0.664
USR_05443,17.39,46.6,7.1,0.634,0.532,5,0.801,0.633,0.664,0.756,0.622
USR_05444,10.77,40.5,10.2,0.751,0.362,5,0.928,0.901,0.459,0.855,0.473
USR_05445,4.1,12.3,2.4,0.582,0.24,1,0.358,0.782,0.082,0.525,0.089
USR_05446,42.08,82.9,6.6,0.856,0.575,2,0.838,0.25,0.99,0.39,0.613
USR_05447,23.91,61.2,6.0,0.903,0.563,2,0.916,0.287,0.545,0.179,0.99
USR_05448,22.29,40.5,7.0,0.669,0.554,4,0.54,0.622,0.577,0.64,0.335
USR_05449,31.58,79.1,7.0,0.78,0.5,3,0.817,0.212,0.664,0.261,0.866
USR_05450,22.87,59.7,6.7,0.815,0.335,3,0.708,0.433,0.571,0.99,0.291
USR_05451,30.52,88.3,4.0,0.894,0.674,4,0.803,0.452,0.615,0.324,0.708
USR_05452,8.15,22.5,2.0,0.329,0.563,2,0.385,0.788,0.12,0.748,0.136
USR_05453,27.35,49.3,10.8,0.721,0.412,5,0.887,0.425,0.793,0.79,0.598
USR_05454,21.82,60.6,5.7,0.783,0.482,3,0.485,0.276,0.46,0.949,0.327
USR_05455,11.8,50.8,5.5,0.885,0.405,3,0.205,0.524,0.391,0.99,0.05
USR_05456,11.01,101.3,7.0,0.858,0.541,2,0.699,0.259,0.501,0.654,0.603
USR_05457,6.65,53.2,5.3,0.905,0.181,3,0.368,0.54,0.571,0.877,0.529
USR_05458,33.01,90.1,5.2,0.918,0.542,3,0.73,0.259,0.717,0.478,0.716
USR_05459,17.94,68.7,6.2,0.831,0.442,5,0.663,0.725,0.509,0.477,0.644
USR_05460,25.27,78.9,3.4,0.886,0.53,2,0.822,0.183,0.43,0.343,0.829
USR_05461,6.01,29.0,3.3,0.73,0.432,1,0.295,0.802,0.492,0.767,0.298
USR_05462,20.39,82.5,7.0,0.88,0.399,3,0.834,0.215,0.471,0.185,0.966
USR_05463,2.1,39.2,5.1,0.607,0.457,2,0.28,0.799,0.145,0.619,0.103
USR_05464,16.0,69.3,3.6,0.982,0.296,2,0.279,0.325,0.448,0.882,0.229
USR_05465,7.87,34.8,7.0,0.442,0.342,2,0.211,0.863,0.266,0.67,0.08
USR_05466,22.62,69.9,6.3,0.787,0.501,3,0.865,0.293,0.635,0.364,0.934
USR_05467,10.35,30.2,6.8,0.799,0.324,5,0.755,0.635,0.528,0.567,0.665
USR_05468,9.03,26.0,2.8,0.762,0.416,1,0.226,0.902,0.211,0.704,0.118
USR_05469,9.56,31.8,3.8,0.35,0.33,2,0.167,0.859,0.312,0.673,0.302
USR_05470,20.31,77.9,3.3,0.857,0.414,3,0.843,0.207,0.69,0.249,0.982
USR_05471,20.74,70.0,9.0,0.809,0.314,4,0.476,0.77,0.763,0.596,0.854
USR_05472,16.38,30.5,6.5,0.801,0.378,4,0.245,0.459,0.588,0.809,0.286
USR_05473,30.27,74.0,5.0,0.99,0.549,2,0.99,0.05,0.804,0.412,0.956
USR_05474,3.16,27.0,6.1,0.51,0.39,2,0.18,0.864,0.054,0.518,0.247
USR_05475,20.76,61.7,7.9,0.927,0.479,5,0.817,0.756,0.586,0.613,0.753
USR_05476,17.28,52.7,5.2,0.871,0.623,2,0.764,0.252,0.449,0.156,0.909
USR_05477,19.99,23.9,7.1,0.744,0.252,4,0.577,0.822,0.644,0.605,0.82
USR_05478,8.79,26.6,6.3,0.739,0.283,2,0.28,0.838,0.263,0.782,0.05
USR_05479,27.4,97.3,6.4,0.797,0.491,3,0.958,0.062,0.495,0.636,0.867
USR_05480,19.13,56.5,9.2,0.672,0.479,4,0.682,0.677,0.655,0.699,0.606
USR_05481,19.33,59.2,6.5,0.929,0.371,3,0.49,0.538,0.868,0.939,0.251
USR_05482,25.35,92.7,5.5,0.903,0.782,2,0.416,0.267,0.799,0.654,0.76
USR_05483,24.61,57.4,6.8,0.883,0.365,4,0.363,0.376,0.592,0.935,0.13
USR_05484,6.63,26.4,5.5,0.614,0.322,1,0.422,0.891,0.211,0.727,0.066
USR_05485,7.72,27.6,1.2,0.474,0.119,2,0.163,0.942,0.236,0.678,0.105
USR_05486,17.31,50.1,4.8,0.868,0.467,2,0.293,0.535,0.447,0.876,0.05
USR_05487,29.99,130.0,5.1,0.896,0.631,2,0.99,0.182,0.623,0.529,0.717
USR_05488,17.69,51.8,7.6,0.558,0.256,5,0.733,0.685,0.491,0.698,0.624
USR_05489,23.35,77.5,3.7,0.947,0.463,3,0.99,0.254,0.716,0.451,0.958
USR_05490,26.15,56.6,4.5,0.812,0.691,3,0.953,0.196,0.766,0.496,0.585
USR_05491,26.99,99.5,5.0,0.771,0.717,4,0.758,0.175,0.712,0.404,0.776
USR_05492,31.66,88.4,3.3,0.902,0.928,4,0.64,0.443,0.799,0.361,0.9
USR_05493,16.5,84.7,8.1,0.927,0.56,3,0.898,0.208,0.826,0.396,0.99
USR_05494,21.33,54.1,5.9,0.964,0.297,3,0.296,0.254,0.424,0.876,0.326
USR_05495,28.14,101.7,5.1,0.88,0.679,2,0.749,0.335,0.896,0.276,0.886
USR_05496,8.13,18.9,7.0,0.699,0.451,1,0.167,0.685,0.278,0.419,0.231
USR_05497,19.49,87.7,3.7,0.882,0.616,2,0.895,0.235,0.815,0.453,0.241
USR_05498,31.8,80.5,4.9,0.898,0.654,2,0.771,0.203,0.575,0.437,0.875
USR_05499,4.7,29.3,5.9,0.579,0.422,3,0.516,0.907,0.195,0.816,0.335
USR_05500,17.79,96.0,6.3,0.852,0.727,2,0.777,0.394,0.731,0.338,0.872
USR_05501,19.36,48.4,5.6,0.872,0.415,4,0.115,0.168,0.295,0.946,0.211
USR_05502,27.78,90.7,5.5,0.887,0.764,3,0.905,0.122,0.934,0.41,0.511
USR_05503,19.62,49.3,4.5,0.906,0.238,2,0.397,0.638,0.688,0.99,0.215
USR_05504,8.81,24.8,5.5,0.815,0.337,2,0.216,0.716,0.309,0.661,0.237
USR_05505,7.82,42.7,3.4,0.568,0.15,1,0.325,0.737,0.164,0.797,0.094
USR_05506,22.85,83.8,3.6,0.809,0.904,3,0.646,0.368,0.922,0.585,0.958
USR_05507,5.96,23.3,3.1,0.682,0.191,2,0.229,0.768,0.369,0.591,0.275
USR_05508,16.41,74.5,3.7,0.99,0.435,3,0.67,0.238,0.403,0.233,0.964
USR_05509,5.37,31.5,3.8,0.685,0.309,1,0.391,0.895,0.05,0.565,0.077
USR_05510,18.41,125.6,4.7,0.819,0.717,2,0.877,0.207,0.812,0.48,0.774
USR_05511,3.99,16.9,3.4,0.532,0.459,3,0.244,0.867,0.199,0.628,0.316
USR_05512,6.18,27.0,3.8,0.447,0.339,2,0.23,0.788,0.199,0.557,0.223
USR_05513,17.1,97.0,6.6,0.949,0.349,3,0.837,0.12,0.885,0.482,0.895
USR_05514,6.07,33.0,5.7,0.69,0.275,2,0.336,0.797,0.406,0.734,0.279
USR_05515,14.91,61.7,8.5,0.865,0.161,4,0.349,0.671,0.564,0.675,0.814
USR_05516,18.58,54.0,9.0,0.839,0.32,3,0.386,0.281,0.335,0.843,0.243
USR_05517,9.01,29.9,3.4,0.681,0.337,3,0.05,0.828,0.292,0.775,0.147
USR_05518,9.09,27.8,4.4,0.678,0.309,3,0.21,0.99,0.22,0.835,0.228
USR_05519,9.37,75.3,6.6,0.743,0.62,4,0.624,0.461,0.697,0.558,0.383
USR_05520,12.53,58.3,6.4,0.922,0.412,3,0.195,0.468,0.508,0.891,0.159
USR_05521,32.02,128.7,4.1,0.765,0.776,2,0.99,0.363,0.663,0.05,0.748
USR_05522,19.24,83.8,7.1,0.796,0.355,2,0.929,0.258,0.634,0.316,0.934
USR_05523,3.14,29.5,4.6,0.406,0.472,1,0.314,0.82,0.125,0.569,0.136
USR_05524,25.2,80.5,6.6,0.857,0.497,2,0.99,0.154,0.747,0.219,0.883
USR_05525,15.5,52.6,6.1,0.656,0.344,3,0.815,0.218,0.754,0.374,0.881
USR_05526,24.57,41.3,10.9,0.951,0.417,5,0.763,0.581,0.508,0.64,0.622
USR_05527,29.42,75.9,10.4,0.838,0.345,3,0.847,0.262,0.706,0.146,0.826
USR_05528,20.89,104.5,5.3,0.827,0.663,4,0.973,0.197,0.848,0.278,0.501
USR_05529,27.1,51.2,11.2,0.771,0.405,4,0.762,0.771,0.908,0.82,0.651
USR_05530,20.8,102.0,8.4,0.909,0.95,2,0.848,0.402,0.931,0.445,0.593
USR_05531,4.04,27.9,2.3,0.705,0.467,1,0.449,0.768,0.162,0.762,0.083
USR_05532,32.05,84.0,2.5,0.965,0.856,3,0.77,0.345,0.867,0.381,0.554
USR_05533,11.87,58.8,4.7,0.901,0.369,3,0.456,0.277,0.474,0.893,0.376
USR_05534,22.83,39.6,3.7,0.825,0.311,2,0.924,0.187,0.516,0.178,0.915
USR_05535,21.62,103.1,6.3,0.845,0.371,3,0.944,0.376,0.735,0.316,0.871
USR_05536,13.78,56.5,6.2,0.804,0.237,2,0.446,0.569,0.575,0.951,0.182
USR_05537,11.16,25.5,3.6,0.717,0.318,1,0.11,0.811,0.222,0.668,0.377
USR_05538,21.71,108.6,3.6,0.875,0.745,3,0.702,0.444,0.911,0.422,0.777
USR_05539,8.41,14.3,3.5,0.71,0.271,2,0.05,0.77,0.347,0.449,0.339
USR_05540,16.33,119.5,5.3,0.944,0.684,3,0.73,0.13,0.799,0.251,0.582
USR_05541,32.5,88.3,6.3,0.71,0.816,3,0.679,0.349,0.889,0.518,0.6
USR_05542,23.29,88.0,3.2,0.782,0.593,3,0.862,0.271,0.456,0.137,0.893
USR_05543,5.85,20.0,4.3,0.702,0.411,1,0.226,0.99,0.179,0.489,0.268
USR_05544,22.17,100.6,5.3,0.851,0.769,2,0.775,0.353,0.99,0.489,0.72
USR_05545,12.75,76.8,6.1,0.852,0.306,2,0.694,0.05,0.485,0.178,0.989
USR_05546,11.61,32.4,3.5,0.467,0.43,1,0.186,0.99,0.248,0.745,0.298
USR_05547,6.98,31.1,4.6,0.512,0.299,1,0.392,0.871,0.372,0.661,0.25
USR_05548,5.51,27.6,6.5,0.611,0.331,1,0.278,0.873,0.174,0.645,0.055
USR_05549,32.29,104.8,3.6,0.85,0.9,2,0.868,0.213,0.822,0.53,0.737
USR_05550,14.8,72.6,4.8,0.859,0.232,3,0.323,0.339,0.415,0.928,0.408
USR_05551,16.6,47.0,4.9,0.787,0.259,3,0.414,0.447,0.629,0.958,0.356
USR_05552,19.9,60.2,8.0,0.846,0.556,4,0.716,0.566,0.761,0.758,0.467
USR_05553,21.8,56.1,6.2,0.91,0.484,3,0.3,0.508,0.814,0.865,0.08
USR_05554,34.06,89.6,6.6,0.96,0.682,4,0.647,0.43,0.813,0.262,0.555
USR_05555,8.88,35.9,1.8,0.512,0.294,1,0.133,0.659,0.169,0.701,0.257
USR_05556,25.66,119.4,2.2,0.87,0.558,2,0.871,0.461,0.744,0.603,0.567
USR_05557,14.12,64.3,4.6,0.92,0.485,4,0.255,0.222,0.359,0.943,0.463
USR_05558,16.43,55.0,7.7,0.9,0.354,2,0.426,0.288,0.585,0.942,0.576
USR_05559,19.0,45.0,5.9,0.896,0.481,2,0.239,0.267,0.897,0.99,0.207
USR_05560,9.64,30.8,3.2,0.571,0.394,2,0.275,0.83,0.286,0.711,0.232
USR_05561,26.06,94.5,4.7,0.907,0.847,2,0.771,0.207,0.753,0.272,0.979
USR_05562,5.88,28.1,4.1,0.422,0.284,3,0.05,0.721,0.326,0.641,0.078
USR_05563,27.96,112.3,4.6,0.929,0.801,3,0.737,0.348,0.806,0.694,0.83
USR_05564,3.37,42.5,7.9,0.712,0.252,4,0.604,0.485,0.661,0.726,0.534
USR_05565,23.35,55.3,6.4,0.962,0.555,2,0.808,0.35,0.718,0.529,0.973
USR_05566,31.37,60.2,4.3,0.942,0.79,3,0.781,0.349,0.871,0.636,0.883
USR_05567,10.23,58.3,6.3,0.848,0.209,3,0.326,0.392,0.344,0.947,0.215
USR_05568,26.38,86.9,5.5,0.78,0.394,2,0.878,0.28,0.452,0.146,0.858
USR_05569,19.91,44.9,5.8,0.961,0.373,3,0.584,0.057,0.483,0.971,0.502
USR_05570,12.29,79.3,5.4,0.831,0.786,2,0.597,0.051,0.905,0.577,0.542
USR_05571,20.52,52.7,9.8,0.698,0.396,5,0.764,0.807,0.659,0.721,0.715
USR_05572,18.93,66.7,4.4,0.724,0.472,3,0.91,0.28,0.711,0.205,0.792
USR_05573,6.8,21.8,5.0,0.461,0.287,3,0.171,0.775,0.302,0.697,0.248
USR_05574,27.18,47.5,6.5,0.853,0.687,3,0.816,0.336,0.568,0.31,0.863
USR_05575,2.14,34.2,3.6,0.556,0.246,1,0.273,0.981,0.412,0.674,0.143
USR_05576,14.86,55.8,7.6,0.799,0.347,5,0.95,0.781,0.33,0.458,0.743
USR_05577,17.1,54.5,6.2,0.894,0.34,3,0.234,0.388,0.441,0.969,0.524
USR_05578,1.0,25.7,2.9,0.76,0.388,3,0.278,0.904,0.162,0.66,0.077
USR_05579,16.33,80.8,6.0,0.862,0.775,2,0.964,0.203,0.34,0.197,0.845
USR_05580,19.38,59.3,4.6,0.946,0.317,2,0.486,0.629,0.446,0.837,0.234
USR_05581,25.73,89.7,7.6,0.749,0.694,2,0.973,0.239,0.568,0.129,0.896
USR_05582,19.18,36.7,5.3,0.873,0.402,2,0.483,0.285,0.399,0.947,0.384
USR_05583,12.13,69.4,7.0,0.795,0.344,4,0.369,0.396,0.725,0.895,0.385
USR_05584,4.67,17.2,4.3,0.409,0.331,1,0.396,0.89,0.05,0.895,0.379
USR_05585,21.86,67.0,4.9,0.919,0.869,2,0.647,0.269,0.99,0.106,0.745
USR_05586,14.62,54.6,7.9,0.979,0.162,4,0.197,0.571,0.604,0.86,0.227
USR_05587,6.2,17.9,4.5,0.574,0.443,3,0.234,0.899,0.134,0.616,0.173
USR_05588,31.5,78.3,5.2,0.83,0.457,3,0.794,0.234,0.567,0.254,0.889
USR_05589,16.65,40.8,5.2,0.712,0.362,4,0.402,0.296,0.593,0.981,0.462
USR_05590,6.5,40.2,1.9,0.44,0.265,1,0.131,0.99,0.145,0.864,0.178
USR_05591,5.06,24.8,4.7,0.323,0.26,1,0.164,0.99,0.277,0.749,0.301
USR_05592,17.05,48.2,8.4,0.852,0.327,3,0.295,0.34,0.56,0.93,0.422
USR_05593,17.31,51.9,10.1,0.661,0.3,4,0.681,0.731,0.532,0.718,0.44
USR_05594,19.41,42.3,5.6,0.956,0.32,4,0.252,0.29,0.615,0.845,0.233
USR_05595,8.97,25.7,3.4,0.726,0.34,2,0.181,0.767,0.422,0.562,0.126
USR_05596,20.53,63.9,4.7,0.817,0.487,3,0.769,0.169,0.667,0.461,0.948
USR_05597,8.55,20.4,5.4,0.561,0.217,2,0.258,0.73,0.115,0.531,0.489
USR_05598,18.99,56.2,5.3,0.804,0.336,4,0.376,0.485,0.587,0.937,0.368
USR_05599,19.49,97.5,4.3,0.896,0.746,2,0.646,0.212,0.656,0.596,0.655
USR_05600,18.39,91.6,4.6,0.738,0.773,3,0.654,0.314,0.835,0.344,0.671
USR_05601,21.7,41.3,5.5,0.88,0.401,3,0.275,0.387,0.716,0.842,0.301
USR_05602,24.74,75.2,5.6,0.674,0.711,3,0.894,0.175,0.65,0.156,0.864
USR_05603,13.22,54.0,7.1,0.898,0.64,4,0.775,0.71,0.654,0.855,0.562
USR_05604,36.23,89.1,7.8,0.838,0.787,3,0.878,0.086,0.573,0.511,0.958
USR_05605,19.17,64.1,5.0,0.869,0.319,2,0.878,0.197,0.752,0.272,0.875
USR_05606,26.02,106.7,4.8,0.894,0.697,2,0.808,0.418,0.751,0.565,0.652
USR_05607,23.76,79.4,4.5,0.845,0.243,2,0.72,0.125,0.798,0.486,0.885
USR_05608,17.3,74.9,8.5,0.86,0.67,2,0.956,0.363,0.554,0.238,0.85
USR_05609,16.76,51.3,4.2,0.886,0.517,3,0.446,0.539,0.539,0.951,0.492
USR_05610,18.31,74.5,4.4,0.99,0.574,3,0.854,0.254,0.806,0.434,0.681
USR_05611,21.59,48.3,9.1,0.868,0.464,2,0.826,0.176,0.517,0.383,0.879
USR_05612,6.41,26.6,2.6,0.588,0.207,2,0.145,0.903,0.162,0.679,0.346
USR_05613,36.11,131.9,3.0,0.781,0.712,2,0.682,0.472,0.908,0.541,0.536
USR_05614,18.9,46.4,7.0,0.831,0.46,5,0.795,0.687,0.626,0.598,0.608
USR_05615,11.0,60.7,5.6,0.93,0.365,4,0.185,0.542,0.488,0.989,0.272
USR_05616,32.33,91.3,3.7,0.783,0.681,3,0.95,0.476,0.779,0.386,0.474
USR_05617,14.9,64.1,7.2,0.99,0.463,3,0.935,0.119,0.764,0.266,0.983
USR_05618,5.12,21.0,6.3,0.804,0.218,2,0.17,0.885,0.12,0.754,0.26
USR_05619,31.52,63.8,8.5,0.882,0.551,3,0.967,0.267,0.461,0.398,0.91
USR_05620,28.91,81.8,3.4,0.906,0.693,3,0.87,0.49,0.811,0.204,0.565
USR_05621,24.68,43.7,9.1,0.622,0.227,5,0.585,0.49,0.644,0.759,0.566
USR_05622,8.47,34.7,5.0,0.466,0.091,2,0.275,0.908,0.223,0.855,0.114
USR_05623,24.55,114.2,3.3,0.806,0.639,3,0.79,0.177,0.963,0.425,0.603
USR_05624,15.48,40.2,9.0,0.62,0.592,5,0.399,0.453,0.674,0.805,0.656
USR_05625,22.69,47.8,8.2,0.712,0.481,5,0.665,0.575,0.531,0.73,0.812
USR_05626,16.89,70.3,7.1,0.921,0.46,2,0.906,0.167,0.574,0.287,0.792
USR_05627,13.66,36.9,10.8,0.727,0.383,4,0.859,0.69,0.682,0.579,0.753
USR_05628,25.3,128.3,3.4,0.679,0.746,3,0.894,0.238,0.643,0.383,0.676
USR_05629,10.38,31.6,3.2,0.614,0.376,2,0.408,0.765,0.14,0.629,0.316
USR_05630,23.81,63.4,6.1,0.94,0.446,3,0.73,0.296,0.816,0.405,0.956
USR_05631,36.26,119.2,5.0,0.923,0.651,3,0.873,0.282,0.69,0.432,0.719
USR_05632,22.38,62.8,7.5,0.842,0.594,2,0.842,0.203,0.512,0.423,0.942
USR_05633,16.99,50.4,6.1,0.906,0.303,2,0.309,0.43,0.649,0.939,0.192
USR_05634,9.57,29.7,6.1,0.55,0.315,2,0.13,0.778,0.258,0.542,0.079
USR_05635,9.42,46.9,10.4,0.769,0.426,4,0.602,0.477,0.543,0.699,0.685
USR_05636,20.91,57.1,7.1,0.835,0.577,3,0.775,0.05,0.618,0.26,0.895
USR_05637,7.66,32.7,3.3,0.433,0.395,2,0.349,0.884,0.176,0.815,0.126
USR_05638,7.67,27.5,3.1,0.671,0.343,2,0.234,0.921,0.32,0.771,0.153
USR_05639,22.26,109.7,3.1,0.765,0.731,2,0.966,0.176,0.99,0.602,0.93
USR_05640,27.72,113.9,3.8,0.799,0.801,2,0.776,0.228,0.99,0.364,0.481
USR_05641,14.15,61.9,5.5,0.885,0.368,3,0.236,0.383,0.666,0.891,0.05
USR_05642,22.7,35.2,9.1,0.796,0.48,5,0.546,0.922,0.428,0.606,0.38
USR_05643,8.54,34.5,4.1,0.66,0.332,1,0.22,0.747,0.154,0.797,0.148
USR_05644,27.81,84.1,6.7,0.862,0.66,3,0.642,0.283,0.822,0.05,0.871
USR_05645,19.95,54.2,9.5,0.671,0.569,4,0.366,0.77,0.524,0.644,0.628
USR_05646,16.54,66.9,5.5,0.933,0.28,2,0.537,0.384,0.435,0.821,0.05
USR_05647,15.84,43.8,4.8,0.836,0.347,2,0.4,0.383,0.679,0.839,0.464
USR_05648,25.19,69.8,4.0,0.715,0.59,3,0.986,0.174,0.705,0.256,0.764
USR_05649,17.41,70.9,4.8,0.902,0.467,2,0.405,0.311,0.504,0.968,0.21
USR_05650,24.37,82.6,5.5,0.879,0.691,2,0.861,0.122,0.843,0.372,0.865
USR_05651,32.7,125.2,4.2,0.99,0.534,3,0.823,0.346,0.76,0.689,0.619
USR_05652,18.44,41.9,9.4,0.866,0.483,4,0.682,0.492,0.627,0.946,0.747
USR_05653,23.93,80.8,7.1,0.794,0.46,2,0.926,0.117,0.503,0.239,0.888
USR_05654,17.76,52.5,5.6,0.937,0.451,3,0.565,0.349,0.485,0.99,0.32
USR_05655,27.9,94.4,4.4,0.808,0.748,3,0.886,0.316,0.737,0.36,0.869
USR_05656,13.44,44.3,4.6,0.893,0.471,5,0.543,0.666,0.718,0.758,0.422
USR_05657,7.3,32.2,3.8,0.5,0.283,2,0.527,0.838,0.396,0.673,0.189
USR_05658,24.31,63.4,6.3,0.795,0.503,3,0.826,0.156,0.554,0.321,0.99
USR_05659,27.2,88.6,3.0,0.883,0.691,2,0.722,0.418,0.853,0.597,0.758
USR_05660,17.29,47.8,12.5,0.721,0.302,5,0.614,0.679,0.772,0.476,0.828
USR_05661,6.77,26.4,4.9,0.544,0.505,2,0.311,0.696,0.179,0.732,0.213
USR_05662,18.91,73.7,5.0,0.893,0.265,3,0.419,0.677,0.569,0.97,0.424
USR_05663,5.47,33.6,4.8,0.598,0.165,2,0.32,0.727,0.17,0.832,0.409
USR_05664,8.15,26.8,2.8,0.406,0.43,1,0.45,0.74,0.128,0.685,0.203
USR_05665,15.08,57.3,6.0,0.769,0.379,3,0.288,0.4,0.699,0.825,0.368
USR_05666,25.8,100.7,7.6,0.99,0.868,2,0.99,0.316,0.755,0.447,0.701
USR_05667,20.66,77.5,6.7,0.83,0.369,2,0.873,0.311,0.821,0.304,0.842
USR_05668,27.77,26.1,6.1,0.748,0.474,5,0.641,0.72,0.69,0.278,0.684
USR_05669,21.3,133.6,5.2,0.897,0.643,4,0.628,0.447,0.797,0.425,0.723
USR_05670,17.2,68.9,5.4,0.827,0.419,4,0.232,0.373,0.508,0.904,0.107
USR_05671,35.29,130.9,3.8,0.833,0.769,3,0.82,0.178,0.832,0.175,0.557
USR_05672,8.19,14.5,3.7,0.511,0.282,1,0.05,0.833,0.389,0.49,0.212
USR_05673,15.86,61.5,6.6,0.92,0.469,2,0.871,0.17,0.577,0.284,0.932
USR_05674,24.28,35.4,8.5,0.878,0.069,4,0.657,0.621,0.805,0.649,0.741
USR_05675,22.52,57.0,10.0,0.697,0.691,4,0.641,0.78,0.673,0.667,0.707
USR_05676,24.82,68.7,5.9,0.752,0.44,2,0.781,0.05,0.687,0.308,0.99
USR_05677,16.18,53.7,8.1,0.62,0.195,4,0.342,0.69,0.56,0.485,0.712
USR_05678,25.42,91.0,4.0,0.933,0.633,2,0.821,0.231,0.786,0.441,0.464
USR_05679,4.77,30.7,3.8,0.716,0.344,3,0.073,0.695,0.096,0.843,0.249
USR_05680,19.4,57.3,5.1,0.884,0.315,3,0.289,0.378,0.32,0.99,0.319
USR_05681,7.31,16.3,5.6,0.664,0.341,1,0.273,0.906,0.393,0.671,0.168
USR_05682,26.61,71.8,8.2,0.824,0.476,3,0.797,0.186,0.507,0.208,0.961
USR_05683,18.4,55.1,9.0,0.726,0.413,4,0.792,0.659,0.595,0.616,0.623
USR_05684,3.89,29.6,4.3,0.684,0.274,2,0.264,0.916,0.198,0.719,0.284
USR_05685,31.95,54.8,7.1,0.833,0.319,2,0.98,0.235,0.767,0.287,0.88
USR_05686,28.14,120.2,3.7,0.809,0.85,3,0.831,0.352,0.777,0.336,0.973
USR_05687,23.25,98.7,6.3,0.902,0.791,2,0.728,0.263,0.953,0.358,0.676
USR_05688,22.32,61.2,7.4,0.855,0.416,2,0.9,0.12,0.654,0.246,0.879
USR_05689,31.78,103.3,5.5,0.99,0.715,2,0.69,0.385,0.794,0.589,0.79
USR_05690,19.75,54.3,4.5,0.881,0.439,2,0.176,0.409,0.615,0.899,0.527
USR_05691,7.76,29.4,3.5,0.58,0.424,2,0.242,0.653,0.257,0.95,0.168
USR_05692,16.51,51.6,8.3,0.687,0.676,5,0.606,0.882,0.65,0.607,0.52
USR_05693,30.07,62.6,6.5,0.89,0.679,3,0.853,0.243,0.51,0.553,0.99
USR_05694,8.36,17.9,4.1,0.688,0.444,1,0.101,0.718,0.136,0.599,0.146
USR_05695,37.27,94.9,5.5,0.925,0.916,3,0.635,0.5,0.657,0.265,0.59
USR_05696,14.23,75.2,3.9,0.818,0.394,2,0.725,0.252,0.792,0.196,0.823
USR_05697,27.03,88.2,6.7,0.929,0.404,3,0.855,0.209,0.721,0.377,0.836
USR_05698,26.45,52.1,6.3,0.983,0.307,3,0.772,0.134,0.74,0.246,0.782
USR_05699,7.56,40.2,5.4,0.535,0.134,2,0.092,0.852,0.312,0.636,0.375
USR_05700,24.81,42.3,9.2,0.716,0.417,5,0.814,0.65,0.558,0.66,0.444
USR_05701,28.31,82.9,5.5,0.742,0.653,2,0.914,0.097,0.578,0.452,0.964
USR_05702,22.42,69.6,5.4,0.883,0.438,3,0.807,0.243,0.388,0.237,0.828
USR_05703,31.14,23.1,8.3,0.625,0.531,5,0.562,0.367,0.399,0.654,0.492
USR_05704,16.73,71.5,6.1,0.921,0.598,3,0.481,0.69,0.397,0.966,0.403
USR_05705,24.32,60.8,5.9,0.729,0.395,2,0.737,0.403,0.26,0.181,0.99
USR_05706,7.03,11.5,5.3,0.677,0.487,1,0.319,0.943,0.184,0.671,0.267
USR_05707,18.74,47.8,5.4,0.877,0.313,3,0.537,0.336,0.546,0.99,0.369
USR_05708,11.58,34.4,6.3,0.617,0.449,3,0.129,0.979,0.166,0.573,0.104
USR_05709,28.66,90.2,6.6,0.838,0.499,3,0.855,0.207,0.594,0.223,0.894
USR_05710,24.12,18.8,8.9,0.716,0.318,5,0.68,0.45,0.62,0.435,0.733
USR_05711,17.03,61.4,6.9,0.775,0.471,3,0.99,0.194,0.791,0.381,0.937
USR_05712,13.55,94.6,5.8,0.847,0.813,2,0.822,0.241,0.901,0.438,0.462
USR_05713,20.63,81.6,4.3,0.86,0.848,3,0.711,0.055,0.833,0.398,0.807
USR_05714,18.61,60.9,9.0,0.71,0.081,4,0.612,0.661,0.841,0.6,0.466
USR_05715,21.25,35.7,6.7,0.572,0.29,4,0.64,0.69,0.49,0.722,0.485
USR_05716,16.44,61.6,7.4,0.786,0.354,5,0.579,0.518,0.459,0.702,0.493
USR_05717,31.1,91.9,2.9,0.862,0.762,3,0.722,0.341,0.933,0.328,0.831
USR_05718,29.29,111.5,5.3,0.876,0.56,3,0.635,0.225,0.778,0.53,0.722
USR_05719,7.45,30.5,2.5,0.363,0.232,3,0.301,0.902,0.141,0.67,0.147
USR_05720,27.77,102.9,3.5,0.828,0.722,3,0.596,0.179,0.761,0.319,0.848
USR_05721,15.76,69.2,4.8,0.928,0.45,2,0.303,0.335,0.741,0.919,0.467
USR_05722,18.07,67.7,7.7,0.58,0.556,2,0.961,0.167,0.705,0.383,0.861
USR_05723,16.11,54.2,6.0,0.857,0.389,3,0.289,0.591,0.59,0.857,0.118
USR_05724,7.06,28.7,5.2,0.769,0.327,1,0.112,0.91,0.075,0.626,0.201
USR_05725,26.23,90.7,4.8,0.824,0.379,2,0.777,0.376,0.802,0.092,0.896
USR_05726,16.36,43.0,7.0,0.847,0.411,3,0.517,0.336,0.513,0.99,0.402
USR_05727,19.72,59.3,5.4,0.952,0.444,2,0.31,0.312,0.499,0.909,0.244
USR_05728,16.46,68.2,4.1,0.812,0.382,3,0.603,0.442,0.454,0.832,0.376
USR_05729,4.84,20.9,6.2,0.694,0.318,2,0.226,0.885,0.05,0.62,0.11
USR_05730,25.89,39.1,8.8,0.712,0.465,4,0.685,0.63,0.597,0.71,0.363
USR_05731,21.03,101.3,4.8,0.812,0.517,2,0.957,0.442,0.774,0.467,0.803
USR_05732,18.79,106.6,5.4,0.95,0.712,3,0.801,0.05,0.93,0.21,0.734
USR_05733,4.62,16.6,3.1,0.476,0.324,1,0.05,0.873,0.467,0.743,0.15
USR_05734,16.3,65.7,6.4,0.765,0.448,2,0.99,0.164,0.82,0.36,0.853
USR_05735,9.69,24.3,2.7,0.699,0.17,1,0.484,0.825,0.243,0.406,0.213
USR_05736,24.88,111.0,5.2,0.779,0.777,4,0.847,0.475,0.846,0.366,0.601
USR_05737,19.88,74.1,6.1,0.887,0.574,2,0.822,0.123,0.658,0.17,0.944
USR_05738,29.11,81.5,3.6,0.888,0.892,2,0.781,0.344,0.963,0.58,0.596
USR_05739,3.77,24.5,6.2,0.641,0.184,1,0.386,0.787,0.336,0.687,0.163
USR_05740,15.0,59.4,6.1,0.786,0.432,4,0.295,0.441,0.404,0.938,0.355
USR_05741,19.9,53.8,4.9,0.833,0.384,2,0.437,0.538,0.625,0.84,0.125
USR_05742,22.24,41.5,7.2,0.587,0.711,4,0.699,0.677,0.507,0.6,0.568
USR_05743,24.85,74.3,5.6,0.893,0.508,3,0.755,0.225,0.761,0.166,0.903
USR_05744,8.06,32.5,1.9,0.428,0.312,1,0.126,0.893,0.12,0.444,0.162
USR_05745,13.46,81.9,4.7,0.9,0.594,2,0.832,0.263,0.858,0.282,0.701
USR_05746,33.26,93.9,5.9,0.898,0.679,3,0.848,0.324,0.674,0.396,0.626
USR_05747,33.87,72.2,5.1,0.773,0.749,4,0.869,0.132,0.689,0.643,0.62
USR_05748,9.78,25.4,6.5,0.634,0.118,3,0.263,0.99,0.42,0.798,0.241
USR_05749,25.62,86.0,6.2,0.847,0.336,2,0.783,0.321,0.697,0.424,0.815
USR_05750,33.01,96.1,4.1,0.873,0.674,2,0.658,0.32,0.817,0.658,0.733
USR_05751,23.62,94.2,3.2,0.986,0.655,3,0.7,0.131,0.784,0.507,0.955
USR_05752,32.21,103.9,6.7,0.929,0.912,2,0.481,0.199,0.845,0.176,0.649
USR_05753,28.17,84.8,4.7,0.922,0.617,3,0.698,0.311,0.821,0.357,0.343
USR_05754,8.41,21.2,4.4,0.694,0.543,2,0.389,0.9,0.187,0.659,0.249
USR_05755,27.91,58.1,9.3,0.666,0.403,4,0.6,0.638,0.525,0.575,0.527
USR_05756,36.54,110.5,3.2,0.752,0.767,3,0.798,0.215,0.873,0.443,0.529
USR_05757,7.49,72.8,6.7,0.79,0.393,4,0.394,0.509,0.524,0.986,0.289
USR_05758,26.17,67.3,6.5,0.989,0.353,3,0.343,0.422,0.681,0.819,0.351
USR_05759,21.61,50.3,5.9,0.871,0.565,2,0.26,0.59,0.366,0.981,0.35
USR_05760,18.93,86.6,7.3,0.791,0.509,3,0.841,0.27,0.57,0.107,0.951
USR_05761,5.22,32.6,6.4,0.576,0.05,1,0.226,0.748,0.24,0.579,0.285
USR_05762,24.33,62.4,4.6,0.767,0.203,3,0.454,0.508,0.459,0.867,0.238
USR_05763,25.26,101.2,3.7,0.844,0.646,3,0.914,0.193,0.509,0.342,0.89
USR_05764,23.3,64.8,6.5,0.704,0.515,3,0.938,0.253,0.883,0.05,0.859
USR_05765,17.42,34.3,8.6,0.77,0.376,5,0.647,0.81,0.589,0.731,0.587
USR_05766,33.08,70.0,5.1,0.96,0.791,3,0.837,0.298,0.737,0.363,0.873
USR_05767,20.27,53.3,7.0,0.951,0.309,3,0.278,0.242,0.78,0.915,0.248
USR_05768,25.2,67.7,4.8,0.985,0.578,3,0.665,0.301,0.87,0.41,0.617
USR_05769,24.28,63.1,7.1,0.767,0.539,3,0.923,0.092,0.809,0.404,0.786
USR_05770,14.22,52.9,8.5,0.792,0.634,4,0.523,0.857,0.576,0.67,0.676
USR_05771,22.15,118.9,5.4,0.803,0.688,3,0.698,0.387,0.626,0.27,0.509
USR_05772,19.47,94.2,7.5,0.91,0.622,3,0.832,0.182,0.643,0.278,0.99
USR_05773,6.28,33.6,4.4,0.507,0.235,2,0.118,0.737,0.136,0.627,0.213
USR_05774,12.94,29.1,7.7,0.6,0.345,5,0.933,0.537,0.771,0.747,0.865
USR_05775,30.52,79.0,8.2,0.927,0.546,2,0.821,0.297,0.556,0.139,0.913
USR_05776,14.07,62.0,6.7,0.95,0.404,4,0.351,0.651,0.824,0.932,0.275
USR_05777,18.01,46.8,10.8,0.738,0.379,5,0.35,0.545,0.567,0.871,0.686
USR_05778,25.61,81.8,5.1,0.967,0.69,3,0.658,0.181,0.682,0.584,0.726
USR_05779,22.77,49.9,5.0,0.85,0.617,2,0.858,0.05,0.637,0.436,0.99
USR_05780,21.39,47.7,5.6,0.909,0.492,5,0.417,0.717,0.642,0.493,0.583
USR_05781,6.2,34.8,3.3,0.521,0.373,2,0.438,0.99,0.168,0.598,0.065
USR_05782,6.95,17.0,3.9,0.437,0.373,1,0.198,0.674,0.05,0.73,0.254
USR_05783,25.61,102.1,6.8,0.754,0.666,3,0.99,0.312,0.699,0.165,0.856
USR_05784,3.42,39.4,3.9,0.417,0.363,1,0.272,0.99,0.058,0.739,0.141
USR_05785,23.53,84.0,3.7,0.788,0.807,2,0.99,0.221,0.751,0.172,0.723
USR_05786,29.03,93.3,6.0,0.888,0.717,3,0.673,0.411,0.843,0.364,0.783
USR_05787,11.7,11.9,5.0,0.585,0.301,2,0.05,0.853,0.293,0.653,0.161
USR_05788,21.42,38.2,6.7,0.959,0.425,3,0.388,0.22,0.576,0.805,0.287
USR_05789,6.65,28.0,1.7,0.599,0.458,2,0.306,0.869,0.141,0.592,0.258
USR_05790,24.04,82.6,6.8,0.887,0.699,3,0.948,0.05,0.814,0.092,0.867
USR_05791,23.25,87.7,4.4,0.794,0.421,3,0.962,0.05,0.612,0.218,0.988
USR_05792,22.87,50.3,9.9,0.584,0.535,5,0.52,0.623,0.415,0.528,0.475
USR_05793,17.31,41.0,10.2,0.828,0.597,5,0.536,0.364,0.514,0.707,0.594
USR_05794,7.12,32.6,7.8,0.448,0.419,1,0.165,0.784,0.186,0.477,0.237
USR_05795,7.94,28.8,3.8,0.554,0.448,3,0.312,0.925,0.279,0.703,0.157
USR_05796,24.35,79.9,4.9,0.869,0.598,5,0.555,0.594,0.605,0.68,0.425
USR_05797,25.77,90.8,4.3,0.81,0.676,4,0.65,0.183,0.898,0.446,0.672
USR_05798,24.69,96.4,5.4,0.89,0.724,4,0.787,0.191,0.977,0.386,0.454
USR_05799,5.78,24.6,2.4,0.575,0.418,2,0.355,0.827,0.05,0.56,0.352
USR_05800,23.11,88.1,4.2,0.888,0.503,3,0.939,0.116,0.622,0.254,0.949
USR_05801,24.88,82.6,6.6,0.84,0.869,2,0.896,0.358,0.695,0.392,0.719
USR_05802,19.53,41.0,5.8,0.93,0.581,3,0.372,0.517,0.534,0.857,0.37
USR_05803,20.7,128.9,4.6,0.831,0.715,3,0.974,0.243,0.883,0.488,0.781
USR_05804,21.2,52.2,8.4,0.733,0.393,5,0.597,0.666,0.743,0.644,0.672
USR_05805,11.77,61.1,6.2,0.825,0.467,2,0.357,0.471,0.435,0.927,0.181
USR_05806,19.83,53.9,9.1,0.801,0.547,5,0.643,0.797,0.673,0.727,0.636
USR_05807,22.6,28.1,8.1,0.587,0.53,5,0.869,0.598,0.893,0.473,0.6
USR_05808,19.33,30.5,5.5,0.867,0.353,4,0.597,0.622,0.473,0.787,0.694
USR_05809,15.07,94.0,5.9,0.989,0.489,3,0.979,0.156,0.622,0.395,0.96
USR_05810,27.22,57.6,5.1,0.843,0.396,2,0.839,0.17,0.518,0.382,0.967
USR_05811,4.47,19.3,6.0,0.659,0.306,1,0.35,0.822,0.225,0.666,0.067
USR_05812,16.07,59.4,6.2,0.662,0.42,4,0.508,0.928,0.73,0.659,0.466
USR_05813,14.78,44.5,6.9,0.551,0.415,4,0.476,0.79,0.761,0.738,0.917
USR_05814,14.04,68.9,4.9,0.924,0.557,3,0.904,0.175,0.486,0.445,0.926
USR_05815,24.81,76.5,6.1,0.73,0.607,2,0.99,0.288,0.539,0.229,0.831
USR_05816,23.75,70.5,5.0,0.957,0.36,3,0.959,0.255,0.388,0.153,0.973
USR_05817,11.03,59.1,6.2,0.867,0.314,2,0.203,0.261,0.405,0.99,0.133
USR_05818,12.13,33.4,4.3,0.655,0.291,1,0.217,0.808,0.05,0.519,0.403
USR_05819,18.43,37.4,11.1,0.754,0.532,5,0.511,0.657,0.742,0.793,0.728
USR_05820,17.39,75.9,6.7,0.931,0.599,2,0.924,0.371,0.278,0.151,0.863
USR_05821,13.97,59.3,5.0,0.955,0.406,3,0.438,0.499,0.77,0.888,0.248
USR_05822,20.85,63.2,11.2,0.83,0.572,5,0.647,0.605,0.841,0.411,0.508
USR_05823,10.16,31.3,4.9,0.465,0.262,2,0.177,0.947,0.081,0.78,0.213
USR_05824,18.79,78.2,4.4,0.821,0.829,4,0.814,0.263,0.971,0.525,0.783
USR_05825,21.19,61.6,7.1,0.943,0.312,3,0.588,0.559,0.688,0.969,0.328
USR_05826,24.29,110.1,2.0,0.913,0.764,3,0.66,0.253,0.665,0.476,0.892
USR_05827,6.47,25.9,3.4,0.361,0.476,2,0.413,0.872,0.209,0.508,0.15
USR_05828,13.44,79.3,4.2,0.864,0.386,3,0.402,0.419,0.481,0.818,0.545
USR_05829,40.03,77.8,5.1,0.809,0.844,2,0.628,0.189,0.862,0.205,0.661
USR_05830,22.39,97.5,4.9,0.88,0.24,3,0.894,0.103,0.667,0.396,0.849
USR_05831,28.39,92.8,8.7,0.689,0.646,3,0.756,0.282,0.847,0.239,0.942
USR_05832,32.27,105.7,5.4,0.913,0.645,3,0.952,0.322,0.648,0.433,0.686
USR_05833,14.57,65.8,6.8,0.897,0.376,3,0.305,0.307,0.669,0.782,0.243
USR_05834,17.19,58.6,5.6,0.797,0.347,3,0.494,0.511,0.729,0.904,0.358
USR_05835,28.21,62.0,7.4,0.721,0.257,5,0.454,0.753,0.774,0.902,0.541
USR_05836,32.01,100.3,4.3,0.928,0.66,3,0.771,0.214,0.897,0.584,0.685
USR_05837,30.16,52.9,5.9,0.967,0.692,3,0.808,0.086,0.771,0.387,0.692
USR_05838,29.12,75.4,3.7,0.813,0.704,2,0.845,0.344,0.955,0.331,0.78
USR_05839,23.12,93.7,6.0,0.861,0.521,3,0.896,0.28,0.338,0.367,0.839
USR_05840,21.04,63.7,10.3,0.697,0.548,5,0.645,0.605,0.646,0.796,0.923
USR_05841,28.98,85.3,5.9,0.962,0.559,3,0.609,0.289,0.99,0.593,0.676
USR_05842,29.43,127.4,4.0,0.802,0.688,3,0.62,0.477,0.825,0.239,0.588
USR_05843,16.24,29.2,10.0,0.703,0.437,5,0.687,0.484,0.587,0.805,0.778
USR_05844,15.54,48.2,6.2,0.796,0.381,3,0.181,0.591,0.355,0.854,0.122
USR_05845,5.31,23.1,2.5,0.425,0.139,2,0.09,0.751,0.31,0.679,0.161
USR_05846,18.13,62.7,5.4,0.76,0.487,5,0.644,0.811,0.457,0.585,0.487
USR_05847,32.08,91.8,8.4,0.99,0.722,3,0.767,0.094,0.99,0.616,0.67
USR_05848,28.12,84.3,5.6,0.808,0.523,2,0.858,0.363,0.61,0.202,0.788
USR_05849,23.42,73.0,4.4,0.912,0.754,4,0.774,0.264,0.829,0.067,0.722
USR_05850,31.34,86.1,5.0,0.837,0.353,2,0.948,0.167,0.484,0.431,0.906
USR_05851,18.2,56.9,5.9,0.892,0.298,3,0.233,0.167,0.569,0.955,0.332
USR_05852,8.33,25.6,6.9,0.655,0.41,2,0.259,0.819,0.436,0.623,0.132
USR_05853,8.21,32.2,5.7,0.561,0.274,2,0.175,0.909,0.205,0.67,0.289
USR_05854,10.32,21.7,4.5,0.587,0.34,2,0.09,0.849,0.252,0.489,0.332
USR_05855,25.02,104.1,4.7,0.988,0.794,4,0.728,0.457,0.629,0.54,0.577
USR_05856,23.29,50.7,4.6,0.74,0.492,3,0.867,0.056,0.613,0.427,0.931
USR_05857,18.93,48.1,10.3,0.751,0.549,4,0.761,0.666,0.479,0.735,0.492
USR_05858,22.42,40.2,8.0,0.796,0.333,5,0.814,0.738,0.647,0.69,0.348
USR_05859,28.43,93.4,8.8,0.958,0.77,2,0.881,0.24,0.722,0.283,0.966
USR_05860,18.39,77.2,9.2,0.894,0.57,3,0.737,0.462,0.736,0.344,0.891
USR_05861,34.43,122.4,3.7,0.924,0.707,3,0.96,0.357,0.813,0.495,0.592
USR_05862,20.58,53.4,7.8,0.784,0.405,3,0.656,0.429,0.524,0.828,0.066
USR_05863,23.03,49.7,5.5,0.801,0.435,3,0.541,0.619,0.493,0.969,0.341
USR_05864,24.65,60.5,4.2,0.898,0.649,2,0.825,0.146,0.752,0.211,0.881
USR_05865,18.82,53.5,6.8,0.797,0.483,2,0.99,0.167,0.635,0.31,0.906
USR_05866,18.39,59.9,4.6,0.776,0.486,3,0.842,0.265,0.713,0.15,0.966
USR_05867,15.75,63.0,8.6,0.745,0.387,4,0.783,0.606,0.493,0.441,0.63
USR_05868,29.53,93.3,4.9,0.872,0.571,2,0.803,0.207,0.86,0.464,0.474
USR_05869,15.79,55.6,5.6,0.975,0.568,2,0.43,0.542,0.598,0.99,0.122
USR_05870,21.58,57.5,4.6,0.43,0.61,4,0.486,0.796,0.491,0.751,0.628
USR_05871,23.17,62.8,8.8,0.84,0.298,5,0.488,0.745,0.648,0.773,0.95
USR_05872,15.85,76.6,7.7,0.912,0.296,3,0.166,0.203,0.471,0.757,0.198
USR_05873,19.1,52.3,5.6,0.882,0.351,2,0.346,0.391,0.364,0.817,0.258
USR_05874,14.37,45.2,9.2,0.747,0.479,5,0.626,0.714,0.745,0.591,0.746
USR_05875,13.45,61.4,5.2,0.826,0.342,4,0.95,0.75,0.518,0.616,0.463
USR_05876,6.48,25.2,2.2,0.649,0.248,2,0.246,0.99,0.285,0.556,0.103
USR_05877,23.17,99.4,5.0,0.822,0.436,3,0.675,0.18,0.601,0.23,0.838
USR_05878,25.78,38.7,9.4,0.701,0.575,5,0.536,0.68,0.578,0.767,0.356
USR_05879,14.24,67.1,6.7,0.854,0.436,3,0.363,0.338,0.632,0.99,0.286
USR_05880,26.8,45.8,6.8,0.778,0.527,4,0.722,0.707,0.743,0.66,0.652
USR_05881,2.76,18.7,3.3,0.548,0.359,2,0.334,0.696,0.394,0.534,0.275
USR_05882,22.56,46.1,9.6,0.754,0.354,4,0.476,0.529,0.742,0.492,0.431
USR_05883,10.68,20.9,3.8,0.633,0.303,2,0.274,0.923,0.363,0.907,0.118
USR_05884,18.53,104.0,3.7,0.822,0.668,2,0.645,0.232,0.819,0.459,0.985
USR_05885,6.62,24.3,2.8,0.677,0.525,2,0.323,0.742,0.19,0.651,0.342
USR_05886,8.64,31.4,5.5,0.632,0.237,2,0.327,0.769,0.313,0.425,0.229
USR_05887,26.63,56.7,4.4,0.788,0.396,3,0.99,0.265,0.607,0.128,0.862
USR_05888,10.83,66.1,5.3,0.914,0.359,3,0.156,0.534,0.373,0.926,0.389
USR_05889,12.24,85.8,6.8,0.901,0.426,2,0.889,0.222,0.548,0.18,0.92
USR_05890,29.38,64.0,4.6,0.772,0.697,3,0.68,0.15,0.649,0.164,0.947
USR_05891,6.35,16.3,2.7,0.64,0.323,2,0.167,0.841,0.188,0.57,0.237
USR_05892,29.43,76.2,5.5,0.885,0.458,2,0.878,0.579,0.663,0.215,0.99
USR_05893,9.62,20.9,3.8,0.479,0.282,2,0.195,0.745,0.147,0.884,0.117
USR_05894,18.84,55.9,4.5,0.796,0.465,3,0.173,0.09,0.616,0.99,0.259
USR_05895,10.49,27.8,4.0,0.612,0.377,1,0.289,0.99,0.371,0.75,0.05
USR_05896,27.26,57.3,7.3,0.889,0.653,3,0.876,0.133,0.639,0.369,0.92
USR_05897,14.98,59.6,5.4,0.877,0.133,3,0.431,0.505,0.654,0.858,0.336
USR_05898,18.75,65.2,4.6,0.94,0.853,3,0.793,0.21,0.848,0.37,0.562
USR_05899,7.46,35.1,1.2,0.619,0.329,2,0.05,0.869,0.207,0.837,0.461
USR_05900,6.78,14.7,3.9,0.506,0.05,2,0.231,0.851,0.336,0.798,0.072
USR_05901,16.52,99.1,4.3,0.977,0.833,3,0.704,0.13,0.9,0.579,0.799
USR_05902,10.5,24.5,4.5,0.511,0.301,1,0.442,0.929,0.097,0.657,0.291
USR_05903,8.18,24.0,5.1,0.649,0.238,2,0.236,0.944,0.185,0.615,0.239
USR_05904,19.18,67.0,7.8,0.633,0.518,5,0.617,0.568,0.674,0.804,0.521
USR_05905,18.82,59.0,7.6,0.798,0.575,5,0.661,0.85,0.331,0.743,0.336
USR_05906,19.89,61.4,7.9,0.773,0.179,4,0.905,0.606,0.622,0.645,0.696
USR_05907,26.06,79.1,5.3,0.907,0.558,2,0.976,0.23,0.664,0.345,0.959
USR_05908,10.29,50.6,5.5,0.89,0.559,4,0.209,0.396,0.571,0.965,0.384
USR_05909,15.04,50.5,6.4,0.785,0.402,5,0.387,0.734,0.764,0.526,0.591
USR_05910,6.08,26.9,6.2,0.479,0.283,1,0.267,0.734,0.32,0.601,0.114
USR_05911,16.75,40.0,8.5,0.842,0.301,5,0.351,0.55,0.713,0.61,0.618
USR_05912,23.56,42.6,10.4,0.813,0.42,5,0.625,0.548,0.756,0.699,0.578
USR_05913,31.18,82.0,4.5,0.869,0.772,3,0.968,0.348,0.85,0.452,0.76
USR_05914,8.82,10.0,5.4,0.581,0.291,3,0.235,0.795,0.079,0.736,0.203
USR_05915,10.94,36.7,9.8,0.83,0.427,5,0.547,0.621,0.653,0.828,0.419
USR_05916,29.89,56.1,6.8,0.838,0.517,3,0.99,0.149,0.457,0.245,0.937
USR_05917,4.59,18.5,4.3,0.307,0.325,3,0.491,0.855,0.213,0.534,0.05
USR_05918,3.73,22.4,4.6,0.632,0.18,2,0.137,0.901,0.308,0.518,0.264
USR_05919,12.76,56.2,5.8,0.677,0.298,5,0.47,0.657,0.832,0.77,0.408
USR_05920,24.72,65.2,9.7,0.614,0.383,4,0.794,0.641,0.56,0.56,0.88
USR_05921,20.09,64.6,7.3,0.884,0.508,2,0.908,0.138,0.319,0.337,0.798
USR_05922,30.52,97.7,5.2,0.774,0.795,3,0.701,0.244,0.684,0.396,0.907
USR_05923,10.21,21.7,3.2,0.734,0.258,1,0.276,0.96,0.195,0.605,0.208
USR_05924,15.19,48.5,6.9,0.69,0.482,5,0.71,0.816,0.598,0.522,0.544
USR_05925,15.45,48.5,6.2,0.989,0.236,2,0.235,0.418,0.561,0.982,0.271
USR_05926,19.74,63.1,3.6,0.902,0.388,3,0.71,0.266,0.732,0.267,0.923
USR_05927,12.12,46.4,4.3,0.819,0.256,3,0.419,0.34,0.439,0.984,0.169
USR_05928,19.51,116.1,4.5,0.908,0.743,3,0.784,0.111,0.875,0.274,0.886
USR_05929,17.78,47.7,4.3,0.869,0.315,2,0.122,0.298,0.635,0.8,0.276
USR_05930,23.99,96.7,6.4,0.679,0.412,2,0.871,0.12,0.637,0.058,0.873
USR_05931,16.28,49.1,5.7,0.843,0.402,4,0.407,0.282,0.664,0.982,0.398
USR_05932,18.16,68.2,7.7,0.84,0.348,2,0.38,0.316,0.556,0.809,0.392
USR_05933,15.16,53.4,4.8,0.913,0.258,3,0.336,0.47,0.352,0.833,0.183
USR_05934,32.8,68.5,5.7,0.91,0.538,4,0.939,0.457,0.899,0.602,0.566
USR_05935,3.81,20.4,3.0,0.59,0.111,1,0.287,0.912,0.342,0.95,0.053
USR_05936,27.72,87.9,4.8,0.989,0.652,3,0.784,0.334,0.791,0.55,0.551
USR_05937,25.49,111.8,3.6,0.88,0.755,3,0.885,0.201,0.908,0.499,0.725
USR_05938,20.97,42.4,11.7,0.781,0.356,5,0.772,0.173,0.688,0.53,0.538
USR_05939,20.41,50.6,8.3,0.601,0.507,5,0.95,0.499,0.856,0.638,0.362
USR_05940,26.15,37.0,6.8,0.873,0.306,5,0.445,0.668,0.553,0.535,0.553
USR_05941,17.03,55.2,8.2,0.934,0.795,3,0.752,0.33,0.831,0.311,0.825
USR_05942,7.66,20.0,2.5,0.443,0.364,2,0.091,0.647,0.372,0.894,0.355
USR_05943,18.9,40.9,8.4,0.907,0.218,3,0.423,0.521,0.37,0.86,0.271
USR_05944,16.09,39.3,4.7,0.87,0.336,3,0.456,0.29,0.484,0.99,0.221
USR_05945,36.71,77.9,4.1,0.819,0.69,4,0.785,0.195,0.99,0.226,0.972
USR_05946,7.62,15.8,2.6,0.768,0.313,2,0.05,0.846,0.182,0.572,0.204
USR_05947,5.01,30.0,3.0,0.593,0.315,1,0.176,0.744,0.08,0.587,0.315
USR_05948,24.03,50.6,5.4,0.936,0.379,4,0.409,0.573,0.513,0.975,0.273
USR_05949,17.1,52.4,4.2,0.918,0.59,3,0.918,0.05,0.753,0.276,0.839
USR_05950,27.47,127.7,2.9,0.849,0.843,3,0.692,0.545,0.834,0.56,0.726
USR_05951,18.99,48.2,8.0,0.768,0.298,5,0.728,0.564,0.692,0.488,0.525
USR_05952,26.0,76.7,2.6,0.849,0.46,2,0.793,0.32,0.488,0.366,0.99
USR_05953,29.04,93.9,2.8,0.81,0.714,3,0.588,0.359,0.718,0.412,0.676
USR_05954,21.0,116.3,4.5,0.863,0.62,3,0.661,0.343,0.752,0.379,0.721
USR_05955,7.46,10.0,1.9,0.591,0.05,1,0.524,0.884,0.297,0.711,0.081
USR_05956,19.47,46.1,9.2,0.724,0.36,5,0.429,0.503,0.684,0.733,0.735
USR_05957,33.06,79.6,6.0,0.958,0.714,3,0.783,0.347,0.803,0.468,0.882
USR_05958,38.85,95.3,4.6,0.813,0.79,3,0.641,0.078,0.9,0.569,0.779
USR_05959,35.3,78.3,6.9,0.759,0.329,3,0.982,0.291,0.728,0.331,0.882
USR_05960,25.62,54.4,5.8,0.905,0.488,3,0.788,0.196,0.592,0.05,0.921
USR_05961,7.64,21.9,6.6,0.663,0.395,2,0.177,0.771,0.244,0.762,0.132
USR_05962,6.38,37.4,7.5,0.543,0.227,2,0.05,0.887,0.195,0.633,0.05
USR_05963,27.53,82.5,9.2,0.918,0.38,5,0.834,0.338,0.552,0.66,0.662
USR_05964,22.84,68.6,5.0,0.907,0.605,3,0.725,0.18,0.759,0.299,0.83
USR_05965,18.26,66.8,7.7,0.864,0.262,3,0.252,0.408,0.608,0.99,0.421
USR_05966,23.42,67.8,3.9,0.823,0.65,3,0.939,0.245,0.7,0.431,0.596
USR_05967,21.23,70.4,6.8,0.919,0.34,2,0.862,0.233,0.874,0.167,0.923
USR_05968,20.21,84.2,3.9,0.756,0.658,2,0.644,0.353,0.63,0.144,0.623
USR_05969,24.79,72.4,6.1,0.931,0.716,4,0.813,0.328,0.919,0.381,0.74
USR_05970,21.89,56.0,7.4,0.901,0.294,3,0.307,0.32,0.407,0.906,0.225
USR_05971,22.91,113.0,3.6,0.821,0.669,4,0.911,0.277,0.676,0.57,0.892
USR_05972,3.64,34.1,8.0,0.391,0.474,3,0.194,0.849,0.287,0.71,0.085
USR_05973,26.95,54.7,3.0,0.925,0.464,3,0.436,0.291,0.574,0.99,0.337
USR_05974,32.52,46.8,4.2,0.807,0.319,2,0.99,0.247,0.809,0.268,0.932
USR_05975,6.5,29.9,3.8,0.491,0.352,1,0.514,0.8,0.26,0.773,0.089
USR_05976,7.89,16.6,6.0,0.709,0.345,1,0.272,0.812,0.207,0.606,0.068
USR_05977,15.96,52.5,7.0,0.91,0.253,2,0.274,0.305,0.612,0.88,0.213
USR_05978,11.45,50.3,6.7,0.782,0.194,4,0.696,0.549,0.667,0.758,0.472
USR_05979,27.26,55.6,5.3,0.914,0.301,2,0.854,0.165,0.593,0.227,0.909
USR_05980,16.14,46.3,5.5,0.84,0.419,3,0.339,0.367,0.454,0.903,0.377
USR_05981,11.3,24.8,4.9,0.501,0.417,3,0.171,0.828,0.204,0.734,0.297
USR_05982,29.13,86.0,3.4,0.819,0.895,4,0.705,0.069,0.873,0.491,0.846
USR_05983,14.64,44.3,4.9,0.891,0.276,4,0.416,0.209,0.483,0.95,0.533
USR_05984,7.54,15.7,4.6,0.442,0.161,1,0.467,0.772,0.091,0.465,0.199
USR_05985,18.61,106.6,5.6,0.829,0.812,3,0.506,0.122,0.713,0.212,0.703
USR_05986,22.66,86.7,6.3,0.822,0.498,3,0.979,0.214,0.631,0.303,0.99
USR_05987,8.28,27.7,5.3,0.569,0.163,1,0.229,0.91,0.184,0.95,0.257
USR_05988,14.19,63.8,6.5,0.919,0.339,2,0.334,0.488,0.614,0.812,0.254
USR_05989,11.07,71.1,9.0,0.763,0.223,4,0.792,0.556,0.705,0.676,0.448
USR_05990,24.24,68.3,7.2,0.811,0.304,2,0.732,0.232,0.627,0.389,0.857
USR_05991,20.78,37.1,9.9,0.753,0.425,5,0.691,0.684,0.534,0.548,0.562
USR_05992,4.87,26.2,2.6,0.475,0.423,3,0.369,0.889,0.201,0.667,0.444
USR_05993,26.6,57.0,4.8,0.901,0.46,3,0.251,0.363,0.468,0.857,0.326
USR_05994,18.46,66.6,8.2,0.605,0.283,4,0.624,0.622,0.817,0.715,0.811
USR_05995,26.88,67.7,4.8,0.721,0.809,3,0.867,0.322,0.837,0.278,0.767
USR_05996,18.85,67.2,6.7,0.848,0.504,2,0.839,0.209,0.459,0.268,0.92
USR_05997,18.95,71.0,2.3,0.814,0.227,2,0.268,0.495,0.591,0.911,0.386
USR_05998,15.7,38.4,5.5,0.815,0.352,2,0.779,0.147,0.593,0.337,0.883
USR_05999,14.46,61.1,5.7,0.969,0.307,2,0.343,0.348,0.469,0.81,0.204
USR_06000,26.63,58.5,6.3,0.758,0.38,3,0.323,0.365,0.71,0.896,0.275
USR_06001,36.2,106.3,3.6,0.922,0.695,3,0.688,0.379,0.611,0.422,0.633
USR_06002,24.49,96.7,6.0,0.836,0.887,2,0.587,0.367,0.804,0.545,0.739
USR_06003,18.83,96.1,4.6,0.85,0.711,3,0.985,0.543,0.891,0.657,0.848
USR_06004,21.56,50.8,6.3,0.781,0.367,3,0.371,0.396,0.364,0.938,0.456
USR_06005,24.5,102.8,3.7,0.834,0.793,3,0.953,0.356,0.69,0.326,0.883
USR_06006,30.45,86.1,4.8,0.857,0.454,2,0.963,0.359,0.518,0.404,0.947
USR_06007,25.05,67.9,5.7,0.733,0.549,4,0.823,0.172,0.874,0.235,0.958
USR_06008,26.31,92.2,6.7,0.724,0.513,2,0.686,0.343,0.598,0.329,0.903
USR_06009,30.11,92.2,5.9,0.897,0.522,2,0.716,0.316,0.863,0.427,0.554
USR_06010,7.57,20.3,4.3,0.605,0.384,2,0.468,0.854,0.267,0.819,0.175
USR_06011,3.5,19.9,4.6,0.562,0.426,2,0.089,0.974,0.104,0.615,0.174
USR_06012,23.5,42.7,6.0,0.685,0.383,5,0.604,0.876,0.583,0.756,0.622
USR_06013,5.21,31.6,3.1,0.481,0.361,1,0.396,0.847,0.076,0.612,0.118
USR_06014,27.07,91.5,5.7,0.912,0.642,4,0.659,0.213,0.8,0.284,0.754
USR_06015,27.2,80.4,5.0,0.873,0.387,3,0.99,0.206,0.55,0.211,0.899
USR_06016,20.05,56.5,4.8,0.787,0.285,4,0.372,0.258,0.538,0.809,0.121
USR_06017,5.91,19.5,6.3,0.509,0.229,2,0.241,0.646,0.179,0.623,0.238
USR_06018,9.84,39.0,4.5,0.521,0.223,2,0.368,0.841,0.159,0.713,0.158
USR_06019,6.98,15.7,3.6,0.591,0.451,2,0.212,0.933,0.149,0.637,0.068
USR_06020,18.86,21.1,7.4,0.942,0.278,2,0.541,0.395,0.452,0.99,0.46
USR_06021,13.47,65.2,3.5,0.875,0.37,4,0.33,0.295,0.442,0.99,0.265
USR_06022,25.98,54.7,6.3,0.768,0.721,3,0.779,0.06,0.721,0.401,0.694
USR_06023,21.81,54.8,9.0,0.851,0.474,5,0.57,0.896,0.801,0.625,0.472
USR_06024,22.02,84.1,8.4,0.909,0.488,2,0.764,0.16,0.712,0.362,0.99
USR_06025,15.38,105.3,5.8,0.776,0.489,3,0.869,0.306,0.796,0.203,0.843
USR_06026,15.72,45.9,3.8,0.857,0.241,3,0.246,0.599,0.852,0.841,0.226
USR_06027,29.48,77.6,4.7,0.776,0.748,3,0.764,0.377,0.83,0.419,0.761
USR_06028,23.04,66.4,4.5,0.948,0.611,3,0.89,0.265,0.402,0.234,0.942
USR_06029,23.33,90.6,6.8,0.847,0.603,3,0.804,0.153,0.657,0.184,0.828
USR_06030,6.08,28.2,4.1,0.517,0.255,3,0.077,0.982,0.114,0.572,0.094
USR_06031,28.76,98.9,3.3,0.874,0.886,3,0.834,0.319,0.912,0.455,0.825
USR_06032,23.07,56.9,12.7,0.727,0.336,4,0.769,0.58,0.693,0.747,0.614
USR_06033,14.49,87.7,8.6,0.848,0.39,2,0.884,0.177,0.548,0.361,0.939
USR_06034,17.75,36.4,4.7,0.864,0.238,3,0.403,0.475,0.494,0.962,0.261
USR_06035,33.8,78.1,7.0,0.761,0.474,2,0.851,0.128,0.464,0.36,0.964
USR_06036,18.34,56.8,5.9,0.86,0.497,3,0.618,0.42,0.568,0.99,0.28
USR_06037,20.87,54.0,8.0,0.848,0.359,3,0.426,0.38,0.637,0.815,0.4
USR_06038,29.08,84.3,3.1,0.659,0.737,3,0.99,0.388,0.906,0.47,0.577
USR_06039,15.77,45.4,7.9,0.853,0.401,3,0.275,0.521,0.737,0.949,0.241
USR_06040,21.19,57.8,5.6,0.859,0.346,2,0.332,0.609,0.535,0.912,0.409
USR_06041,18.61,31.4,8.5,0.698,0.521,4,0.569,0.64,0.752,0.711,0.548
USR_06042,20.86,52.6,6.8,0.664,0.483,5,0.618,0.413,0.699,0.607,0.403
USR_06043,25.65,117.6,4.6,0.804,0.647,4,0.726,0.37,0.824,0.505,0.845
USR_06044,28.81,72.7,7.5,0.821,0.524,2,0.846,0.05,0.64,0.245,0.904
USR_06045,24.64,40.4,4.5,0.805,0.4,3,0.399,0.441,0.618,0.907,0.222
USR_06046,1.58,32.7,3.0,0.591,0.24,2,0.175,0.845,0.155,0.79,0.192
USR_06047,22.86,33.0,10.2,0.793,0.475,5,0.679,0.786,0.671,0.795,0.729
USR_06048,12.83,42.7,5.9,0.863,0.433,3,0.24,0.348,0.763,0.923,0.162
USR_06049,25.72,97.7,4.9,0.757,0.331,3,0.928,0.174,0.436,0.398,0.977
USR_06050,23.96,105.0,2.9,0.876,0.795,2,0.862,0.254,0.95,0.504,0.457
USR_06051,29.09,172.1,5.2,0.939,0.835,4,0.858,0.142,0.655,0.443,0.609
USR_06052,19.0,97.1,4.8,0.785,0.809,2,0.732,0.288,0.937,0.186,0.615
USR_06053,23.63,48.7,6.3,0.873,0.205,2,0.496,0.743,0.677,0.807,0.348
USR_06054,6.33,28.9,1.4,0.645,0.251,1,0.195,0.883,0.229,0.861,0.447
USR_06055,7.42,20.4,7.6,0.514,0.433,1,0.433,0.869,0.355,0.722,0.199
USR_06056,22.7,54.4,6.7,0.824,0.474,2,0.978,0.271,0.725,0.36,0.99
USR_06057,9.28,28.1,3.3,0.682,0.321,1,0.253,0.846,0.096,0.757,0.143
USR_06058,21.79,52.7,9.4,0.607,0.277,5,0.791,0.358,0.699,0.744,0.739
USR_06059,22.68,71.0,6.9,0.862,0.67,4,0.806,0.382,0.752,0.317,0.795
USR_06060,9.07,28.8,5.5,0.416,0.231,2,0.429,0.919,0.473,0.54,0.242
USR_06061,23.08,58.5,5.6,0.832,0.424,2,0.926,0.061,0.694,0.366,0.838
USR_06062,3.54,27.9,4.8,0.46,0.247,2,0.079,0.92,0.15,0.666,0.268
USR_06063,8.1,19.0,2.8,0.473,0.346,2,0.05,0.66,0.219,0.759,0.264
USR_06064,7.15,18.8,2.9,0.462,0.283,2,0.144,0.689,0.311,0.694,0.346
USR_06065,17.42,52.3,6.2,0.934,0.258,3,0.556,0.317,0.301,0.799,0.342
USR_06066,16.61,58.0,6.6,0.913,0.393,3,0.384,0.386,0.65,0.851,0.37
USR_06067,28.87,89.8,3.8,0.83,0.774,2,0.779,0.417,0.903,0.531,0.602
USR_06068,14.41,44.4,8.0,0.801,0.292,2,0.444,0.336,0.41,0.99,0.214
USR_06069,20.23,97.7,4.4,0.912,0.741,3,0.989,0.164,0.75,0.104,0.929
USR_06070,21.73,94.3,6.0,0.989,0.799,2,0.709,0.207,0.845,0.539,0.596
USR_06071,10.47,33.7,2.2,0.574,0.287,2,0.172,0.952,0.331,0.423,0.13
USR_06072,20.88,37.9,7.2,0.632,0.437,4,0.741,0.819,0.528,0.734,0.517
USR_06073,7.51,22.3,6.7,0.555,0.367,3,0.224,0.79,0.209,0.486,0.286
USR_06074,8.52,29.8,7.3,0.631,0.124,1,0.229,0.711,0.086,0.468,0.221
USR_06075,31.37,101.7,3.1,0.837,0.806,4,0.841,0.403,0.853,0.458,0.653
USR_06076,9.72,32.2,1.8,0.725,0.359,2,0.143,0.848,0.068,0.511,0.155
USR_06077,3.45,29.7,5.5,0.631,0.158,2,0.101,0.89,0.206,0.95,0.244
USR_06078,35.41,110.0,5.0,0.724,0.668,4,0.989,0.119,0.887,0.5,0.729
USR_06079,8.37,20.3,3.3,0.327,0.272,2,0.484,0.679,0.362,0.586,0.214
USR_06080,4.76,24.2,5.3,0.661,0.352,2,0.391,0.932,0.081,0.74,0.195
USR_06081,6.31,24.5,7.5,0.661,0.165,1,0.221,0.99,0.183,0.549,0.129
USR_06082,16.3,51.4,4.5,0.868,0.393,2,0.85,0.313,0.843,0.165,0.861
USR_06083,30.46,60.4,4.2,0.898,0.62,3,0.869,0.322,0.702,0.267,0.99
USR_06084,27.87,90.8,4.7,0.946,0.688,3,0.99,0.063,0.715,0.05,0.702
USR_06085,17.35,37.8,7.2,0.855,0.313,3,0.472,0.302,0.423,0.92,0.231
USR_06086,22.73,110.6,5.1,0.863,0.65,3,0.722,0.148,0.78,0.625,0.768
USR_06087,21.95,50.8,8.5,0.718,0.345,5,0.882,0.536,0.769,0.607,0.544
USR_06088,9.5,30.2,6.3,0.649,0.088,2,0.149,0.99,0.269,0.95,0.23
USR_06089,18.25,60.9,5.2,0.758,0.245,3,0.393,0.247,0.734,0.828,0.488
USR_06090,33.17,121.0,2.1,0.811,0.79,3,0.857,0.301,0.726,0.399,0.667
USR_06091,29.33,61.4,6.7,0.907,0.525,5,0.689,0.6,0.285,0.761,0.595
USR_06092,14.47,83.6,9.7,0.895,0.502,2,0.818,0.288,0.513,0.365,0.99
USR_06093,19.63,47.7,4.4,0.786,0.374,2,0.26,0.43,0.654,0.91,0.306
USR_06094,13.01,45.4,7.5,0.729,0.451,5,0.612,0.64,0.677,0.785,0.741
USR_06095,30.47,60.9,8.1,0.777,0.525,2,0.746,0.227,0.781,0.214,0.935
USR_06096,9.36,30.9,2.4,0.535,0.328,1,0.219,0.622,0.14,0.684,0.069
USR_06097,33.38,68.2,6.3,0.886,0.768,4,0.901,0.153,0.739,0.676,0.627
USR_06098,19.58,61.8,7.0,0.816,0.525,3,0.928,0.136,0.712,0.304,0.99
USR_06099,23.61,72.5,4.1,0.923,0.713,4,0.744,0.36,0.65,0.369,0.759
USR_06100,24.73,87.7,4.1,0.83,0.697,4,0.574,0.403,0.989,0.54,0.789
USR_06101,9.82,26.9,5.0,0.352,0.205,3,0.328,0.815,0.371,0.514,0.214
USR_06102,19.73,53.1,6.9,0.819,0.267,4,0.734,0.693,0.454,0.575,0.507
USR_06103,12.0,63.5,7.3,0.638,0.458,5,0.839,0.841,0.684,0.511,0.68
USR_06104,34.97,120.6,3.3,0.932,0.675,3,0.556,0.29,0.709,0.48,0.805
USR_06105,26.5,104.5,4.5,0.897,0.706,3,0.812,0.168,0.707,0.451,0.685
USR_06106,22.24,49.6,7.4,0.838,0.255,2,0.904,0.34,0.855,0.294,0.909
USR_06107,22.53,53.3,5.2,0.936,0.257,3,0.38,0.343,0.611,0.856,0.07
USR_06108,23.58,79.2,4.4,0.789,0.596,2,0.811,0.189,0.99,0.414,0.628
USR_06109,29.88,76.2,4.7,0.945,0.716,3,0.538,0.363,0.802,0.301,0.824
USR_06110,19.72,77.4,8.2,0.929,0.329,2,0.373,0.371,0.284,0.818,0.219
USR_06111,4.74,20.8,4.5,0.612,0.296,1,0.359,0.708,0.25,0.601,0.152
USR_06112,24.87,61.5,6.3,0.777,0.369,2,0.96,0.289,0.705,0.195,0.918
USR_06113,18.55,95.8,4.1,0.902,0.827,4,0.866,0.57,0.817,0.594,0.57
USR_06114,17.37,38.4,7.4,0.885,0.605,3,0.879,0.282,0.738,0.359,0.971
USR_06115,5.66,18.3,4.7,0.475,0.453,2,0.399,0.901,0.29,0.872,0.27
USR_06116,24.02,81.8,6.0,0.956,0.657,2,0.789,0.077,0.753,0.258,0.984
USR_06117,32.25,56.4,5.5,0.836,0.612,3,0.789,0.243,0.732,0.244,0.99
USR_06118,16.73,49.8,4.5,0.926,0.4,2,0.29,0.442,0.639,0.862,0.175
USR_06119,23.91,93.4,7.9,0.899,0.573,3,0.721,0.175,0.801,0.189,0.99
USR_06120,7.65,24.2,2.3,0.568,0.173,1,0.213,0.624,0.214,0.747,0.219
USR_06121,24.77,45.2,6.4,0.867,0.522,2,0.863,0.129,0.424,0.206,0.99
USR_06122,24.49,50.4,7.1,0.786,0.195,5,0.791,0.512,0.715,0.631,0.441
USR_06123,22.56,117.3,2.0,0.812,0.607,4,0.808,0.179,0.738,0.39,0.252
USR_06124,13.03,53.5,8.3,0.864,0.243,3,0.275,0.393,0.53,0.735,0.342
USR_06125,20.44,95.2,8.0,0.838,0.667,2,0.957,0.166,0.389,0.261,0.88
USR_06126,4.79,21.8,4.3,0.648,0.467,1,0.309,0.769,0.277,0.597,0.243
USR_06127,3.25,34.4,4.3,0.564,0.36,2,0.136,0.807,0.358,0.832,0.181
USR_06128,8.63,31.7,3.5,0.535,0.302,2,0.05,0.99,0.131,0.761,0.19
USR_06129,20.79,58.4,7.3,0.77,0.388,4,0.639,0.642,0.631,0.673,0.502
USR_06130,32.28,79.8,3.6,0.744,0.691,4,0.752,0.454,0.847,0.447,0.99
USR_06131,21.52,59.8,6.7,0.678,0.467,4,0.758,0.686,0.744,0.856,0.622
USR_06132,13.62,60.3,5.8,0.88,0.475,3,0.775,0.389,0.723,0.404,0.909
USR_06133,15.98,61.8,5.9,0.738,0.524,2,0.907,0.19,0.623,0.478,0.938
USR_06134,13.15,49.5,5.7,0.871,0.425,3,0.273,0.8,0.506,0.866,0.433
USR_06135,9.4,59.8,10.6,0.734,0.427,5,0.655,0.475,0.714,0.777,0.293
USR_06136,20.03,79.6,6.9,0.789,0.462,2,0.99,0.346,0.586,0.313,0.99
USR_06137,16.98,56.3,7.1,0.794,0.476,3,0.473,0.288,0.809,0.99,0.563
USR_06138,18.44,61.7,5.2,0.751,0.285,2,0.537,0.387,0.366,0.704,0.184
USR_06139,22.96,37.5,7.5,0.852,0.369,5,0.556,0.731,0.482,0.518,0.505
USR_06140,31.83,97.9,3.5,0.833,0.908,2,0.771,0.243,0.815,0.417,0.652
USR_06141,18.04,68.1,7.5,0.792,0.556,3,0.879,0.318,0.556,0.36,0.839
USR_06142,29.2,25.8,9.7,0.654,0.489,5,0.681,0.621,0.857,0.719,0.742
USR_06143,17.72,49.9,10.7,0.701,0.442,5,0.736,0.602,0.776,0.756,0.817
USR_06144,19.64,44.7,7.0,0.584,0.393,5,0.595,0.685,0.673,0.764,0.491
USR_06145,17.86,56.9,5.6,0.774,0.354,3,0.356,0.459,0.478,0.927,0.321
USR_06146,2.86,33.0,3.8,0.328,0.212,1,0.365,0.787,0.208,0.685,0.202
USR_06147,23.74,87.6,6.1,0.838,0.511,2,0.863,0.073,0.638,0.225,0.845
USR_06148,4.59,31.0,3.5,0.442,0.369,3,0.388,0.839,0.165,0.936,0.479
USR_06149,21.14,51.2,6.2,0.825,0.379,3,0.139,0.398,0.607,0.961,0.414
USR_06150,7.65,30.7,2.5,0.539,0.4,3,0.439,0.815,0.246,0.559,0.287
USR_06151,29.06,83.5,4.7,0.947,0.947,3,0.883,0.196,0.855,0.217,0.855
USR_06152,17.0,67.4,6.2,0.865,0.253,2,0.556,0.287,0.706,0.99,0.535
USR_06153,29.46,109.4,5.1,0.932,0.65,4,0.892,0.216,0.755,0.47,0.99
USR_06154,18.87,65.5,9.3,0.735,0.546,5,0.613,0.519,0.663,0.633,0.502
USR_06155,10.61,56.2,4.5,0.883,0.305,3,0.151,0.343,0.498,0.99,0.415
USR_06156,22.15,78.3,2.3,0.719,0.679,2,0.932,0.184,0.744,0.389,0.945
USR_06157,26.98,80.1,3.9,0.781,0.718,4,0.909,0.05,0.814,0.395,0.733
USR_06158,19.72,105.7,5.9,0.91,0.84,3,0.689,0.13,0.765,0.459,0.6
USR_06159,34.14,104.0,5.0,0.969,0.85,2,0.679,0.357,0.885,0.405,0.891
USR_06160,19.07,73.6,6.6,0.909,0.46,2,0.943,0.258,0.813,0.306,0.897
USR_06161,15.24,66.4,6.5,0.831,0.346,3,0.51,0.601,0.726,0.8,0.408
USR_06162,29.83,108.1,5.0,0.774,0.728,2,0.822,0.28,0.669,0.355,0.77
USR_06163,1.0,28.5,5.1,0.64,0.289,1,0.486,0.807,0.324,0.768,0.177
USR_06164,19.36,59.2,7.2,0.74,0.432,4,0.544,0.885,0.524,0.662,0.202
USR_06165,14.62,67.0,6.4,0.829,0.476,2,0.577,0.503,0.354,0.982,0.554
USR_06166,21.66,46.0,7.1,0.894,0.24,3,0.339,0.543,0.663,0.848,0.335
USR_06167,31.17,77.0,6.3,0.833,0.685,2,0.754,0.208,0.386,0.347,0.942
USR_06168,14.76,65.2,4.7,0.843,0.256,3,0.454,0.476,0.631,0.885,0.323
USR_06169,12.83,57.0,4.0,0.837,0.33,2,0.378,0.339,0.374,0.925,0.279
USR_06170,24.24,49.3,6.2,0.819,0.661,5,0.597,0.758,0.517,0.578,0.642
USR_06171,8.89,22.9,5.4,0.646,0.283,1,0.376,0.854,0.121,0.708,0.086
USR_06172,19.63,43.4,7.6,0.775,0.409,4,0.719,0.277,0.684,0.554,0.65
USR_06173,25.08,104.7,4.0,0.8,0.801,4,0.763,0.616,0.874,0.247,0.805
USR_06174,8.09,18.0,4.4,0.598,0.503,1,0.222,0.854,0.191,0.644,0.331
USR_06175,29.07,63.1,7.1,0.676,0.392,4,0.687,0.409,0.773,0.835,0.225
USR_06176,16.26,51.4,5.1,0.842,0.282,2,0.184,0.067,0.446,0.976,0.339
USR_06177,18.93,50.5,9.7,0.695,0.399,5,0.685,0.598,0.693,0.537,0.477
USR_06178,21.23,75.1,7.3,0.842,0.494,2,0.965,0.212,0.43,0.328,0.924
USR_06179,25.62,78.0,4.7,0.881,0.81,2,0.817,0.311,0.965,0.5,0.728
USR_06180,6.79,33.5,5.2,0.509,0.358,1,0.23,0.847,0.079,0.485,0.198
USR_06181,8.05,31.4,1.5,0.58,0.354,2,0.3,0.808,0.13,0.834,0.174
USR_06182,13.01,88.4,5.9,0.824,0.632,2,0.704,0.098,0.508,0.357,0.792
USR_06183,10.63,52.2,4.6,0.908,0.424,3,0.381,0.559,0.468,0.852,0.485
USR_06184,34.62,93.9,5.6,0.871,0.882,3,0.903,0.504,0.765,0.319,0.822
USR_06185,22.77,127.6,4.3,0.853,0.791,3,0.928,0.259,0.683,0.304,0.607
USR_06186,20.19,100.0,5.4,0.819,0.849,3,0.826,0.363,0.798,0.499,0.663
USR_06187,18.77,51.0,8.6,0.539,0.512,4,0.604,0.95,0.762,0.594,0.357
USR_06188,17.15,54.4,5.3,0.91,0.446,3,0.122,0.252,0.63,0.99,0.317
USR_06189,3.95,20.1,5.0,0.773,0.351,1,0.117,0.872,0.062,0.63,0.144
USR_06190,5.21,30.7,5.3,0.581,0.119,1,0.456,0.873,0.105,0.384,0.19
USR_06191,19.7,54.7,3.7,0.935,0.276,3,0.658,0.352,0.605,0.686,0.299
USR_06192,32.6,88.0,5.9,0.934,0.841,2,0.791,0.437,0.759,0.56,0.718
USR_06193,17.88,83.7,8.2,0.826,0.413,2,0.808,0.184,0.612,0.446,0.943
USR_06194,35.76,84.9,4.1,0.879,0.755,4,0.931,0.05,0.697,0.394,0.76
USR_06195,36.62,54.7,5.1,0.948,0.795,3,0.62,0.368,0.976,0.427,0.802
USR_06196,23.99,81.1,3.1,0.84,0.654,2,0.782,0.082,0.834,0.397,0.607
USR_06197,21.86,66.8,2.9,0.758,0.841,2,0.598,0.323,0.863,0.584,0.71
USR_06198,2.04,33.1,6.2,0.452,0.499,1,0.222,0.837,0.09,0.618,0.072
USR_06199,26.08,91.6,6.7,0.795,0.554,2,0.908,0.297,0.679,0.224,0.96
USR_06200,26.18,109.6,2.7,0.85,0.682,3,0.829,0.499,0.72,0.347,0.625
USR_06201,24.32,74.5,7.4,0.776,0.67,2,0.85,0.206,0.531,0.241,0.833
USR_06202,18.75,127.7,5.6,0.855,0.725,3,0.838,0.319,0.981,0.418,0.745
USR_06203,25.45,91.5,5.0,0.88,0.72,3,0.599,0.322,0.874,0.709,0.741
USR_06204,25.19,50.5,5.5,0.775,0.414,2,0.954,0.113,0.67,0.489,0.99
USR_06205,24.53,73.0,4.7,0.831,0.799,3,0.778,0.05,0.884,0.248,0.66
USR_06206,29.61,132.2,4.2,0.842,0.801,2,0.74,0.285,0.91,0.337,0.763
USR_06207,23.56,47.2,3.5,0.822,0.24,3,0.758,0.125,0.52,0.289,0.99
USR_06208,22.39,73.1,5.3,0.689,0.496,2,0.921,0.05,0.611,0.206,0.897
USR_06209,25.02,88.0,4.8,0.72,0.861,2,0.874,0.139,0.699,0.308,0.935
USR_06210,21.74,100.3,5.8,0.926,0.756,4,0.99,0.194,0.841,0.552,0.853
USR_06211,1.0,17.2,4.9,0.794,0.314,2,0.381,0.99,0.156,0.54,0.17
USR_06212,10.55,20.3,5.7,0.534,0.305,2,0.119,0.937,0.116,0.77,0.155
USR_06213,8.53,33.6,4.6,0.579,0.222,2,0.224,0.919,0.118,0.63,0.093
USR_06214,33.91,72.7,4.6,0.752,0.622,3,0.875,0.422,0.529,0.366,0.962
USR_06215,17.57,43.4,7.1,0.654,0.331,4,0.35,0.461,0.678,0.673,0.489
USR_06216,23.07,93.3,5.6,0.762,0.671,3,0.832,0.204,0.837,0.149,0.99
USR_06217,9.06,29.2,1.6,0.654,0.405,2,0.417,0.837,0.201,0.669,0.335
USR_06218,8.93,29.0,3.7,0.446,0.466,1,0.089,0.99,0.285,0.695,0.097
USR_06219,27.1,67.0,4.2,0.769,0.722,2,0.949,0.18,0.885,0.399,0.942
USR_06220,19.21,64.2,5.8,0.74,0.589,3,0.758,0.082,0.33,0.169,0.768
USR_06221,26.22,113.2,5.5,0.923,0.648,2,0.857,0.155,0.897,0.623,0.679
USR_06222,10.22,28.6,1.0,0.686,0.18,1,0.353,0.873,0.251,0.808,0.244
USR_06223,23.99,74.6,6.3,0.634,0.489,2,0.856,0.091,0.559,0.439,0.99
USR_06224,16.95,87.4,4.7,0.966,0.467,2,0.99,0.113,0.574,0.257,0.838
USR_06225,25.72,79.0,2.7,0.713,0.727,3,0.728,0.45,0.725,0.265,0.475
USR_06226,29.53,64.5,6.2,0.819,0.311,3,0.681,0.351,0.542,0.275,0.99
USR_06227,19.75,57.1,5.6,0.817,0.469,4,0.367,0.528,0.741,0.99,0.309
USR_06228,28.75,28.9,6.2,0.759,0.535,4,0.527,0.769,0.744,0.779,0.702
USR_06229,17.74,77.5,6.2,0.762,0.352,2,0.934,0.122,0.695,0.627,0.99
USR_06230,23.08,83.6,6.0,0.957,0.442,2,0.911,0.315,0.566,0.248,0.972
USR_06231,12.46,99.2,4.0,0.917,0.712,3,0.711,0.152,0.879,0.465,0.62
USR_06232,10.25,10.0,5.6,0.65,0.379,2,0.324,0.798,0.05,0.499,0.438
USR_06233,16.11,95.2,7.0,0.834,0.822,3,0.878,0.166,0.99,0.551,0.689
USR_06234,31.85,70.0,5.6,0.847,0.749,3,0.925,0.279,0.933,0.573,0.615
USR_06235,22.65,66.3,6.7,0.952,0.41,2,0.95,0.283,0.718,0.412,0.935
USR_06236,5.73,21.7,5.2,0.469,0.383,2,0.349,0.961,0.109,0.612,0.212
USR_06237,5.08,29.2,2.4,0.505,0.206,3,0.129,0.93,0.298,0.691,0.132
USR_06238,22.96,26.6,5.0,0.824,0.246,5,0.557,0.607,0.49,0.794,0.643
USR_06239,21.79,48.2,8.5,0.817,0.339,3,0.21,0.782,0.602,0.809,0.483
USR_06240,17.73,42.2,7.4,0.925,0.324,2,0.568,0.639,0.643,0.99,0.422
USR_06241,13.42,34.7,7.4,0.785,0.528,5,0.755,0.495,0.706,0.627,0.557
USR_06242,25.02,57.5,6.5,0.938,0.187,4,0.287,0.61,0.565,0.954,0.251
USR_06243,24.13,52.6,5.9,0.816,0.364,2,0.514,0.508,0.386,0.979,0.076
USR_06244,5.76,28.2,4.5,0.675,0.267,1,0.05,0.839,0.414,0.56,0.279
USR_06245,14.99,48.5,5.6,0.878,0.331,2,0.415,0.579,0.507,0.781,0.223
USR_06246,15.76,85.1,5.6,0.862,0.555,3,0.699,0.179,0.485,0.458,0.682
USR_06247,10.56,27.2,2.9,0.805,0.253,1,0.116,0.808,0.232,0.608,0.113
USR_06248,30.12,96.4,5.0,0.852,0.691,3,0.805,0.209,0.913,0.47,0.63
USR_06249,10.72,30.2,5.2,0.522,0.32,2,0.325,0.773,0.225,0.6,0.174
USR_06250,18.82,70.8,6.7,0.834,0.266,4,0.418,0.474,0.462,0.955,0.334
USR_06251,21.07,38.2,6.2,0.881,0.433,5,0.518,0.669,0.82,0.706,0.497
USR_06252,10.51,22.8,6.0,0.957,0.224,2,0.291,0.983,0.215,0.625,0.123
USR_06253,24.54,42.5,8.3,0.857,0.368,4,0.574,0.493,0.83,0.605,0.594
USR_06254,2.97,10.3,5.5,0.405,0.458,1,0.295,0.747,0.355,0.731,0.138
USR_06255,29.85,119.5,3.8,0.863,0.886,3,0.99,0.345,0.938,0.369,0.611
USR_06256,20.9,85.9,8.1,0.933,0.472,2,0.977,0.05,0.202,0.177,0.893
USR_06257,29.21,76.8,3.9,0.847,0.654,3,0.86,0.157,0.502,0.255,0.895
USR_06258,5.82,24.3,1.4,0.639,0.161,2,0.264,0.771,0.302,0.87,0.289
USR_06259,10.54,58.8,6.3,0.912,0.259,3,0.345,0.547,0.449,0.902,0.211
USR_06260,29.89,70.5,5.1,0.796,0.802,2,0.761,0.186,0.785,0.534,0.56
USR_06261,19.53,33.5,6.5,0.715,0.36,4,0.488,0.885,0.671,0.466,0.633
USR_06262,16.63,48.4,6.4,0.882,0.428,2,0.11,0.278,0.77,0.99,0.485
USR_06263,16.57,37.4,8.1,0.646,0.365,4,0.588,0.501,0.619,0.739,0.62
USR_06264,22.38,122.6,4.5,0.83,0.77,3,0.605,0.455,0.99,0.429,0.792
USR_06265,7.29,36.8,3.0,0.581,0.403,3,0.164,0.634,0.267,0.702,0.159
USR_06266,16.17,54.8,5.0,0.955,0.291,4,0.281,0.495,0.377,0.831,0.513
USR_06267,8.71,37.5,6.5,0.411,0.432,1,0.465,0.953,0.222,0.73,0.256
USR_06268,18.08,56.1,7.0,0.99,0.275,2,0.408,0.441,0.727,0.882,0.181
USR_06269,6.6,27.6,5.6,0.651,0.425,2,0.148,0.786,0.284,0.783,0.244
USR_06270,23.82,54.9,4.0,0.839,0.803,3,0.696,0.236,0.825,0.412,0.654
USR_06271,16.87,32.2,7.6,0.77,0.482,4,0.605,0.831,0.45,0.639,0.624
USR_06272,20.97,41.2,12.3,0.825,0.526,5,0.802,0.204,0.547,0.664,0.359
USR_06273,27.71,56.3,4.9,0.842,0.729,4,0.68,0.099,0.912,0.656,0.636
USR_06274,6.02,29.2,2.7,0.595,0.26,2,0.258,0.842,0.241,0.634,0.05
USR_06275,13.2,75.5,8.1,0.776,0.483,2,0.941,0.3,0.587,0.359,0.83
USR_06276,20.74,77.8,6.8,0.918,0.451,2,0.201,0.495,0.535,0.828,0.245
USR_06277,2.66,21.6,4.5,0.326,0.368,1,0.193,0.99,0.206,0.388,0.176
USR_06278,7.22,21.4,4.4,0.878,0.211,2,0.329,0.815,0.097,0.742,0.204
USR_06279,18.92,73.7,6.7,0.918,0.407,2,0.984,0.304,0.682,0.372,0.98
USR_06280,13.68,49.9,7.7,0.755,0.449,4,0.819,0.326,0.828,0.789,0.413
USR_06281,23.47,53.0,6.7,0.772,0.363,4,0.766,0.703,0.532,0.906,0.583
USR_06282,32.63,98.2,6.6,0.712,0.499,2,0.841,0.066,0.603,0.372,0.99
USR_06283,7.64,28.9,4.8,0.728,0.326,2,0.172,0.99,0.241,0.471,0.274
USR_06284,22.48,91.3,3.6,0.99,0.584,3,0.99,0.364,0.728,0.463,0.551
USR_06285,7.26,30.1,4.4,0.658,0.153,2,0.354,0.759,0.342,0.876,0.228
USR_06286,14.37,82.1,6.5,0.81,0.351,3,0.787,0.08,0.562,0.383,0.962
USR_06287,23.15,59.7,2.7,0.816,0.45,3,0.283,0.627,0.608,0.99,0.179
USR_06288,19.76,88.4,5.2,0.767,0.734,3,0.69,0.242,0.814,0.324,0.863
USR_06289,21.51,50.0,6.3,0.875,0.279,3,0.519,0.24,0.7,0.99,0.343
USR_06290,22.83,75.4,3.0,0.871,0.891,4,0.731,0.275,0.848,0.526,0.889
USR_06291,11.44,58.2,6.3,0.85,0.415,2,0.455,0.276,0.358,0.986,0.396
USR_06292,15.41,36.5,5.9,0.881,0.262,3,0.46,0.361,0.726,0.942,0.282
USR_06293,16.51,43.2,6.1,0.819,0.303,4,0.333,0.383,0.22,0.875,0.05
USR_06294,20.45,107.8,4.3,0.876,0.612,3,0.671,0.362,0.863,0.498,0.596
USR_06295,2.76,16.8,5.0,0.694,0.31,1,0.335,0.886,0.133,0.633,0.239
USR_06296,28.59,110.4,3.5,0.75,0.565,3,0.808,0.306,0.833,0.524,0.837
USR_06297,28.38,85.5,7.7,0.68,0.424,2,0.903,0.422,0.668,0.525,0.99
USR_06298,1.78,30.6,2.8,0.673,0.403,3,0.273,0.863,0.356,0.73,0.234
USR_06299,7.73,16.2,5.8,0.699,0.435,2,0.244,0.832,0.332,0.727,0.229
USR_06300,29.92,74.9,6.8,0.919,0.6,2,0.75,0.349,0.58,0.418,0.99
USR_06301,42.17,76.0,2.6,0.978,0.702,3,0.829,0.34,0.85,0.423,0.854
USR_06302,17.63,55.1,6.4,0.907,0.379,3,0.372,0.413,0.649,0.941,0.213
USR_06303,26.2,102.6,3.6,0.818,0.725,2,0.644,0.311,0.817,0.582,0.818
USR_06304,12.28,60.8,11.1,0.739,0.523,5,0.553,0.73,0.645,0.764,0.744
USR_06305,23.36,106.6,3.7,0.846,0.91,4,0.99,0.28,0.84,0.27,0.651
USR_06306,20.2,60.5,4.8,0.82,0.498,2,0.99,0.243,0.465,0.239,0.788
USR_06307,13.74,31.5,9.5,0.756,0.249,4,0.717,0.828,0.724,0.685,0.434
USR_06308,26.19,45.8,10.5,0.587,0.496,4,0.723,0.523,0.46,0.711,0.352
USR_06309,17.08,42.9,9.8,0.763,0.318,5,0.646,0.95,0.411,0.604,0.497
USR_06310,32.49,85.9,4.1,0.989,0.73,3,0.704,0.304,0.887,0.457,0.467
USR_06311,9.29,20.7,2.3,0.538,0.592,2,0.109,0.828,0.268,0.58,0.232
USR_06312,20.01,42.5,9.2,0.713,0.476,4,0.632,0.774,0.774,0.677,0.835
USR_06313,24.24,98.1,4.5,0.831,0.689,4,0.832,0.125,0.952,0.494,0.722
USR_06314,25.88,88.9,5.5,0.747,0.635,3,0.652,0.331,0.919,0.546,0.748
USR_06315,20.2,78.4,5.3,0.803,0.478,2,0.843,0.182,0.764,0.431,0.911
USR_06316,8.17,24.8,3.5,0.743,0.402,2,0.243,0.746,0.394,0.858,0.182
USR_06317,10.89,54.1,5.8,0.849,0.338,3,0.223,0.304,0.464,0.904,0.263
USR_06318,22.72,70.0,4.0,0.843,0.767,2,0.81,0.29,0.804,0.352,0.55
USR_06319,31.87,67.6,6.4,0.918,0.849,2,0.724,0.449,0.804,0.374,0.824
USR_06320,13.71,65.1,6.3,0.847,0.329,3,0.484,0.168,0.453,0.946,0.385
USR_06321,22.06,81.5,4.2,0.794,0.471,3,0.773,0.319,0.727,0.321,0.983
USR_06322,13.17,62.0,5.4,0.81,0.274,2,0.892,0.221,0.567,0.354,0.934
USR_06323,22.79,37.5,6.2,0.81,0.318,3,0.35,0.339,0.378,0.952,0.24
USR_06324,23.17,40.4,5.0,0.897,0.414,2,0.386,0.704,0.7,0.834,0.481
USR_06325,29.27,104.0,5.6,0.826,0.697,4,0.99,0.113,0.722,0.05,0.727
USR_06326,17.49,82.2,4.5,0.778,0.46,2,0.815,0.307,0.541,0.247,0.845
USR_06327,4.16,23.6,4.8,0.764,0.147,1,0.101,0.835,0.214,0.805,0.201
USR_06328,15.57,96.7,4.4,0.911,0.721,2,0.655,0.627,0.833,0.342,0.693
USR_06329,6.55,33.2,4.6,0.657,0.244,2,0.05,0.924,0.254,0.462,0.069
USR_06330,21.46,98.5,5.9,0.882,0.735,3,0.68,0.339,0.883,0.447,0.707
USR_06331,13.34,48.1,7.0,0.949,0.187,3,0.285,0.421,0.64,0.829,0.391
USR_06332,37.88,107.8,4.2,0.719,0.602,2,0.984,0.282,0.882,0.337,0.922
USR_06333,26.69,111.3,5.5,0.73,0.752,3,0.722,0.293,0.986,0.47,0.707
USR_06334,3.72,28.2,6.3,0.613,0.312,1,0.188,0.817,0.197,0.891,0.21
USR_06335,30.24,90.1,3.3,0.946,0.644,3,0.975,0.05,0.69,0.451,0.593
USR_06336,7.33,15.0,1.0,0.542,0.448,3,0.277,0.759,0.385,0.449,0.095
USR_06337,12.73,42.9,6.4,0.804,0.429,2,0.474,0.214,0.523,0.911,0.254
USR_06338,6.37,23.9,3.1,0.487,0.614,1,0.226,0.877,0.315,0.7,0.203
USR_06339,11.52,19.7,5.1,0.619,0.482,1,0.45,0.799,0.161,0.741,0.15
USR_06340,2.2,41.4,6.4,0.504,0.457,3,0.417,0.852,0.234,0.834,0.136
USR_06341,35.78,91.0,4.5,0.963,0.717,4,0.685,0.193,0.7,0.54,0.837
USR_06342,9.33,42.3,4.9,0.714,0.394,4,0.814,0.789,0.722,0.907,0.391
USR_06343,13.75,22.7,3.6,0.53,0.325,2,0.121,0.759,0.318,0.786,0.1
USR_06344,22.01,101.4,4.2,0.949,0.659,3,0.75,0.224,0.943,0.644,0.919
USR_06345,7.62,26.2,6.7,0.7,0.29,2,0.226,0.875,0.335,0.949,0.05
USR_06346,17.87,76.3,4.1,0.84,0.589,3,0.828,0.184,0.637,0.188,0.81
USR_06347,23.14,83.1,1.6,0.909,0.95,4,0.853,0.213,0.723,0.411,0.75
USR_06348,17.26,102.1,6.6,0.781,0.374,2,0.878,0.288,0.528,0.292,0.869
USR_06349,27.85,80.7,6.4,0.754,0.315,2,0.93,0.211,0.624,0.373,0.901
USR_06350,19.87,53.9,8.1,0.81,0.691,5,0.524,0.597,0.659,0.797,0.523
USR_06351,9.26,28.1,4.2,0.51,0.18,1,0.294,0.884,0.376,0.821,0.124
USR_06352,6.22,26.5,5.0,0.313,0.321,2,0.201,0.806,0.253,0.509,0.128
USR_06353,24.61,54.9,5.3,0.92,0.329,4,0.462,0.303,0.814,0.93,0.395
USR_06354,17.5,56.0,6.4,0.867,0.389,2,0.393,0.441,0.566,0.927,0.405
USR_06355,16.3,59.0,5.4,0.851,0.498,3,0.205,0.192,0.509,0.812,0.05
USR_06356,17.53,65.6,5.0,0.855,0.327,2,0.38,0.237,0.655,0.836,0.449
USR_06357,24.87,92.9,4.2,0.928,0.782,3,0.806,0.289,0.668,0.446,0.666
USR_06358,17.67,49.4,6.5,0.8,0.618,5,0.642,0.634,0.784,0.521,0.63
USR_06359,28.3,78.9,3.1,0.893,0.927,3,0.929,0.381,0.877,0.355,0.818
USR_06360,20.12,56.9,5.9,0.899,0.556,3,0.894,0.223,0.562,0.58,0.962
USR_06361,13.61,43.0,9.9,0.619,0.602,4,0.826,0.799,0.643,0.785,0.526
USR_06362,11.55,21.8,4.9,0.494,0.257,1,0.332,0.895,0.39,0.73,0.298
USR_06363,14.46,67.0,9.4,0.765,0.438,5,0.442,0.644,0.604,0.717,0.796
USR_06364,22.56,61.7,5.3,0.681,0.667,3,0.657,0.362,0.694,0.513,0.78
USR_06365,17.28,83.1,4.0,0.771,0.568,3,0.733,0.198,0.723,0.288,0.987
USR_06366,29.39,127.7,4.2,0.865,0.759,3,0.99,0.2,0.795,0.297,0.407
USR_06367,1.54,27.0,2.3,0.56,0.264,3,0.225,0.913,0.139,0.632,0.05
USR_06368,6.39,26.2,4.5,0.572,0.4,2,0.261,0.892,0.409,0.718,0.105
USR_06369,26.26,106.2,1.5,0.839,0.764,2,0.642,0.298,0.904,0.177,0.865
USR_06370,17.15,79.2,5.0,0.689,0.442,4,0.293,0.509,0.711,0.95,0.813
USR_06371,12.15,53.7,5.6,0.918,0.318,2,0.423,0.567,0.776,0.761,0.244
USR_06372,16.34,120.3,3.7,0.955,0.484,3,0.734,0.319,0.809,0.406,0.825
USR_06373,24.25,50.3,11.7,0.721,0.49,5,0.619,0.861,0.623,0.76,0.405
USR_06374,23.03,81.0,7.5,0.924,0.498,2,0.873,0.258,0.726,0.189,0.957
USR_06375,25.56,74.3,5.2,0.838,0.723,3,0.622,0.434,0.826,0.336,0.548
USR_06376,13.11,49.6,6.8,0.888,0.441,3,0.585,0.371,0.532,0.99,0.081
USR_06377,16.72,53.5,6.4,0.874,0.526,3,0.798,0.265,0.541,0.199,0.99
USR_06378,22.7,78.3,2.4,0.869,0.785,2,0.621,0.261,0.759,0.48,0.944
USR_06379,40.95,89.5,4.1,0.868,0.847,2,0.599,0.275,0.774,0.322,0.472
USR_06380,25.96,123.1,5.3,0.85,0.428,3,0.9,0.177,0.692,0.448,0.782
USR_06381,5.94,30.2,4.9,0.698,0.309,2,0.206,0.758,0.33,0.578,0.175
USR_06382,7.0,13.9,5.1,0.543,0.311,1,0.301,0.736,0.386,0.727,0.131
USR_06383,7.58,20.3,2.0,0.547,0.307,1,0.05,0.861,0.254,0.798,0.05
USR_06384,22.18,72.3,4.3,0.864,0.581,3,0.863,0.332,0.748,0.451,0.729
USR_06385,32.41,69.3,3.2,0.99,0.915,2,0.776,0.366,0.853,0.351,0.943
USR_06386,16.55,77.2,7.2,0.869,0.544,2,0.704,0.137,0.603,0.313,0.822
USR_06387,23.67,86.7,3.9,0.772,0.727,3,0.713,0.05,0.783,0.392,0.745
USR_06388,26.61,43.0,10.7,0.725,0.29,4,0.728,0.694,0.367,0.566,0.653
USR_06389,20.49,35.6,7.0,0.619,0.487,5,0.622,0.482,0.696,0.654,0.491
USR_06390,20.21,55.4,7.2,0.92,0.378,4,0.313,0.574,0.663,0.895,0.33
USR_06391,19.55,97.5,3.5,0.843,0.649,3,0.99,0.212,0.768,0.521,0.699
USR_06392,26.63,88.8,7.1,0.797,0.452,2,0.857,0.152,0.629,0.231,0.981
USR_06393,16.68,88.9,2.9,0.818,0.757,3,0.696,0.197,0.99,0.557,0.678
USR_06394,6.16,14.1,5.6,0.618,0.401,2,0.405,0.942,0.164,0.736,0.05
USR_06395,23.46,49.9,6.1,0.817,0.351,2,0.396,0.336,0.569,0.921,0.271
USR_06396,8.03,31.1,5.5,0.57,0.435,2,0.152,0.859,0.233,0.662,0.22
USR_06397,29.36,53.5,3.3,0.793,0.803,3,0.779,0.216,0.99,0.303,0.757
USR_06398,21.56,94.7,2.6,0.9,0.677,3,0.899,0.226,0.553,0.198,0.819
USR_06399,6.41,30.3,3.0,0.492,0.178,2,0.246,0.705,0.101,0.95,0.05
USR_06400,4.7,25.1,1.2,0.662,0.316,2,0.194,0.931,0.135,0.855,0.13
USR_06401,23.51,10.0,7.2,0.689,0.345,4,0.632,0.585,0.808,0.707,0.668
USR_06402,22.5,60.3,7.1,0.912,0.363,3,0.881,0.143,0.559,0.325,0.99
USR_06403,24.32,106.2,4.5,0.804,0.671,3,0.578,0.21,0.69,0.506,0.876
USR_06404,15.36,79.0,3.5,0.862,0.403,2,0.125,0.427,0.628,0.844,0.289
USR_06405,10.8,51.2,11.5,0.752,0.528,4,0.95,0.758,0.687,0.738,0.516
USR_06406,5.5,26.7,6.2,0.277,0.388,1,0.204,0.783,0.167,0.805,0.104
USR_06407,24.28,79.3,5.3,0.672,0.277,3,0.99,0.181,0.46,0.165,0.97
USR_06408,22.57,76.5,1.4,0.927,0.822,2,0.597,0.171,0.665,0.625,0.691
USR_06409,20.26,68.0,8.3,0.843,0.493,2,0.853,0.12,0.561,0.291,0.99
USR_06410,17.34,48.6,5.2,0.911,0.19,3,0.504,0.62,0.372,0.837,0.313
USR_06411,21.99,55.2,5.5,0.745,0.547,2,0.905,0.196,0.709,0.146,0.919
USR_06412,29.86,117.8,3.0,0.865,0.735,2,0.804,0.409,0.818,0.373,0.794
USR_06413,24.12,60.5,7.3,0.723,0.208,4,0.637,0.423,0.648,0.829,0.352
USR_06414,7.4,31.2,5.8,0.498,0.166,2,0.248,0.83,0.195,0.781,0.275
USR_06415,16.37,48.1,8.4,0.607,0.343,5,0.479,0.592,0.791,0.95,0.617
USR_06416,18.66,51.7,6.0,0.863,0.227,3,0.477,0.259,0.628,0.897,0.419
USR_06417,20.83,93.3,4.0,0.86,0.19,2,0.736,0.258,0.366,0.338,0.837
USR_06418,32.85,71.4,5.2,0.742,0.806,3,0.763,0.135,0.909,0.301,0.657
USR_06419,19.61,69.6,6.1,0.964,0.504,4,0.715,0.735,0.638,0.555,0.948
USR_06420,31.39,63.5,5.4,0.835,0.65,3,0.804,0.308,0.497,0.16,0.814
USR_06421,9.41,21.1,3.3,0.534,0.395,2,0.121,0.739,0.35,0.666,0.292
USR_06422,9.39,28.5,4.0,0.391,0.238,2,0.492,0.99,0.05,0.69,0.05
USR_06423,26.08,88.9,4.5,0.885,0.806,4,0.753,0.53,0.967,0.676,0.765
USR_06424,20.08,102.5,8.5,0.99,0.414,2,0.929,0.251,0.605,0.171,0.918
USR_06425,18.57,58.8,7.7,0.79,0.293,4,0.71,0.593,0.645,0.57,0.597
USR_06426,27.16,121.4,6.7,0.863,0.716,4,0.812,0.05,0.941,0.353,0.608
USR_06427,29.43,80.5,6.0,0.792,0.729,3,0.713,0.362,0.75,0.587,0.952
USR_06428,27.68,51.4,10.4,0.758,0.294,4,0.688,0.712,0.611,0.807,0.564
USR_06429,9.27,38.7,3.5,0.755,0.333,2,0.119,0.807,0.16,0.54,0.292
USR_06430,21.3,89.9,6.2,0.821,0.616,2,0.846,0.066,0.484,0.05,0.981
USR_06431,3.25,22.5,6.0,0.442,0.33,1,0.325,0.872,0.207,0.827,0.325
USR_06432,17.95,52.5,6.9,0.639,0.313,4,0.549,0.854,0.781,0.739,0.523
USR_06433,27.48,59.2,6.5,0.871,0.426,4,0.314,0.352,0.1,0.898,0.432
USR_06434,21.21,93.2,8.0,0.9,0.505,2,0.814,0.203,0.41,0.349,0.957
USR_06435,17.44,105.6,2.7,0.859,0.698,3,0.807,0.137,0.889,0.382,0.742
USR_06436,30.99,91.4,5.4,0.967,0.832,4,0.715,0.222,0.836,0.646,0.837
USR_06437,12.83,57.3,6.6,0.791,0.435,3,0.515,0.565,0.59,0.938,0.363
USR_06438,7.02,31.6,6.1,0.568,0.099,1,0.494,0.865,0.19,0.581,0.42
USR_06439,33.43,60.2,6.4,0.734,0.388,2,0.828,0.13,0.639,0.139,0.936
USR_06440,17.73,51.5,7.8,0.658,0.307,4,0.718,0.83,0.792,0.689,0.506
USR_06441,13.64,41.6,4.6,0.849,0.354,3,0.21,0.388,0.532,0.765,0.317
USR_06442,31.32,82.9,4.3,0.838,0.627,2,0.715,0.233,0.861,0.515,0.862
USR_06443,19.83,93.1,4.7,0.812,0.782,2,0.99,0.311,0.683,0.467,0.7
USR_06444,7.23,28.7,4.5,0.531,0.414,2,0.387,0.783,0.215,0.855,0.065
USR_06445,17.25,44.2,5.2,0.881,0.276,3,0.194,0.311,0.469,0.848,0.286
USR_06446,26.97,36.3,8.2,0.805,0.478,5,0.791,0.711,0.583,0.527,0.614
USR_06447,11.02,26.9,2.4,0.629,0.478,1,0.377,0.75,0.05,0.553,0.227
USR_06448,20.03,58.7,6.5,0.888,0.373,3,0.168,0.311,0.671,0.946,0.403
USR_06449,18.16,63.0,3.7,0.911,0.72,2,0.724,0.464,0.824,0.434,0.734
USR_06450,15.15,118.7,2.1,0.85,0.703,2,0.725,0.414,0.96,0.396,0.863
USR_06451,19.05,53.1,8.1,0.815,0.506,4,0.79,0.474,0.629,0.49,0.484
USR_06452,30.24,47.4,9.1,0.779,0.186,4,0.771,0.548,0.729,0.554,0.491
USR_06453,16.68,67.4,5.2,0.636,0.37,5,0.505,0.482,0.562,0.691,0.655
USR_06454,19.14,47.8,9.7,0.658,0.262,5,0.552,0.779,0.713,0.691,0.49
USR_06455,22.52,60.9,8.8,0.784,0.485,4,0.403,0.693,0.65,0.95,0.95
USR_06456,28.63,68.3,6.2,0.759,0.367,2,0.977,0.1,0.609,0.403,0.798
USR_06457,30.16,109.3,2.4,0.953,0.95,3,0.786,0.434,0.431,0.483,0.659
USR_06458,25.13,93.0,6.5,0.875,0.914,3,0.672,0.071,0.763,0.203,0.563
USR_06459,17.04,99.4,3.5,0.934,0.717,3,0.567,0.2,0.803,0.376,0.924
USR_06460,7.49,63.8,5.2,0.86,0.328,3,0.27,0.453,0.724,0.885,0.101
USR_06461,13.6,42.0,7.0,0.84,0.349,3,0.079,0.274,0.386,0.936,0.341
USR_06462,6.23,24.8,3.9,0.765,0.266,2,0.322,0.876,0.185,0.55,0.247
USR_06463,5.53,34.6,4.9,0.575,0.313,2,0.229,0.751,0.124,0.606,0.282
USR_06464,8.06,22.1,5.1,0.698,0.393,1,0.262,0.831,0.21,0.553,0.218
USR_06465,26.82,93.9,4.3,0.863,0.842,3,0.757,0.306,0.783,0.601,0.973
USR_06466,12.32,21.7,4.5,0.608,0.309,2,0.05,0.653,0.107,0.688,0.184
USR_06467,16.18,57.6,5.0,0.861,0.358,3,0.303,0.217,0.573,0.887,0.252
USR_06468,6.97,25.5,3.1,0.781,0.441,1,0.197,0.905,0.29,0.49,0.287
USR_06469,22.67,81.5,6.1,0.817,0.443,3,0.912,0.265,0.539,0.33,0.98
USR_06470,28.05,133.3,2.7,0.779,0.826,3,0.812,0.237,0.951,0.4,0.652
USR_06471,25.2,69.2,5.7,0.854,0.505,3,0.771,0.185,0.792,0.398,0.872
USR_06472,18.94,120.0,4.9,0.776,0.916,3,0.765,0.128,0.711,0.324,0.61
USR_06473,11.16,46.5,4.4,0.86,0.315,3,0.364,0.374,0.677,0.841,0.288
USR_06474,25.82,54.0,6.5,0.819,0.609,3,0.94,0.336,0.685,0.296,0.814
USR_06475,34.83,69.3,5.5,0.908,0.545,3,0.964,0.373,0.626,0.201,0.813
USR_06476,5.54,30.8,3.3,0.751,0.237,1,0.321,0.633,0.216,0.594,0.232
USR_06477,18.62,85.1,2.5,0.792,0.548,2,0.99,0.363,0.657,0.256,0.937
USR_06478,24.19,111.8,4.7,0.903,0.717,3,0.739,0.278,0.678,0.504,0.715
USR_06479,30.7,77.0,3.6,0.828,0.515,4,0.82,0.084,0.706,0.347,0.558
USR_06480,25.36,62.6,4.2,0.921,0.701,3,0.809,0.281,0.657,0.352,0.533
USR_06481,5.06,34.5,4.5,0.568,0.463,2,0.381,0.927,0.05,0.778,0.148
USR_06482,6.47,34.4,5.4,0.37,0.465,2,0.478,0.797,0.248,0.758,0.167
USR_06483,22.01,74.5,4.8,0.923,0.183,3,0.755,0.161,0.57,0.329,0.926
USR_06484,18.29,58.3,10.8,0.64,0.213,4,0.461,0.592,0.606,0.871,0.792
USR_06485,18.85,54.2,7.9,0.928,0.462,3,0.334,0.379,0.599,0.928,0.411
USR_06486,28.79,114.8,4.3,0.815,0.798,3,0.583,0.05,0.798,0.478,0.64
USR_06487,4.45,29.9,4.8,0.365,0.248,2,0.273,0.773,0.283,0.573,0.113
USR_06488,14.19,53.4,8.9,0.791,0.385,5,0.866,0.828,0.727,0.733,0.292
USR_06489,19.41,67.7,6.7,0.612,0.344,4,0.836,0.52,0.643,0.624,0.615
USR_06490,14.8,104.8,8.0,0.872,0.774,3,0.594,0.194,0.661,0.53,0.646
USR_06491,18.62,84.1,4.1,0.963,0.745,3,0.757,0.147,0.692,0.598,0.572
USR_06492,29.06,82.7,6.4,0.806,0.854,3,0.802,0.066,0.99,0.531,0.681
USR_06493,20.73,64.9,7.8,0.946,0.492,5,0.854,0.509,0.738,0.808,0.59
USR_06494,16.33,101.9,4.2,0.958,0.856,3,0.677,0.141,0.692,0.424,0.45
USR_06495,20.27,90.3,5.2,0.962,0.632,3,0.726,0.195,0.935,0.395,0.666
USR_06496,3.59,16.5,4.5,0.784,0.462,3,0.215,0.725,0.26,0.735,0.05
USR_06497,9.59,34.0,3.3,0.547,0.262,2,0.142,0.848,0.219,0.874,0.283
USR_06498,27.96,70.3,6.0,0.928,0.71,2,0.886,0.271,0.88,0.631,0.865
USR_06499,19.14,46.2,7.3,0.921,0.269,3,0.434,0.461,0.553,0.99,0.069
USR_06500,17.62,72.8,7.3,0.856,0.259,2,0.884,0.249,0.789,0.18,0.9
USR_06501,22.61,79.5,6.4,0.94,0.517,2,0.838,0.313,0.672,0.357,0.99
USR_06502,20.35,39.9,8.3,0.85,0.379,3,0.286,0.096,0.405,0.99,0.561
USR_06503,37.6,83.6,5.3,0.928,0.442,3,0.797,0.374,0.716,0.162,0.99
USR_06504,16.01,67.6,5.0,0.927,0.24,5,0.58,0.531,0.585,0.77,0.759
USR_06505,16.44,37.2,5.8,0.881,0.428,3,0.364,0.465,0.477,0.869,0.122
USR_06506,13.57,46.0,4.4,0.865,0.365,2,0.353,0.443,0.656,0.895,0.308
USR_06507,19.69,53.9,7.3,0.691,0.505,4,0.62,0.729,0.663,0.95,0.625
USR_06508,25.88,85.1,3.8,0.8,0.555,3,0.847,0.454,0.547,0.397,0.921
USR_06509,11.77,75.4,6.8,0.795,0.499,2,0.357,0.448,0.579,0.99,0.459
USR_06510,31.6,103.7,4.1,0.972,0.896,3,0.892,0.542,0.78,0.701,0.824
USR_06511,32.6,57.3,6.0,0.769,0.568,3,0.92,0.128,0.639,0.544,0.81
USR_06512,6.32,32.3,4.2,0.704,0.154,2,0.307,0.755,0.094,0.794,0.431
USR_06513,17.74,49.4,10.4,0.715,0.558,5,0.679,0.623,0.644,0.793,0.702
USR_06514,1.15,31.1,4.2,0.748,0.302,1,0.279,0.733,0.172,0.512,0.153
USR_06515,28.88,67.0,5.5,0.792,0.403,2,0.837,0.118,0.595,0.139,0.897
USR_06516,18.22,43.2,7.3,0.966,0.376,4,0.558,0.605,0.703,0.548,0.552
USR_06517,4.88,26.2,1.4,0.728,0.136,1,0.549,0.774,0.179,0.798,0.198
USR_06518,4.18,13.7,6.4,0.595,0.329,2,0.245,0.859,0.355,0.695,0.342
USR_06519,20.51,61.1,5.3,0.941,0.412,4,0.397,0.379,0.176,0.83,0.248
USR_06520,23.65,65.0,6.3,0.774,0.361,2,0.91,0.18,0.546,0.379,0.878
USR_06521,10.43,38.5,4.6,0.631,0.193,2,0.111,0.99,0.19,0.509,0.145
USR_06522,24.78,58.6,6.3,0.773,0.494,2,0.971,0.261,0.487,0.264,0.947
USR_06523,22.15,128.2,5.7,0.915,0.819,4,0.835,0.282,0.657,0.263,0.824
USR_06524,15.01,64.9,9.2,0.581,0.731,5,0.396,0.669,0.504,0.689,0.546
USR_06525,9.02,32.7,5.2,0.54,0.331,2,0.195,0.755,0.143,0.417,0.182
USR_06526,25.69,100.6,4.1,0.876,0.681,2,0.933,0.434,0.645,0.28,0.879
USR_06527,9.87,22.6,3.4,0.564,0.477,2,0.386,0.772,0.199,0.547,0.214
USR_06528,31.86,77.9,4.4,0.847,0.642,3,0.803,0.271,0.316,0.22,0.865
USR_06529,11.12,59.7,5.8,0.909,0.331,3,0.873,0.471,0.43,0.333,0.856
USR_06530,31.14,98.0,4.6,0.787,0.717,3,0.896,0.26,0.784,0.475,0.7
USR_06531,14.52,24.4,8.7,0.605,0.488,4,0.759,0.669,0.402,0.662,0.491
USR_06532,20.68,45.2,7.3,0.864,0.297,3,0.395,0.524,0.411,0.738,0.368
USR_06533,19.22,69.2,4.8,0.891,0.748,2,0.824,0.135,0.693,0.587,0.564
USR_06534,4.99,10.0,4.9,0.35,0.22,2,0.474,0.933,0.549,0.656,0.119
USR_06535,7.41,23.4,2.9,0.511,0.351,2,0.349,0.812,0.189,0.834,0.239
USR_06536,26.8,44.3,6.7,0.842,0.633,3,0.744,0.182,0.9,0.382,0.971
USR_06537,18.94,48.2,8.7,0.975,0.336,3,0.301,0.084,0.283,0.722,0.485
USR_06538,4.12,30.3,3.7,0.654,0.198,1,0.17,0.829,0.173,0.735,0.281
USR_06539,1.0,28.0,6.1,0.736,0.177,1,0.185,0.67,0.285,0.686,0.05
USR_06540,16.97,72.9,5.9,0.913,0.464,2,0.342,0.462,0.475,0.866,0.479
USR_06541,30.65,87.1,4.3,0.831,0.431,2,0.856,0.174,0.736,0.117,0.961
USR_06542,18.18,48.2,9.5,0.682,0.494,5,0.934,0.38,0.581,0.62,0.699
USR_06543,25.16,88.3,4.8,0.782,0.865,2,0.89,0.355,0.809,0.321,0.613
USR_06544,31.4,101.1,5.5,0.904,0.657,3,0.713,0.065,0.686,0.326,0.871
USR_06545,21.58,41.5,6.1,0.785,0.468,4,0.619,0.786,0.611,0.572,0.511
USR_06546,2.98,24.2,2.8,0.45,0.147,2,0.053,0.837,0.205,0.822,0.393
USR_06547,9.64,33.9,5.4,0.574,0.239,1,0.248,0.768,0.237,0.445,0.119
USR_06548,17.95,39.3,5.8,0.898,0.298,2,0.616,0.376,0.713,0.725,0.245
USR_06549,26.34,53.3,6.6,0.916,0.177,3,0.404,0.332,0.498,0.778,0.627
USR_06550,27.45,78.0,5.5,0.914,0.721,4,0.881,0.231,0.901,0.388,0.565
USR_06551,7.49,36.0,5.8,0.645,0.316,3,0.255,0.942,0.38,0.573,0.161
USR_06552,16.0,45.5,6.7,0.903,0.418,2,0.125,0.194,0.393,0.893,0.216
USR_06553,19.03,89.3,4.1,0.775,0.779,2,0.81,0.179,0.795,0.261,0.765
USR_06554,37.51,87.9,4.2,0.881,0.684,2,0.743,0.379,0.654,0.423,0.424
USR_06555,24.14,50.1,7.0,0.775,0.443,5,0.608,0.316,0.442,0.761,0.855
USR_06556,5.66,18.2,6.3,0.773,0.43,3,0.282,0.937,0.231,0.719,0.233
USR_06557,30.56,89.8,7.9,0.83,0.553,3,0.894,0.456,0.631,0.321,0.941
USR_06558,26.81,63.1,7.2,0.923,0.443,3,0.798,0.202,0.604,0.406,0.857
USR_06559,24.36,40.3,6.8,0.591,0.425,4,0.529,0.66,0.686,0.891,0.578
USR_06560,25.76,84.3,2.4,0.885,0.699,2,0.79,0.223,0.94,0.429,0.58
USR_06561,2.3,10.0,3.8,0.514,0.431,2,0.269,0.754,0.33,0.668,0.286
USR_06562,26.17,96.6,5.3,0.909,0.882,3,0.8,0.353,0.617,0.603,0.738
USR_06563,14.01,26.3,6.5,0.763,0.382,5,0.619,0.641,0.584,0.55,0.487
USR_06564,21.06,115.3,5.4,0.919,0.822,3,0.67,0.122,0.769,0.535,0.725
USR_06565,31.44,103.1,4.4,0.804,0.778,3,0.863,0.377,0.825,0.468,0.762
USR_06566,24.05,51.6,9.9,0.577,0.324,4,0.565,0.659,0.469,0.698,0.525
USR_06567,23.32,67.9,5.4,0.745,0.517,2,0.878,0.192,0.634,0.164,0.909
USR_06568,19.8,103.5,5.4,0.911,0.619,3,0.9,0.271,0.711,0.318,0.558
USR_06569,10.19,60.3,4.8,0.836,0.51,3,0.608,0.258,0.523,0.974,0.127
USR_06570,16.51,62.5,8.6,0.821,0.44,5,0.482,0.853,0.862,0.676,0.515
USR_06571,19.42,53.2,9.1,0.502,0.443,4,0.715,0.287,0.602,0.673,0.342
USR_06572,19.12,88.8,4.7,0.864,0.912,2,0.84,0.164,0.797,0.505,0.74
USR_06573,18.05,55.5,6.5,0.809,0.392,3,0.149,0.388,0.125,0.888,0.452
USR_06574,7.08,34.6,4.0,0.589,0.455,2,0.513,0.901,0.246,0.594,0.267
USR_06575,20.72,60.7,5.2,0.907,0.795,2,0.622,0.494,0.882,0.509,0.833
USR_06576,4.66,19.8,1.3,0.762,0.343,1,0.168,0.866,0.493,0.581,0.199
USR_06577,30.75,72.6,6.6,0.786,0.655,2,0.847,0.207,0.875,0.495,0.803
USR_06578,27.4,87.9,5.6,0.838,0.5,3,0.833,0.407,0.654,0.452,0.619
USR_06579,4.75,23.7,3.6,0.457,0.348,1,0.509,0.867,0.195,0.615,0.188
USR_06580,22.92,54.7,5.8,0.901,0.347,3,0.407,0.05,0.654,0.874,0.506
USR_06581,33.81,105.1,5.7,0.826,0.893,2,0.887,0.533,0.904,0.531,0.742
USR_06582,34.97,75.6,4.9,0.919,0.596,2,0.978,0.225,0.598,0.468,0.875
USR_06583,14.51,53.0,6.0,0.856,0.423,3,0.302,0.562,0.444,0.99,0.235
USR_06584,3.22,35.5,5.4,0.64,0.25,2,0.347,0.631,0.117,0.821,0.119
USR_06585,32.88,49.6,6.6,0.798,0.38,2,0.99,0.076,0.514,0.347,0.969
USR_06586,6.64,17.5,3.2,0.279,0.473,2,0.207,0.815,0.147,0.791,0.05
USR_06587,12.35,43.7,5.3,0.939,0.415,3,0.613,0.46,0.527,0.989,0.221
USR_06588,24.34,86.1,4.8,0.901,0.849,4,0.871,0.325,0.8,0.676,0.784
USR_06589,18.54,44.7,4.9,0.775,0.409,4,0.2,0.47,0.678,0.951,0.358
USR_06590,20.88,75.2,7.3,0.936,0.529,2,0.868,0.292,0.851,0.455,0.885
USR_06591,22.88,61.8,4.2,0.899,0.208,2,0.432,0.391,0.537,0.873,0.326
USR_06592,17.46,74.5,6.4,0.741,0.368,3,0.648,0.313,0.65,0.298,0.938
USR_06593,14.57,58.6,7.9,0.821,0.559,5,0.701,0.368,0.815,0.866,0.392
USR_06594,3.89,21.2,3.7,0.661,0.339,1,0.252,0.836,0.12,0.452,0.254
USR_06595,21.41,70.5,5.9,0.95,0.319,4,0.55,0.62,0.602,0.893,0.193
USR_06596,27.34,72.4,6.4,0.913,0.405,3,0.901,0.239,0.512,0.446,0.99
USR_06597,30.89,154.9,4.6,0.816,0.757,3,0.81,0.229,0.708,0.315,0.579
USR_06598,24.56,46.4,6.2,0.727,0.54,4,0.688,0.643,0.63,0.599,0.368
USR_06599,14.2,48.7,7.6,0.826,0.486,4,0.583,0.614,0.455,0.66,0.714
USR_06600,13.16,61.5,5.3,0.836,0.294,3,0.578,0.515,0.633,0.887,0.428
USR_06601,22.42,79.8,2.4,0.879,0.922,3,0.824,0.341,0.746,0.444,0.653
USR_06602,21.59,109.4,3.2,0.913,0.877,2,0.863,0.409,0.856,0.38,0.445
USR_06603,17.9,100.1,5.0,0.872,0.672,2,0.683,0.208,0.988,0.151,0.805
USR_06604,33.8,123.2,4.0,0.795,0.634,4,0.81,0.289,0.708,0.23,0.94
USR_06605,33.82,97.8,3.8,0.896,0.659,3,0.96,0.254,0.708,0.094,0.673
USR_06606,5.17,37.8,3.2,0.554,0.247,2,0.385,0.963,0.155,0.569,0.197
USR_06607,5.97,35.8,2.9,0.799,0.361,1,0.155,0.656,0.23,0.748,0.191
USR_06608,4.93,27.2,4.6,0.685,0.291,2,0.237,0.926,0.194,0.773,0.101
USR_06609,18.52,57.6,6.4,0.82,0.221,3,0.437,0.443,0.299,0.922,0.327
USR_06610,9.73,44.4,8.7,0.798,0.403,4,0.95,0.692,0.734,0.753,0.557
USR_06611,9.24,35.0,5.8,0.493,0.328,2,0.334,0.907,0.183,0.703,0.235
USR_06612,4.49,18.8,2.6,0.434,0.202,1,0.361,0.717,0.254,0.61,0.184
USR_06613,23.74,44.6,9.1,0.778,0.486,5,0.795,0.684,0.666,0.667,0.563
USR_06614,11.94,21.7,5.4,0.367,0.493,1,0.05,0.687,0.072,0.797,0.303
USR_06615,16.19,47.8,4.8,0.788,0.368,3,0.434,0.562,0.322,0.985,0.198
USR_06616,19.81,53.5,6.2,0.856,0.341,2,0.362,0.424,0.635,0.99,0.247
USR_06617,21.48,43.0,11.7,0.964,0.56,4,0.564,0.672,0.625,0.853,0.554
USR_06618,19.38,47.7,7.5,0.809,0.265,5,0.394,0.693,0.674,0.783,0.359
USR_06619,27.08,89.5,3.5,0.937,0.827,2,0.72,0.239,0.879,0.513,0.738
USR_06620,24.54,81.2,5.2,0.875,0.554,2,0.69,0.182,0.743,0.41,0.973
USR_06621,16.12,75.0,7.4,0.721,0.483,5,0.395,0.459,0.648,0.445,0.543
USR_06622,12.23,50.2,5.0,0.789,0.412,3,0.434,0.272,0.517,0.851,0.261
USR_06623,9.02,22.1,5.5,0.704,0.354,2,0.266,0.867,0.358,0.82,0.082
USR_06624,10.11,34.0,5.4,0.439,0.406,1,0.226,0.818,0.202,0.546,0.165
USR_06625,20.53,65.5,6.6,0.914,0.271,4,0.18,0.402,0.471,0.799,0.423
USR_06626,17.59,38.8,12.2,0.8,0.454,5,0.817,0.713,0.642,0.585,0.678
USR_06627,20.66,57.4,5.6,0.78,0.201,2,0.119,0.355,0.508,0.794,0.512
USR_06628,25.79,82.1,4.6,0.846,0.62,3,0.719,0.464,0.815,0.491,0.76
USR_06629,6.07,25.7,5.6,0.615,0.279,2,0.192,0.692,0.14,0.614,0.164
USR_06630,20.73,39.2,6.7,0.707,0.419,4,0.773,0.927,0.739,0.739,0.413
USR_06631,24.36,86.8,5.0,0.917,0.78,4,0.766,0.507,0.632,0.585,0.698
USR_06632,24.05,72.5,5.1,0.93,0.55,2,0.847,0.373,0.526,0.458,0.784
USR_06633,7.62,27.1,4.3,0.661,0.088,2,0.243,0.925,0.227,0.579,0.093
USR_06634,9.84,34.6,4.1,0.531,0.445,2,0.073,0.981,0.361,0.57,0.118
USR_06635,4.41,39.6,6.8,0.392,0.302,1,0.254,0.925,0.097,0.876,0.245
USR_06636,11.88,58.8,6.1,0.943,0.391,3,0.169,0.562,0.681,0.869,0.311
USR_06637,36.91,108.6,4.8,0.809,0.746,3,0.562,0.2,0.86,0.478,0.731
USR_06638,20.89,54.9,8.1,0.716,0.449,5,0.824,0.608,0.68,0.693,0.324
USR_06639,21.56,48.2,9.8,0.83,0.185,4,0.538,0.607,0.488,0.522,0.59
USR_06640,17.73,51.8,6.3,0.821,0.225,5,0.74,0.551,0.566,0.754,0.366
USR_06641,17.54,53.1,6.6,0.877,0.474,2,0.198,0.489,0.585,0.791,0.172
USR_06642,16.17,98.1,6.3,0.679,0.435,3,0.977,0.299,0.623,0.455,0.904
USR_06643,27.38,41.1,8.0,0.878,0.28,3,0.863,0.204,0.9,0.528,0.754
USR_06644,31.0,74.2,6.0,0.798,0.484,2,0.86,0.188,0.641,0.259,0.848
USR_06645,36.73,63.3,2.6,0.915,0.618,3,0.54,0.146,0.99,0.17,0.589
USR_06646,27.76,54.3,4.8,0.653,0.183,5,0.583,0.476,0.522,0.796,0.595
USR_06647,19.68,49.9,10.8,0.63,0.676,5,0.35,0.364,0.559,0.799,0.853
USR_06648,5.58,31.7,4.6,0.679,0.528,2,0.109,0.843,0.357,0.683,0.294
USR_06649,9.63,14.2,2.0,0.567,0.181,2,0.397,0.99,0.123,0.694,0.409
USR_06650,21.63,95.2,4.7,0.809,0.841,3,0.801,0.301,0.673,0.362,0.737
USR_06651,22.14,98.3,4.4,0.801,0.535,3,0.728,0.284,0.581,0.402,0.894
USR_06652,16.26,57.6,9.3,0.849,0.262,5,0.509,0.737,0.818,0.633,0.574
USR_06653,9.23,27.0,2.2,0.616,0.142,1,0.228,0.988,0.369,0.755,0.111
USR_06654,16.27,56.2,5.1,0.899,0.396,3,0.386,0.393,0.698,0.748,0.483
USR_06655,15.61,49.6,8.1,0.917,0.324,4,0.719,0.565,0.365,0.903,0.662
USR_06656,12.7,72.2,7.4,0.936,0.474,3,0.164,0.455,0.588,0.942,0.396
USR_06657,17.68,57.1,8.2,0.883,0.386,3,0.597,0.423,0.55,0.894,0.227
USR_06658,32.32,101.9,5.8,0.856,0.802,3,0.755,0.331,0.643,0.263,0.733
USR_06659,3.84,31.0,5.6,0.443,0.284,2,0.253,0.78,0.242,0.699,0.367
USR_06660,33.03,115.8,4.4,0.896,0.804,2,0.99,0.545,0.61,0.4,0.782
USR_06661,6.32,24.0,5.1,0.561,0.347,1,0.11,0.763,0.283,0.603,0.069
USR_06662,33.08,85.6,2.4,0.955,0.729,3,0.929,0.267,0.814,0.456,0.759
USR_06663,26.58,34.6,5.5,0.986,0.329,3,0.491,0.452,0.509,0.869,0.324
USR_06664,21.84,69.5,4.7,0.917,0.733,2,0.986,0.288,0.74,0.292,0.811
USR_06665,17.62,77.9,7.5,0.896,0.398,3,0.938,0.216,0.579,0.271,0.861
USR_06666,17.5,55.1,6.9,0.934,0.18,3,0.385,0.257,0.474,0.882,0.31
USR_06667,12.81,41.4,3.1,0.879,0.543,2,0.111,0.457,0.495,0.731,0.23
USR_06668,14.48,54.9,3.3,0.807,0.299,2,0.189,0.094,0.38,0.948,0.317
USR_06669,20.2,68.9,7.4,0.759,0.447,3,0.838,0.142,0.485,0.076,0.748
USR_06670,15.59,67.2,4.5,0.944,0.343,3,0.367,0.478,0.7,0.92,0.529
USR_06671,34.3,81.4,4.7,0.881,0.777,3,0.748,0.425,0.851,0.498,0.641
USR_06672,13.3,119.9,2.7,0.833,0.801,4,0.773,0.286,0.902,0.629,0.746
USR_06673,19.28,37.9,8.8,0.684,0.187,5,0.513,0.785,0.686,0.675,0.449
USR_06674,20.47,80.7,4.7,0.913,0.606,4,0.99,0.346,0.98,0.524,0.708
USR_06675,22.69,96.1,6.1,0.85,0.731,4,0.99,0.337,0.907,0.445,0.892
USR_06676,19.99,50.6,7.7,0.736,0.32,2,0.393,0.452,0.469,0.823,0.273
USR_06677,14.65,76.8,5.0,0.848,0.42,3,0.318,0.652,0.21,0.943,0.204
USR_06678,14.34,60.5,7.1,0.819,0.465,5,0.55,0.405,0.538,0.604,0.571
USR_06679,14.25,44.8,7.5,0.939,0.461,3,0.275,0.237,0.56,0.962,0.191
USR_06680,27.6,100.1,4.4,0.959,0.852,3,0.732,0.286,0.639,0.48,0.616
USR_06681,20.02,64.8,7.1,0.895,0.492,3,0.269,0.64,0.663,0.889,0.312
USR_06682,16.37,43.0,8.1,0.697,0.417,4,0.717,0.473,0.72,0.728,0.574
USR_06683,30.9,85.5,3.3,0.99,0.732,2,0.468,0.263,0.807,0.477,0.603
USR_06684,10.92,27.5,3.0,0.45,0.432,2,0.265,0.832,0.221,0.663,0.391
USR_06685,24.88,59.5,3.6,0.772,0.437,2,0.223,0.377,0.551,0.867,0.31
USR_06686,17.98,77.5,5.8,0.908,0.685,3,0.868,0.268,0.921,0.356,0.667
USR_06687,22.87,133.4,3.0,0.786,0.706,3,0.772,0.23,0.929,0.337,0.671
USR_06688,5.98,39.5,3.8,0.53,0.422,1,0.265,0.893,0.114,0.57,0.147
USR_06689,26.39,113.9,3.6,0.801,0.864,3,0.724,0.293,0.8,0.658,0.666
USR_06690,29.38,85.5,4.3,0.802,0.77,3,0.751,0.19,0.772,0.624,0.871
USR_06691,19.7,52.2,7.6,0.787,0.397,4,0.335,0.428,0.669,0.891,0.329
USR_06692,26.09,61.7,7.7,0.756,0.372,5,0.95,0.671,0.282,0.891,0.809
USR_06693,10.57,31.1,3.5,0.412,0.385,3,0.139,0.886,0.307,0.85,0.076
USR_06694,23.13,94.9,4.9,0.713,0.594,3,0.79,0.361,0.633,0.345,0.509
USR_06695,18.34,118.1,6.0,0.773,0.876,2,0.763,0.347,0.7,0.359,0.801
USR_06696,15.35,63.9,5.4,0.824,0.296,3,0.442,0.41,0.581,0.954,0.213
USR_06697,20.68,43.9,5.2,0.943,0.307,2,0.353,0.569,0.576,0.887,0.202
USR_06698,18.61,42.0,6.7,0.926,0.245,3,0.363,0.153,0.655,0.854,0.452
USR_06699,26.41,66.5,3.8,0.868,0.625,2,0.825,0.208,0.924,0.461,0.637
USR_06700,31.27,61.8,6.3,0.888,0.437,5,0.561,0.389,0.662,0.81,0.253
USR_06701,6.62,32.3,3.8,0.573,0.373,3,0.076,0.953,0.356,0.776,0.141
USR_06702,18.31,87.5,3.8,0.886,0.771,2,0.71,0.25,0.608,0.67,0.664
USR_06703,3.56,17.1,3.4,0.653,0.341,2,0.157,0.929,0.05,0.595,0.319
USR_06704,9.65,17.5,5.4,0.359,0.428,1,0.166,0.808,0.223,0.747,0.325
USR_06705,17.48,71.2,4.7,0.663,0.681,3,0.949,0.317,0.851,0.315,0.58
USR_06706,24.16,88.9,3.8,0.909,0.825,3,0.772,0.198,0.719,0.401,0.822
USR_06707,21.39,60.3,6.5,0.941,0.528,3,0.885,0.318,0.549,0.313,0.879
USR_06708,24.35,116.5,3.7,0.803,0.691,4,0.718,0.445,0.99,0.643,0.548
USR_06709,23.73,67.5,3.5,0.76,0.219,2,0.415,0.569,0.776,0.985,0.292
USR_06710,18.64,42.3,9.1,0.719,0.479,4,0.721,0.49,0.642,0.663,0.733
USR_06711,20.74,63.1,5.0,0.739,0.567,3,0.888,0.139,0.756,0.376,0.99
USR_06712,11.87,26.8,3.1,0.445,0.422,1,0.172,0.795,0.235,0.587,0.208
USR_06713,18.46,120.8,4.1,0.902,0.649,4,0.797,0.234,0.765,0.634,0.764
USR_06714,31.35,96.9,3.4,0.88,0.757,3,0.848,0.321,0.774,0.509,0.99
USR_06715,28.17,84.5,5.6,0.97,0.773,3,0.792,0.17,0.654,0.498,0.615
USR_06716,8.08,18.5,4.8,0.614,0.305,2,0.395,0.99,0.35,0.604,0.051
USR_06717,19.96,53.9,5.7,0.947,0.513,2,0.92,0.276,0.428,0.436,0.99
USR_06718,18.66,41.5,8.2,0.643,0.495,5,0.605,0.584,0.76,0.619,0.722
USR_06719,7.45,22.5,5.9,0.537,0.307,2,0.326,0.72,0.263,0.665,0.275
USR_06720,4.39,39.1,5.8,0.681,0.321,2,0.431,0.772,0.121,0.678,0.208
USR_06721,27.64,115.6,6.0,0.881,0.769,3,0.806,0.05,0.82,0.34,0.739
USR_06722,24.97,57.1,9.2,0.677,0.478,5,0.65,0.816,0.627,0.871,0.627
USR_06723,25.07,58.7,4.5,0.867,0.857,3,0.971,0.38,0.734,0.264,0.874
USR_06724,13.82,60.5,5.4,0.929,0.239,3,0.293,0.237,0.7,0.971,0.479
USR_06725,5.81,22.9,3.7,0.619,0.419,1,0.424,0.776,0.131,0.563,0.315
USR_06726,30.19,98.1,4.9,0.857,0.639,3,0.685,0.457,0.664,0.548,0.523
USR_06727,6.6,26.6,2.6,0.633,0.432,2,0.233,0.982,0.253,0.632,0.158
USR_06728,27.59,96.3,4.2,0.84,0.79,3,0.777,0.245,0.898,0.397,0.691
USR_06729,22.25,41.1,7.2,0.868,0.364,2,0.368,0.15,0.789,0.967,0.21
USR_06730,17.98,102.3,9.3,0.93,0.398,3,0.854,0.092,0.539,0.335,0.954
USR_06731,19.22,50.5,7.5,0.717,0.538,3,0.792,0.203,0.682,0.297,0.99
USR_06732,13.72,59.6,7.8,0.832,0.326,3,0.346,0.321,0.508,0.835,0.316
USR_06733,34.67,68.1,5.6,0.795,0.295,2,0.891,0.176,0.466,0.413,0.99
USR_06734,20.68,42.4,7.4,0.855,0.416,3,0.963,0.229,0.778,0.334,0.911
USR_06735,39.87,93.5,5.2,0.724,0.654,3,0.65,0.322,0.705,0.584,0.512
USR_06736,20.77,51.3,4.0,0.841,0.285,3,0.306,0.739,0.577,0.982,0.142
USR_06737,37.32,98.5,4.8,0.855,0.548,2,0.777,0.292,0.772,0.328,0.721
USR_06738,8.93,19.2,6.4,0.462,0.191,2,0.256,0.769,0.333,0.533,0.256
USR_06739,21.51,60.8,5.7,0.889,0.437,2,0.167,0.442,0.383,0.939,0.554
USR_06740,30.3,98.4,4.5,0.751,0.605,2,0.87,0.549,0.731,0.304,0.584
USR_06741,29.78,89.0,5.3,0.81,0.529,4,0.729,0.089,0.965,0.587,0.681
USR_06742,21.6,43.6,9.0,0.735,0.379,5,0.95,0.815,0.554,0.887,0.552
USR_06743,21.92,55.6,2.7,0.99,0.718,3,0.771,0.324,0.71,0.332,0.99
USR_06744,18.65,64.3,7.7,0.789,0.292,4,0.298,0.377,0.553,0.83,0.242
USR_06745,9.22,33.3,5.0,0.609,0.407,2,0.05,0.915,0.362,0.899,0.352
USR_06746,10.73,61.5,8.7,0.921,0.557,4,0.567,0.693,0.711,0.616,0.694
USR_06747,3.33,32.1,2.5,0.653,0.287,3,0.277,0.898,0.32,0.7,0.08
USR_06748,8.28,27.8,3.8,0.549,0.228,1,0.152,0.808,0.227,0.5,0.136
USR_06749,27.12,65.6,5.0,0.938,0.806,4,0.99,0.283,0.904,0.365,0.475
USR_06750,19.08,69.9,5.7,0.924,0.391,2,0.341,0.389,0.316,0.99,0.456
USR_06751,8.56,32.7,3.5,0.547,0.359,2,0.237,0.844,0.234,0.384,0.113
USR_06752,16.36,65.2,4.0,0.754,0.481,2,0.983,0.06,0.608,0.304,0.896
USR_06753,21.79,77.5,5.1,0.804,0.718,3,0.965,0.203,0.866,0.341,0.651
USR_06754,33.71,82.5,4.0,0.947,0.728,3,0.851,0.395,0.816,0.335,0.797
USR_06755,21.94,51.5,6.4,0.916,0.438,4,0.295,0.386,0.514,0.864,0.375
USR_06756,20.0,47.2,8.7,0.896,0.502,2,0.797,0.086,0.342,0.195,0.931
USR_06757,25.5,78.4,3.0,0.856,0.695,3,0.99,0.354,0.99,0.423,0.625
USR_06758,18.01,77.6,6.4,0.734,0.167,2,0.87,0.166,0.499,0.211,0.919
USR_06759,33.54,84.7,3.4,0.822,0.95,4,0.96,0.44,0.8,0.519,0.491
USR_06760,25.61,53.3,6.6,0.853,0.475,4,0.607,0.656,0.634,0.508,0.722
USR_06761,25.42,91.4,5.1,0.865,0.685,2,0.688,0.09,0.859,0.511,0.784
USR_06762,12.7,36.9,6.1,0.664,0.37,2,0.296,0.737,0.161,0.804,0.134
USR_06763,9.59,27.7,4.7,0.289,0.404,1,0.18,0.846,0.218,0.486,0.206
USR_06764,5.37,20.0,5.8,0.568,0.558,2,0.277,0.887,0.313,0.674,0.111
USR_06765,11.98,43.0,3.0,0.727,0.31,2,0.442,0.847,0.279,0.791,0.183
USR_06766,10.65,62.7,4.8,0.839,0.511,3,0.398,0.571,0.42,0.834,0.38
USR_06767,15.03,65.7,4.4,0.906,0.299,2,0.458,0.384,0.643,0.99,0.363
USR_06768,18.87,70.7,11.6,0.738,0.417,5,0.619,0.452,0.838,0.626,0.432
USR_06769,28.6,70.1,8.3,0.801,0.61,3,0.833,0.234,0.437,0.288,0.954
USR_06770,18.93,70.8,5.7,0.839,0.35,3,0.308,0.478,0.657,0.869,0.303
USR_06771,7.9,30.5,4.5,0.616,0.344,2,0.25,0.889,0.301,0.725,0.18
USR_06772,21.89,65.2,3.4,0.807,0.792,3,0.918,0.283,0.818,0.497,0.645
USR_06773,25.61,101.9,5.5,0.804,0.833,3,0.707,0.2,0.916,0.8,0.766
USR_06774,7.72,23.7,3.7,0.671,0.428,1,0.332,0.865,0.05,0.463,0.266
USR_06775,30.68,62.5,3.0,0.843,0.752,4,0.659,0.432,0.727,0.496,0.746
USR_06776,15.68,52.3,5.5,0.894,0.319,3,0.476,0.652,0.506,0.965,0.461
USR_06777,21.52,32.8,6.9,0.965,0.545,3,0.4,0.515,0.239,0.88,0.35
USR_06778,30.07,89.0,4.1,0.911,0.774,2,0.818,0.195,0.834,0.583,0.615
USR_06779,18.54,62.7,11.4,0.92,0.399,4,0.584,0.365,0.734,0.24,0.637
USR_06780,17.82,49.7,6.0,0.915,0.144,3,0.311,0.662,0.525,0.99,0.538
USR_06781,34.85,97.9,4.8,0.869,0.796,4,0.721,0.089,0.719,0.439,0.783
USR_06782,12.56,43.3,8.9,0.714,0.394,4,0.394,0.602,0.456,0.615,0.482
USR_06783,24.3,17.1,6.7,0.846,0.313,4,0.643,0.566,0.685,0.64,0.51
USR_06784,19.05,104.4,8.3,0.937,0.73,2,0.906,0.336,0.783,0.381,0.561
USR_06785,22.96,64.2,6.1,0.8,0.479,2,0.944,0.188,0.665,0.05,0.896
USR_06786,7.8,29.0,4.1,0.696,0.484,1,0.292,0.912,0.294,0.819,0.107
USR_06787,33.48,86.0,5.2,0.674,0.562,3,0.849,0.193,0.517,0.303,0.872
USR_06788,18.1,45.6,7.5,0.874,0.388,5,0.852,0.705,0.786,0.762,0.441
USR_06789,25.5,81.6,5.5,0.81,0.48,2,0.744,0.232,0.745,0.428,0.91
USR_06790,42.72,114.6,3.1,0.806,0.95,2,0.754,0.595,0.893,0.301,0.821
USR_06791,19.07,47.4,5.2,0.943,0.051,4,0.62,0.647,0.622,0.693,0.516
USR_06792,20.5,57.4,6.1,0.874,0.436,3,0.28,0.096,0.411,0.99,0.153
USR_06793,3.33,24.7,2.5,0.522,0.23,2,0.327,0.941,0.08,0.376,0.324
USR_06794,23.9,90.9,4.1,0.832,0.864,3,0.78,0.208,0.948,0.187,0.526
USR_06795,6.76,34.3,5.3,0.62,0.24,2,0.2,0.861,0.262,0.858,0.315
USR_06796,22.22,80.9,2.9,0.866,0.632,2,0.639,0.354,0.751,0.452,0.728
USR_06797,32.64,83.7,3.5,0.865,0.826,3,0.797,0.188,0.772,0.389,0.571
USR_06798,8.6,20.4,4.9,0.554,0.453,2,0.227,0.756,0.32,0.438,0.204
USR_06799,32.78,118.2,7.0,0.98,0.65,3,0.891,0.234,0.903,0.676,0.774
USR_06800,18.63,54.9,5.2,0.99,0.424,4,0.271,0.345,0.553,0.88,0.402
USR_06801,16.21,76.9,2.3,0.841,0.735,2,0.794,0.197,0.825,0.387,0.677
USR_06802,20.78,68.2,6.7,0.87,0.465,4,0.254,0.478,0.735,0.962,0.271
USR_06803,7.87,31.3,3.2,0.838,0.056,2,0.149,0.741,0.188,0.465,0.162
USR_06804,24.17,88.7,5.2,0.99,0.752,3,0.754,0.291,0.746,0.459,0.794
USR_06805,14.14,65.7,9.0,0.524,0.444,5,0.572,0.532,0.56,0.743,0.548
USR_06806,7.05,17.9,3.7,0.808,0.422,2,0.43,0.87,0.215,0.731,0.139
USR_06807,24.96,39.7,8.5,0.821,0.235,2,0.824,0.51,0.702,0.214,0.839
USR_06808,18.02,68.1,8.7,0.804,0.258,2,0.287,0.181,0.749,0.878,0.346
USR_06809,35.31,97.3,5.9,0.865,0.946,4,0.99,0.158,0.79,0.628,0.834
USR_06810,18.23,54.3,6.1,0.89,0.315,3,0.321,0.652,0.531,0.719,0.412
USR_06811,17.59,55.4,3.5,0.836,0.464,3,0.319,0.132,0.478,0.91,0.488
USR_06812,1.81,32.0,3.8,0.508,0.404,1,0.292,0.666,0.26,0.756,0.397
USR_06813,15.07,36.0,7.2,0.833,0.251,3,0.431,0.333,0.44,0.895,0.052
USR_06814,19.73,55.7,7.0,0.783,0.718,4,0.747,0.119,0.92,0.463,0.755
USR_06815,22.97,55.0,6.7,0.827,0.273,4,0.406,0.376,0.443,0.91,0.308
USR_06816,27.41,29.2,9.2,0.702,0.441,5,0.45,0.672,0.738,0.7,0.561
USR_06817,6.18,38.0,5.5,0.477,0.106,1,0.207,0.905,0.207,0.673,0.05
USR_06818,1.9,20.6,6.8,0.635,0.319,3,0.181,0.98,0.05,0.363,0.171
USR_06819,33.13,130.1,3.6,0.828,0.623,3,0.563,0.193,0.753,0.05,0.732
USR_06820,13.72,46.6,9.4,0.793,0.352,4,0.389,0.61,0.364,0.581,0.581
USR_06821,12.68,67.0,4.2,0.779,0.699,3,0.784,0.362,0.938,0.522,0.751
USR_06822,16.04,55.8,8.7,0.854,0.471,4,0.657,0.521,0.657,0.652,0.517
USR_06823,33.09,85.1,3.3,0.866,0.725,3,0.707,0.391,0.742,0.554,0.938
USR_06824,13.89,50.4,6.5,0.863,0.253,3,0.24,0.49,0.444,0.99,0.251
USR_06825,8.47,17.5,3.7,0.669,0.151,2,0.381,0.64,0.184,0.571,0.184
USR_06826,17.48,99.5,5.4,0.903,0.677,2,0.99,0.251,0.751,0.454,0.707
USR_06827,11.57,29.3,5.6,0.659,0.295,1,0.331,0.99,0.095,0.759,0.144
USR_06828,13.48,49.8,6.2,0.955,0.277,3,0.486,0.522,0.668,0.96,0.502
USR_06829,20.27,43.9,10.0,0.751,0.387,5,0.727,0.482,0.477,0.562,0.559
USR_06830,21.31,61.8,8.1,0.984,0.623,3,0.854,0.255,0.476,0.061,0.87
USR_06831,26.57,78.6,8.5,0.658,0.458,3,0.99,0.261,0.406,0.32,0.972
USR_06832,19.37,52.1,4.7,0.885,0.401,4,0.413,0.594,0.676,0.914,0.427
USR_06833,24.72,75.5,2.5,0.809,0.721,3,0.86,0.503,0.85,0.598,0.735
USR_06834,37.82,106.0,6.8,0.855,0.735,2,0.719,0.215,0.923,0.106,0.532
USR_06835,31.88,87.5,6.0,0.826,0.322,2,0.895,0.05,0.791,0.329,0.99
USR_06836,12.69,25.7,4.5,0.543,0.393,2,0.293,0.844,0.142,0.729,0.108
USR_06837,22.26,58.3,7.0,0.891,0.411,3,0.469,0.227,0.629,0.887,0.608
USR_06838,41.18,75.1,3.2,0.807,0.743,3,0.573,0.188,0.821,0.539,0.801
USR_06839,20.03,71.9,5.7,0.886,0.305,4,0.303,0.444,0.444,0.943,0.324
USR_06840,6.55,19.2,6.3,0.404,0.293,1,0.124,0.855,0.176,0.381,0.185
USR_06841,30.56,89.2,4.4,0.895,0.769,3,0.541,0.393,0.721,0.2,0.561
USR_06842,16.13,60.6,6.7,0.809,0.394,3,0.05,0.45,0.537,0.797,0.101
USR_06843,21.34,49.0,7.0,0.617,0.37,5,0.639,0.76,0.61,0.783,0.681
USR_06844,15.41,76.1,5.5,0.76,0.469,2,0.873,0.204,0.74,0.406,0.939
USR_06845,13.08,42.5,7.0,0.983,0.37,3,0.33,0.416,0.712,0.756,0.156
USR_06846,19.45,97.7,5.7,0.905,0.503,2,0.99,0.387,0.86,0.48,0.864
USR_06847,17.42,52.6,4.7,0.841,0.462,3,0.329,0.399,0.376,0.892,0.388
USR_06848,15.73,70.3,5.1,0.913,0.388,3,0.4,0.339,0.614,0.863,0.205
USR_06849,24.59,95.5,3.8,0.817,0.617,2,0.896,0.181,0.793,0.408,0.953
USR_06850,5.51,31.4,1.0,0.57,0.471,3,0.289,0.901,0.05,0.626,0.324
USR_06851,20.75,67.3,5.6,0.99,0.6,2,0.848,0.225,0.751,0.367,0.666
USR_06852,25.2,59.8,6.0,0.861,0.288,3,0.914,0.055,0.859,0.469,0.919
USR_06853,22.06,89.8,2.7,0.845,0.721,2,0.845,0.359,0.83,0.445,0.595
USR_06854,18.18,50.1,5.7,0.779,0.364,2,0.273,0.534,0.427,0.951,0.307
USR_06855,11.7,30.1,4.9,0.518,0.432,1,0.067,0.962,0.072,0.758,0.164
USR_06856,6.55,20.9,2.3,0.667,0.05,2,0.164,0.864,0.072,0.499,0.112
USR_06857,9.27,42.3,5.8,0.743,0.564,4,0.733,0.82,0.884,0.801,0.58
USR_06858,9.94,59.1,7.5,0.847,0.446,3,0.452,0.413,0.57,0.918,0.433
USR_06859,15.16,86.4,6.9,0.849,0.499,2,0.887,0.193,0.804,0.315,0.956
USR_06860,18.16,71.0,6.8,0.862,0.485,3,0.474,0.286,0.593,0.922,0.366
USR_06861,26.07,65.4,4.1,0.861,0.75,3,0.572,0.305,0.888,0.519,0.702
USR_06862,3.55,16.9,4.6,0.458,0.466,1,0.294,0.795,0.188,0.601,0.05
USR_06863,12.41,60.7,5.2,0.897,0.397,4,0.303,0.373,0.489,0.946,0.32
USR_06864,23.97,83.5,6.8,0.962,0.796,3,0.939,0.268,0.914,0.339,0.659
USR_06865,20.06,40.5,6.0,0.677,0.447,4,0.638,0.517,0.368,0.637,0.425
USR_06866,15.17,61.0,9.1,0.676,0.437,5,0.585,0.737,0.369,0.775,0.568
USR_06867,19.18,63.0,8.0,0.928,0.254,3,0.428,0.407,0.339,0.893,0.258
USR_06868,23.6,63.6,10.2,0.687,0.537,4,0.711,0.579,0.526,0.54,0.577
USR_06869,33.31,116.1,5.5,0.838,0.683,3,0.82,0.289,0.841,0.226,0.823
USR_06870,33.5,64.7,6.0,0.799,0.671,3,0.762,0.216,0.632,0.264,0.881
USR_06871,4.67,24.0,3.6,0.462,0.287,1,0.287,0.835,0.332,0.716,0.085
USR_06872,19.47,95.0,5.1,0.945,0.707,4,0.664,0.167,0.838,0.233,0.634
USR_06873,21.97,55.2,7.2,0.775,0.4,5,0.517,0.647,0.593,0.465,0.588
USR_06874,21.74,60.6,6.4,0.858,0.527,3,0.836,0.405,0.597,0.209,0.883
USR_06875,6.12,13.3,4.5,0.516,0.358,2,0.147,0.886,0.205,0.678,0.353
USR_06876,9.63,26.5,4.2,0.725,0.389,2,0.153,0.76,0.244,0.499,0.345
USR_06877,21.69,63.7,6.1,0.943,0.729,3,0.9,0.431,0.946,0.284,0.851
USR_06878,12.74,71.9,7.0,0.839,0.726,3,0.806,0.129,0.587,0.235,0.973
USR_06879,7.42,33.8,4.7,0.635,0.338,2,0.332,0.979,0.225,0.7,0.229
USR_06880,15.2,52.1,4.1,0.964,0.352,2,0.547,0.315,0.42,0.836,0.05
USR_06881,9.64,26.4,2.4,0.368,0.17,1,0.289,0.769,0.407,0.709,0.279
USR_06882,21.52,52.3,8.7,0.902,0.224,4,0.772,0.874,0.804,0.419,0.631
USR_06883,7.54,31.4,3.9,0.525,0.282,1,0.05,0.688,0.434,0.934,0.289
USR_06884,18.94,68.3,8.5,0.871,0.426,3,0.748,0.26,0.665,0.168,0.844
USR_06885,17.24,55.3,3.1,0.888,0.409,3,0.421,0.616,0.361,0.788,0.44
USR_06886,10.27,28.2,5.9,0.364,0.134,2,0.129,0.762,0.056,0.8,0.167
USR_06887,23.5,122.4,4.6,0.99,0.814,2,0.703,0.105,0.834,0.421,0.621
USR_06888,26.3,91.8,2.8,0.945,0.725,3,0.694,0.396,0.99,0.247,0.643
USR_06889,22.16,57.5,4.0,0.82,0.6,2,0.362,0.541,0.635,0.962,0.611
USR_06890,24.17,40.5,7.0,0.718,0.539,4,0.705,0.419,0.667,0.567,0.332
USR_06891,2.7,19.5,3.7,0.55,0.421,1,0.349,0.529,0.173,0.507,0.113
USR_06892,18.17,66.1,6.1,0.847,0.243,4,0.408,0.369,0.448,0.894,0.242
USR_06893,12.03,57.8,3.6,0.876,0.157,2,0.243,0.72,0.539,0.885,0.069
USR_06894,24.44,45.7,10.9,0.676,0.404,5,0.95,0.523,0.673,0.62,0.685
USR_06895,21.37,60.6,5.2,0.97,0.474,2,0.614,0.079,0.548,0.355,0.771
USR_06896,16.98,58.5,6.1,0.851,0.373,4,0.863,0.649,0.684,0.835,0.502
USR_06897,33.9,91.0,2.0,0.89,0.867,3,0.891,0.16,0.711,0.306,0.836
USR_06898,24.39,72.9,7.6,0.864,0.741,2,0.777,0.266,0.837,0.78,0.576
USR_06899,29.84,104.0,5.4,0.718,0.585,3,0.901,0.213,0.775,0.614,0.625
USR_06900,16.67,91.6,4.0,0.875,0.492,2,0.797,0.189,0.826,0.375,0.82
USR_06901,13.26,55.9,4.9,0.963,0.506,4,0.407,0.422,0.735,0.901,0.33
USR_06902,16.07,50.2,8.9,0.747,0.302,5,0.819,0.938,0.93,0.617,0.56
USR_06903,31.35,71.6,6.8,0.896,0.294,2,0.813,0.208,0.602,0.27,0.967
USR_06904,8.31,24.9,2.9,0.494,0.368,2,0.363,0.801,0.079,0.795,0.233
USR_06905,31.13,85.5,3.5,0.817,0.595,3,0.785,0.376,0.71,0.454,0.725
USR_06906,22.02,54.4,5.4,0.948,0.588,4,0.929,0.328,0.817,0.293,0.762
USR_06907,15.23,56.0,6.2,0.99,0.534,3,0.877,0.153,0.382,0.158,0.933
USR_06908,21.22,98.4,6.4,0.838,0.737,4,0.955,0.208,0.649,0.535,0.775
USR_06909,24.04,76.5,6.1,0.883,0.59,2,0.941,0.151,0.626,0.383,0.886
USR_06910,17.46,53.3,5.6,0.869,0.51,4,0.406,0.441,0.711,0.976,0.495
USR_06911,17.8,72.0,7.2,0.906,0.359,3,0.438,0.536,0.576,0.99,0.242
USR_06912,26.67,142.8,5.8,0.795,0.62,3,0.99,0.389,0.855,0.42,0.715
USR_06913,30.54,89.9,1.0,0.881,0.74,2,0.797,0.443,0.826,0.515,0.805
USR_06914,27.17,74.3,8.5,0.759,0.542,3,0.531,0.357,0.823,0.236,0.834
USR_06915,13.97,43.1,8.3,0.614,0.408,4,0.722,0.605,0.362,0.583,0.607
USR_06916,17.78,72.1,4.1,0.831,0.54,3,0.931,0.149,0.735,0.198,0.913
USR_06917,10.26,63.1,8.7,0.897,0.431,3,0.483,0.453,0.816,0.963,0.203
USR_06918,20.1,74.1,5.8,0.892,0.406,4,0.142,0.309,0.605,0.796,0.179
USR_06919,5.97,17.7,2.2,0.427,0.288,2,0.153,0.99,0.05,0.635,0.279
USR_06920,29.19,73.1,4.7,0.815,0.413,2,0.861,0.494,0.9,0.359,0.957
USR_06921,18.19,73.0,6.1,0.99,0.55,3,0.839,0.224,0.586,0.455,0.969
USR_06922,9.49,55.6,3.9,0.913,0.435,4,0.278,0.302,0.806,0.915,0.28
USR_06923,14.13,70.9,3.9,0.771,0.95,3,0.884,0.35,0.894,0.584,0.722
USR_06924,16.72,55.2,9.2,0.7,0.569,4,0.473,0.623,0.702,0.613,0.523
USR_06925,33.79,73.7,6.0,0.948,0.391,3,0.8,0.062,0.466,0.622,0.99
USR_06926,8.34,23.3,4.3,0.531,0.478,1,0.057,0.967,0.183,0.737,0.2
USR_06927,25.85,59.6,3.7,0.831,0.688,3,0.798,0.205,0.822,0.554,0.586
USR_06928,30.5,61.3,4.2,0.901,0.814,4,0.86,0.244,0.773,0.466,0.976
USR_06929,21.6,42.8,7.1,0.741,0.357,5,0.89,0.678,0.551,0.512,0.415
USR_06930,3.92,20.9,3.6,0.571,0.431,1,0.333,0.99,0.407,0.859,0.133
USR_06931,13.9,49.0,12.0,0.671,0.485,5,0.643,0.616,0.649,0.696,0.546
USR_06932,23.93,42.2,5.4,0.9,0.486,5,0.733,0.641,0.684,0.609,0.447
USR_06933,26.68,66.2,5.6,0.813,0.927,3,0.91,0.372,0.799,0.249,0.735
USR_06934,10.05,30.7,6.1,0.809,0.312,3,0.323,0.568,0.67,0.895,0.45
USR_06935,4.32,53.5,5.0,0.881,0.382,3,0.348,0.538,0.385,0.817,0.231
USR_06936,20.35,43.7,7.3,0.851,0.311,5,0.755,0.302,0.761,0.773,0.788
USR_06937,6.64,19.0,3.6,0.705,0.414,3,0.208,0.869,0.329,0.916,0.082
USR_06938,16.59,31.7,7.2,0.821,0.27,3,0.118,0.411,0.588,0.877,0.223
USR_06939,7.81,19.5,4.1,0.558,0.216,2,0.067,0.99,0.416,0.814,0.239
USR_06940,1.0,23.7,5.4,0.776,0.295,3,0.188,0.583,0.156,0.709,0.177
USR_06941,27.25,108.0,5.3,0.914,0.703,3,0.722,0.382,0.684,0.297,0.751
USR_06942,26.7,70.4,2.1,0.896,0.545,2,0.745,0.229,0.817,0.329,0.943
USR_06943,6.94,26.7,3.3,0.8,0.404,2,0.117,0.768,0.372,0.504,0.315
USR_06944,22.11,59.1,7.7,0.762,0.369,4,0.63,0.703,0.434,0.63,0.619
USR_06945,20.65,88.3,6.3,0.861,0.351,2,0.699,0.128,0.79,0.119,0.978
USR_06946,10.36,41.6,6.8,0.656,0.166,2,0.346,0.901,0.057,0.611,0.192
USR_06947,25.36,60.2,8.9,0.823,0.488,4,0.505,0.606,0.672,0.663,0.482
USR_06948,24.09,54.6,7.0,0.865,0.444,3,0.343,0.323,0.711,0.925,0.268
USR_06949,11.91,40.8,3.6,0.547,0.207,1,0.264,0.909,0.122,0.708,0.303
USR_06950,4.0,13.2,4.4,0.481,0.296,2,0.373,0.99,0.134,0.851,0.05
USR_06951,19.31,48.5,11.6,0.827,0.434,5,0.889,0.454,0.698,0.597,0.602
USR_06952,30.63,94.8,4.1,0.911,0.929,3,0.816,0.281,0.738,0.414,0.712
USR_06953,6.85,34.9,3.8,0.515,0.243,2,0.188,0.595,0.162,0.477,0.217
USR_06954,29.52,90.9,4.6,0.809,0.915,2,0.905,0.403,0.776,0.488,0.661
USR_06955,16.78,95.2,3.6,0.793,0.454,2,0.971,0.265,0.683,0.422,0.807
USR_06956,8.27,46.7,7.0,0.704,0.541,4,0.426,0.665,0.603,0.657,0.537
USR_06957,31.05,70.8,5.4,0.927,0.512,3,0.84,0.088,0.698,0.102,0.86
USR_06958,29.95,116.7,4.9,0.812,0.805,2,0.77,0.128,0.989,0.404,0.759
USR_06959,14.16,48.0,5.2,0.941,0.311,3,0.423,0.399,0.416,0.837,0.292
USR_06960,17.71,51.3,6.7,0.859,0.488,4,0.35,0.511,0.502,0.856,0.338
USR_06961,22.67,54.2,10.1,0.764,0.372,4,0.657,0.656,0.486,0.819,0.742
USR_06962,9.6,30.8,2.8,0.659,0.332,1,0.129,0.856,0.126,0.829,0.122
USR_06963,27.36,60.6,5.7,0.865,0.431,3,0.301,0.672,0.403,0.911,0.246
USR_06964,16.02,80.2,8.2,0.841,0.392,3,0.887,0.134,0.342,0.254,0.99
USR_06965,19.94,139.4,5.4,0.801,0.72,2,0.817,0.179,0.927,0.161,0.553
USR_06966,14.1,47.6,5.7,0.873,0.516,3,0.417,0.494,0.521,0.841,0.261
USR_06967,24.42,45.8,6.4,0.859,0.412,3,0.328,0.501,0.615,0.99,0.312
USR_06968,29.06,45.1,6.2,0.897,0.487,2,0.843,0.144,0.763,0.477,0.893
USR_06969,21.3,56.7,9.0,0.709,0.258,5,0.584,0.485,0.714,0.699,0.606
USR_06970,15.78,93.9,5.0,0.858,0.533,3,0.769,0.265,0.812,0.266,0.783
USR_06971,18.75,47.2,5.4,0.784,0.384,2,0.558,0.344,0.525,0.982,0.292
USR_06972,10.21,17.7,4.8,0.498,0.131,2,0.182,0.68,0.05,0.566,0.338
USR_06973,20.68,56.7,6.7,0.81,0.394,3,0.373,0.185,0.267,0.79,0.639
USR_06974,2.88,18.8,3.7,0.526,0.165,1,0.331,0.778,0.264,0.947,0.113
USR_06975,22.9,123.2,7.3,0.835,0.695,3,0.954,0.175,0.907,0.378,0.615
USR_06976,24.66,112.1,5.2,0.773,0.51,2,0.815,0.248,0.629,0.204,0.859
USR_06977,8.17,20.7,3.9,0.562,0.425,1,0.194,0.724,0.115,0.855,0.109
USR_06978,3.72,35.5,2.5,0.796,0.337,2,0.375,0.801,0.23,0.518,0.169
USR_06979,5.2,43.7,3.7,0.474,0.542,1,0.357,0.955,0.182,0.568,0.289
USR_06980,8.39,30.0,4.5,0.734,0.285,2,0.215,0.939,0.05,0.95,0.196
USR_06981,21.95,118.1,2.8,0.881,0.704,4,0.83,0.438,0.724,0.508,0.684
USR_06982,19.1,60.5,11.1,0.745,0.547,4,0.54,0.514,0.698,0.642,0.851
USR_06983,3.94,26.4,7.1,0.413,0.304,1,0.174,0.907,0.065,0.911,0.32
USR_06984,4.07,27.2,6.3,0.44,0.514,2,0.502,0.712,0.077,0.564,0.212
USR_06985,21.89,101.2,4.6,0.936,0.682,3,0.762,0.372,0.815,0.235,0.469
USR_06986,16.69,53.7,10.0,0.68,0.515,4,0.854,0.289,0.551,0.577,0.73
USR_06987,10.62,20.2,4.8,0.479,0.341,1,0.206,0.724,0.206,0.488,0.316
USR_06988,28.63,105.4,4.0,0.99,0.611,3,0.955,0.053,0.968,0.308,0.504
USR_06989,31.09,50.1,3.8,0.875,0.86,3,0.721,0.151,0.744,0.244,0.529
USR_06990,14.38,44.2,9.4,0.711,0.558,4,0.818,0.266,0.805,0.574,0.729
USR_06991,11.51,25.4,5.2,0.716,0.484,1,0.386,0.99,0.056,0.658,0.164
USR_06992,17.14,65.1,6.4,0.834,0.361,3,0.329,0.452,0.445,0.988,0.412
USR_06993,8.67,37.9,3.2,0.359,0.391,2,0.414,0.68,0.223,0.715,0.05
USR_06994,6.06,29.9,3.2,0.544,0.238,2,0.359,0.857,0.233,0.714,0.344
USR_06995,2.24,19.2,3.5,0.346,0.199,1,0.279,0.856,0.105,0.648,0.159
USR_06996,14.84,60.0,4.7,0.927,0.348,3,0.261,0.376,0.28,0.876,0.141
USR_06997,4.75,27.9,5.7,0.394,0.397,2,0.249,0.967,0.15,0.772,0.286
USR_06998,23.11,68.6,7.1,0.983,0.366,4,0.345,0.323,0.809,0.822,0.311
USR_06999,28.63,58.3,5.5,0.966,0.315,3,0.356,0.132,0.393,0.862,0.356
USR_07000,1.0,22.3,2.3,0.589,0.284,2,0.177,0.793,0.501,0.895,0.4
USR_07001,9.63,19.5,3.2,0.508,0.355,3,0.37,0.814,0.119,0.774,0.164
USR_07002,6.44,26.9,2.5,0.407,0.345,2,0.169,0.645,0.437,0.646,0.296
USR_07003,13.77,37.8,8.5,0.954,0.182,3,0.119,0.309,0.229,0.82,0.332
USR_07004,21.93,52.7,6.5,0.775,0.311,3,0.299,0.228,0.376,0.851,0.435
USR_07005,29.59,99.4,4.9,0.78,0.688,2,0.534,0.253,0.812,0.425,0.738
USR_07006,8.66,29.1,6.2,0.706,0.335,1,0.254,0.79,0.179,0.56,0.197
USR_07007,14.11,53.4,5.4,0.771,0.413,4,0.755,0.439,0.636,0.765,0.554
USR_07008,23.49,72.3,7.8,0.715,0.668,3,0.99,0.13,0.318,0.361,0.99
USR_07009,17.22,56.9,7.2,0.536,0.452,4,0.667,0.705,0.631,0.759,0.87
USR_07010,14.36,45.6,8.5,0.828,0.309,5,0.67,0.39,0.686,0.728,0.42
USR_07011,14.55,56.2,8.5,0.965,0.408,3,0.325,0.655,0.705,0.872,0.198
USR_07012,25.06,45.6,4.5,0.863,0.458,2,0.902,0.201,0.577,0.245,0.99
USR_07013,28.66,84.3,3.4,0.9,0.671,3,0.913,0.282,0.703,0.413,0.691
USR_07014,25.1,34.6,11.9,0.879,0.622,5,0.43,0.62,0.482,0.687,0.379
USR_07015,25.61,85.9,5.7,0.873,0.745,3,0.874,0.472,0.777,0.346,0.562
USR_07016,14.95,84.0,5.4,0.862,0.563,2,0.787,0.22,0.529,0.436,0.963
USR_07017,31.14,114.2,5.9,0.91,0.581,4,0.84,0.279,0.817,0.347,0.932
USR_07018,24.87,55.5,9.9,0.85,0.45,4,0.543,0.874,0.704,0.539,0.756
USR_07019,5.8,25.7,1.0,0.69,0.114,2,0.061,0.824,0.119,0.623,0.05
USR_07020,15.46,52.0,6.4,0.809,0.434,3,0.187,0.387,0.667,0.725,0.296
USR_07021,18.57,46.1,7.1,0.816,0.397,3,0.244,0.46,0.665,0.99,0.314
USR_07022,19.24,42.7,8.9,0.54,0.321,4,0.716,0.819,0.733,0.912,0.6
USR_07023,16.57,46.3,7.3,0.899,0.347,3,0.624,0.537,0.445,0.921,0.188
USR_07024,5.8,35.0,3.5,0.578,0.193,1,0.209,0.99,0.05,0.515,0.439
USR_07025,18.74,98.4,8.5,0.955,0.432,2,0.849,0.255,0.584,0.253,0.94
USR_07026,23.78,78.2,5.8,0.612,0.376,2,0.763,0.269,0.631,0.343,0.896
USR_07027,22.41,80.8,6.0,0.87,0.638,2,0.773,0.05,0.418,0.227,0.91
USR_07028,35.63,110.9,6.0,0.791,0.625,2,0.842,0.269,0.89,0.462,0.653
USR_07029,16.88,114.0,4.8,0.895,0.706,3,0.674,0.329,0.79,0.436,0.78
USR_07030,21.63,60.3,7.0,0.882,0.388,3,0.684,0.374,0.591,0.816,0.396
USR_07031,10.43,73.9,7.1,0.767,0.378,3,0.625,0.16,0.624,0.081,0.887
USR_07032,32.98,91.9,5.4,0.832,0.743,3,0.737,0.442,0.889,0.551,0.863
USR_07033,23.1,66.9,6.8,0.785,0.567,2,0.942,0.433,0.67,0.492,0.944
USR_07034,31.07,107.1,6.3,0.822,0.907,3,0.672,0.139,0.786,0.51,0.592
USR_07035,10.77,16.2,2.0,0.612,0.283,1,0.265,0.722,0.213,0.81,0.179
USR_07036,5.71,35.9,3.7,0.719,0.337,3,0.442,0.737,0.064,0.583,0.299
USR_07037,19.45,55.7,5.2,0.947,0.311,3,0.364,0.614,0.658,0.877,0.364
USR_07038,4.35,25.1,3.3,0.627,0.289,1,0.222,0.726,0.316,0.622,0.113
USR_07039,1.25,25.6,1.6,0.471,0.378,2,0.097,0.759,0.211,0.612,0.248
USR_07040,29.99,139.2,3.6,0.883,0.564,4,0.834,0.373,0.697,0.427,0.515
USR_07041,17.58,74.3,6.2,0.897,0.308,2,0.386,0.328,0.478,0.903,0.138
USR_07042,24.11,54.7,4.7,0.713,0.485,3,0.82,0.136,0.547,0.214,0.948
USR_07043,17.01,87.6,6.0,0.853,0.517,3,0.914,0.157,0.844,0.445,0.859
USR_07044,32.01,103.0,1.7,0.936,0.746,4,0.822,0.295,0.855,0.407,0.721
USR_07045,29.2,124.9,4.0,0.964,0.674,2,0.939,0.212,0.99,0.523,0.637
USR_07046,26.14,61.3,5.3,0.88,0.426,2,0.841,0.143,0.207,0.478,0.915
USR_07047,18.52,58.9,4.2,0.905,0.423,2,0.166,0.05,0.735,0.861,0.399
USR_07048,18.2,72.1,5.7,0.607,0.392,3,0.668,0.242,0.588,0.379,0.942
USR_07049,16.16,55.7,4.4,0.869,0.377,3,0.307,0.466,0.58,0.869,0.172
USR_07050,27.28,80.0,4.1,0.804,0.848,3,0.783,0.232,0.748,0.227,0.478
USR_07051,30.46,63.4,4.9,0.856,0.324,2,0.784,0.171,0.771,0.41,0.939
USR_07052,19.01,67.1,5.8,0.905,0.235,3,0.412,0.527,0.778,0.832,0.266
USR_07053,18.37,58.2,6.5,0.762,0.281,3,0.524,0.504,0.455,0.75,0.213
USR_07054,5.85,30.2,3.1,0.485,0.12,1,0.29,0.932,0.251,0.704,0.246
USR_07055,21.43,78.6,4.1,0.839,0.482,2,0.803,0.289,0.661,0.273,0.903
USR_07056,6.0,28.6,3.5,0.592,0.288,1,0.05,0.661,0.268,0.628,0.174
USR_07057,26.44,98.5,4.4,0.929,0.797,3,0.834,0.561,0.836,0.274,0.83
USR_07058,16.14,57.0,4.4,0.831,0.45,3,0.626,0.378,0.666,0.95,0.328
USR_07059,19.01,57.3,6.1,0.717,0.42,4,0.835,0.602,0.533,0.934,0.604
USR_07060,19.11,46.8,6.2,0.922,0.464,3,0.222,0.382,0.712,0.871,0.272
USR_07061,21.2,39.3,8.4,0.949,0.467,4,0.942,0.787,0.648,0.72,0.671
USR_07062,18.52,48.5,7.5,0.833,0.525,5,0.711,0.687,0.706,0.64,0.433
USR_07063,28.19,74.7,9.1,0.819,0.515,2,0.846,0.444,0.707,0.2,0.841
USR_07064,10.47,39.7,2.9,0.586,0.337,1,0.336,0.738,0.347,0.402,0.208
USR_07065,10.16,29.9,4.2,0.582,0.339,2,0.267,0.858,0.163,0.859,0.233
USR_07066,23.54,65.7,6.8,0.671,0.437,3,0.786,0.103,0.634,0.371,0.74
USR_07067,25.77,96.0,5.6,0.873,0.865,3,0.827,0.318,0.841,0.242,0.757
USR_07068,24.99,38.1,6.5,0.775,0.669,2,0.834,0.151,0.599,0.311,0.845
USR_07069,8.04,21.3,4.1,0.428,0.206,1,0.339,0.786,0.23,0.874,0.252
USR_07070,22.44,43.3,9.3,0.791,0.25,4,0.596,0.715,0.586,0.399,0.482
USR_07071,21.13,79.1,5.4,0.9,0.563,2,0.872,0.148,0.62,0.336,0.858
USR_07072,24.39,86.5,8.7,0.747,0.742,3,0.856,0.225,0.63,0.38,0.943
USR_07073,16.16,46.5,6.9,0.806,0.452,4,0.779,0.582,0.594,0.643,0.484
USR_07074,12.63,56.1,5.2,0.883,0.335,3,0.315,0.592,0.593,0.756,0.05
USR_07075,25.36,127.1,4.3,0.881,0.878,3,0.732,0.202,0.828,0.207,0.633
USR_07076,4.22,15.6,6.3,0.511,0.181,3,0.218,0.751,0.218,0.835,0.285
USR_07077,5.49,33.7,3.6,0.609,0.28,1,0.357,0.959,0.436,0.465,0.226
USR_07078,16.62,34.1,8.0,0.789,0.392,3,0.301,0.611,0.628,0.92,0.592
USR_07079,20.89,45.7,9.3,0.768,0.434,4,0.819,0.729,0.831,0.799,0.666
USR_07080,27.09,100.0,3.9,0.801,0.823,2,0.677,0.461,0.864,0.371,0.828
USR_07081,10.61,68.0,6.1,0.709,0.397,3,0.858,0.199,0.781,0.298,0.772
USR_07082,22.46,60.6,6.1,0.821,0.341,2,0.307,0.564,0.582,0.929,0.24
USR_07083,5.48,28.4,3.5,0.631,0.574,3,0.329,0.886,0.189,0.637,0.252
USR_07084,31.72,62.9,7.4,0.792,0.527,2,0.909,0.197,0.618,0.44,0.869
USR_07085,30.43,122.0,6.3,0.904,0.74,2,0.78,0.097,0.867,0.41,0.882
USR_07086,30.76,92.2,6.5,0.904,0.598,3,0.729,0.284,0.99,0.246,0.789
USR_07087,22.49,39.7,4.7,0.906,0.327,3,0.505,0.245,0.797,0.941,0.066
USR_07088,20.71,75.9,7.0,0.889,0.333,3,0.181,0.507,0.658,0.878,0.254
USR_07089,14.79,39.7,4.4,0.874,0.25,3,0.329,0.37,0.323,0.846,0.34
USR_07090,16.51,111.0,7.6,0.933,0.4,3,0.925,0.191,0.714,0.288,0.99
USR_07091,5.76,27.2,4.0,0.529,0.388,3,0.146,0.974,0.362,0.681,0.177
USR_07092,22.69,80.2,8.4,0.857,0.41,2,0.729,0.345,0.667,0.315,0.99
USR_07093,12.74,58.2,3.7,0.826,0.217,3,0.607,0.453,0.699,0.8,0.485
USR_07094,25.07,109.3,4.6,0.823,0.683,3,0.877,0.173,0.752,0.411,0.748
USR_07095,18.74,49.8,3.5,0.72,0.415,2,0.644,0.228,0.576,0.343,0.948
USR_07096,6.41,24.4,6.6,0.62,0.348,1,0.29,0.893,0.378,0.95,0.094
USR_07097,7.1,24.6,4.2,0.687,0.37,2,0.279,0.969,0.323,0.75,0.05
USR_07098,23.49,43.2,7.4,0.586,0.588,4,0.657,0.786,0.643,0.602,0.534
USR_07099,22.43,50.5,5.8,0.85,0.41,3,0.307,0.262,0.743,0.803,0.158
USR_07100,12.18,50.0,8.0,0.854,0.253,5,0.615,0.396,0.946,0.674,0.605
USR_07101,10.98,56.0,7.7,0.562,0.412,4,0.582,0.438,0.639,0.703,0.706
USR_07102,7.05,20.4,3.2,0.581,0.296,1,0.16,0.99,0.167,0.739,0.388
USR_07103,15.42,52.7,6.4,0.924,0.186,2,0.143,0.51,0.519,0.931,0.236
USR_07104,19.69,95.5,3.5,0.861,0.632,2,0.701,0.39,0.601,0.357,0.895
USR_07105,27.5,46.2,4.3,0.846,0.604,3,0.669,0.399,0.87,0.216,0.736
USR_07106,5.14,13.9,5.0,0.55,0.37,1,0.3,0.817,0.05,0.576,0.154
USR_07107,5.98,29.1,3.1,0.754,0.334,2,0.234,0.813,0.258,0.724,0.274
USR_07108,23.76,84.9,3.8,0.853,0.748,3,0.718,0.289,0.775,0.408,0.715
USR_07109,24.97,98.4,3.4,0.838,0.691,2,0.768,0.215,0.549,0.177,0.764
USR_07110,21.29,49.7,5.6,0.828,0.433,3,0.367,0.682,0.543,0.861,0.326
USR_07111,16.22,27.7,6.3,0.792,0.338,5,0.769,0.639,0.668,0.695,0.435
USR_07112,3.79,38.7,3.3,0.691,0.413,1,0.099,0.915,0.338,0.796,0.18
USR_07113,5.31,26.3,3.6,0.696,0.378,1,0.228,0.99,0.384,0.569,0.05
USR_07114,12.13,22.6,7.4,0.52,0.416,2,0.191,0.947,0.165,0.51,0.195
USR_07115,6.87,27.3,7.1,0.557,0.314,1,0.082,0.887,0.097,0.875,0.243
USR_07116,42.95,87.9,3.8,0.883,0.682,2,0.828,0.269,0.744,0.411,0.543
USR_07117,20.33,97.5,6.6,0.899,0.801,2,0.651,0.116,0.99,0.312,0.691
USR_07118,16.51,54.7,7.1,0.661,0.422,5,0.364,0.681,0.559,0.564,0.477
USR_07119,6.58,27.3,5.8,0.44,0.351,1,0.067,0.842,0.277,0.761,0.212
USR_07120,34.97,110.4,4.9,0.99,0.687,2,0.99,0.327,0.828,0.245,0.508
USR_07121,9.39,29.0,1.9,0.699,0.225,2,0.341,0.741,0.187,0.459,0.122
USR_07122,26.91,76.1,3.6,0.731,0.819,3,0.805,0.284,0.838,0.365,0.664
USR_07123,21.75,19.0,9.7,0.79,0.623,5,0.743,0.727,0.479,0.487,0.546
USR_07124,18.06,64.8,6.6,0.855,0.442,2,0.196,0.547,0.606,0.757,0.595
USR_07125,17.18,77.5,6.4,0.9,0.571,3,0.99,0.219,0.552,0.348,0.785
USR_07126,19.58,59.9,5.9,0.904,0.241,3,0.224,0.263,0.325,0.916,0.222
USR_07127,28.95,85.6,3.8,0.726,0.8,3,0.936,0.095,0.721,0.182,0.845
USR_07128,19.33,44.9,5.6,0.835,0.454,4,0.389,0.543,0.56,0.99,0.442
USR_07129,12.73,61.5,7.8,0.707,0.347,4,0.437,0.639,0.66,0.456,0.466
USR_07130,29.06,85.3,3.3,0.988,0.574,3,0.746,0.05,0.836,0.531,0.704
USR_07131,9.51,10.0,5.5,0.699,0.397,2,0.283,0.851,0.214,0.594,0.217
USR_07132,18.63,62.0,5.6,0.838,0.165,2,0.309,0.249,0.571,0.839,0.295
USR_07133,22.0,50.2,4.7,0.806,0.66,3,0.72,0.184,0.827,0.549,0.912
USR_07134,9.4,29.6,2.1,0.379,0.172,1,0.448,0.932,0.367,0.455,0.133
USR_07135,14.86,56.9,4.3,0.839,0.467,3,0.546,0.433,0.384,0.895,0.146
USR_07136,8.21,69.0,5.2,0.807,0.325,2,0.363,0.449,0.506,0.943,0.174
USR_07137,35.24,84.5,4.0,0.917,0.578,4,0.634,0.27,0.798,0.514,0.96
USR_07138,8.92,32.9,3.4,0.646,0.319,2,0.272,0.919,0.423,0.547,0.178
USR_07139,21.78,26.6,5.7,0.63,0.513,5,0.582,0.683,0.592,0.674,0.386
USR_07140,14.59,29.9,4.4,0.533,0.416,3,0.206,0.819,0.285,0.732,0.101
USR_07141,4.52,29.5,2.6,0.593,0.143,2,0.277,0.93,0.259,0.821,0.165
USR_07142,14.81,54.9,3.8,0.811,0.48,2,0.458,0.739,0.824,0.896,0.342
USR_07143,14.48,45.4,7.0,0.939,0.369,4,0.285,0.457,0.566,0.84,0.05
USR_07144,23.38,64.5,8.3,0.907,0.519,4,0.744,0.401,0.718,0.415,0.458
USR_07145,18.58,55.5,10.9,0.912,0.465,4,0.574,0.756,0.727,0.583,0.426
USR_07146,18.64,33.3,9.3,0.881,0.326,5,0.723,0.561,0.365,0.769,0.684
USR_07147,20.9,61.0,6.2,0.842,0.446,3,0.286,0.181,0.624,0.876,0.311
USR_07148,29.58,52.9,5.6,0.933,0.502,2,0.848,0.285,0.298,0.339,0.939
USR_07149,8.1,30.8,4.8,0.685,0.254,2,0.282,0.743,0.253,0.547,0.196
USR_07150,23.28,78.9,6.3,0.926,0.504,3,0.465,0.39,0.492,0.912,0.157
USR_07151,25.86,55.0,6.4,0.857,0.319,2,0.385,0.303,0.496,0.801,0.392
USR_07152,26.89,70.6,4.9,0.721,0.654,3,0.793,0.433,0.89,0.383,0.65
USR_07153,17.62,73.6,5.9,0.96,0.487,3,0.192,0.188,0.503,0.88,0.367
USR_07154,13.36,59.0,7.7,0.886,0.305,2,0.572,0.411,0.702,0.888,0.415
USR_07155,9.1,61.1,6.4,0.746,0.364,4,0.687,0.633,0.777,0.702,0.658
USR_07156,8.99,77.0,7.9,0.871,0.296,4,0.271,0.512,0.193,0.99,0.288
USR_07157,23.2,59.1,8.6,0.768,0.389,5,0.604,0.7,0.575,0.654,0.717
USR_07158,22.44,57.4,7.8,0.894,0.392,2,0.612,0.351,0.633,0.832,0.196
USR_07159,32.54,87.8,5.4,0.8,0.693,2,0.96,0.172,0.813,0.423,0.542
USR_07160,16.72,50.2,6.8,0.946,0.422,3,0.236,0.36,0.599,0.675,0.407
USR_07161,18.73,54.5,6.6,0.666,0.727,2,0.886,0.216,0.408,0.378,0.986
USR_07162,4.56,32.4,4.3,0.605,0.398,2,0.143,0.878,0.239,0.559,0.333
USR_07163,15.77,95.5,7.5,0.91,0.526,2,0.779,0.208,0.617,0.303,0.987
USR_07164,27.04,33.7,8.8,0.74,0.249,5,0.739,0.704,0.598,0.906,0.57
USR_07165,24.9,72.4,4.8,0.715,0.731,3,0.782,0.174,0.974,0.281,0.648
USR_07166,12.96,52.7,9.8,0.728,0.441,5,0.805,0.498,0.865,0.593,0.721
USR_07167,21.24,98.0,4.3,0.778,0.57,3,0.789,0.249,0.761,0.532,0.478
USR_07168,6.87,49.6,10.4,0.966,0.593,5,0.577,0.677,0.585,0.703,0.625
USR_07169,17.53,50.0,7.7,0.834,0.082,5,0.773,0.687,0.488,0.648,0.752
USR_07170,17.04,52.5,5.4,0.822,0.95,3,0.661,0.173,0.889,0.293,0.924
USR_07171,22.77,72.6,7.1,0.778,0.308,3,0.874,0.361,0.638,0.181,0.864
USR_07172,15.76,50.8,6.6,0.689,0.505,5,0.95,0.571,0.622,0.772,0.381
USR_07173,25.72,38.2,5.9,0.913,0.492,3,0.404,0.591,0.306,0.948,0.447
USR_07174,22.55,51.7,7.4,0.947,0.296,4,0.217,0.363,0.588,0.849,0.663
USR_07175,10.01,66.5,5.5,0.888,0.495,2,0.847,0.211,0.547,0.267,0.99
USR_07176,10.13,20.8,5.5,0.464,0.388,1,0.148,0.935,0.154,0.755,0.295
USR_07177,27.39,70.9,4.5,0.969,0.802,2,0.755,0.13,0.886,0.544,0.661
USR_07178,30.64,73.9,3.7,0.913,0.654,3,0.65,0.41,0.896,0.101,0.722
USR_07179,19.81,65.1,7.0,0.882,0.389,2,0.88,0.056,0.609,0.196,0.917
USR_07180,4.67,12.0,2.5,0.572,0.293,1,0.248,0.762,0.187,0.612,0.255
USR_07181,3.63,15.5,4.8,0.753,0.506,2,0.103,0.831,0.189,0.853,0.168
USR_07182,25.35,68.0,7.1,0.735,0.6,3,0.815,0.173,0.742,0.232,0.988
USR_07183,20.52,48.3,5.9,0.895,0.23,2,0.489,0.592,0.316,0.814,0.353
USR_07184,25.45,105.8,9.6,0.844,0.268,3,0.872,0.366,0.622,0.245,0.923
USR_07185,18.37,56.2,4.6,0.897,0.266,3,0.424,0.228,0.555,0.908,0.285
USR_07186,19.89,47.8,5.5,0.856,0.448,4,0.391,0.304,0.613,0.847,0.252
USR_07187,47.62,95.8,6.2,0.931,0.84,2,0.99,0.198,0.729,0.437,0.746
USR_07188,17.72,39.2,7.1,0.766,0.236,5,0.432,0.415,0.573,0.756,0.485
USR_07189,3.21,32.2,5.3,0.469,0.402,2,0.442,0.685,0.355,0.676,0.273
USR_07190,3.8,25.3,4.9,0.52,0.327,1,0.478,0.99,0.151,0.7,0.302
USR_07191,26.56,83.3,3.3,0.823,0.706,4,0.764,0.433,0.856,0.542,0.698
USR_07192,18.8,87.6,7.2,0.752,0.428,3,0.803,0.088,0.516,0.325,0.908
USR_07193,22.62,142.2,5.6,0.846,0.683,3,0.607,0.296,0.829,0.473,0.778
USR_07194,6.17,30.4,5.4,0.572,0.314,2,0.254,0.859,0.05,0.677,0.37
USR_07195,7.34,27.6,3.7,0.564,0.05,1,0.395,0.784,0.319,0.581,0.228
USR_07196,13.74,43.9,7.4,0.589,0.321,5,0.95,0.361,0.755,0.41,0.574
USR_07197,7.54,14.4,1.0,0.534,0.366,2,0.441,0.897,0.141,0.613,0.196
USR_07198,22.49,88.5,3.5,0.89,0.859,4,0.941,0.324,0.769,0.529,0.876
USR_07199,19.55,57.8,6.1,0.81,0.207,3,0.619,0.8,0.658,0.808,0.331
USR_07200,19.56,87.9,7.0,0.767,0.05,2,0.909,0.107,0.434,0.186,0.99
USR_07201,1.0,20.6,3.1,0.689,0.148,2,0.406,0.793,0.25,0.636,0.236
USR_07202,6.23,23.8,7.4,0.792,0.476,2,0.465,0.787,0.177,0.627,0.194
USR_07203,9.84,22.2,6.0,0.58,0.476,1,0.42,0.727,0.209,0.583,0.184
USR_07204,7.77,17.5,3.0,0.739,0.264,3,0.154,0.77,0.188,0.678,0.092
USR_07205,26.48,54.6,11.5,0.98,0.642,5,0.584,0.856,0.46,0.937,0.432
USR_07206,30.1,66.9,10.4,0.892,0.3,4,0.751,0.528,0.654,0.718,0.546
USR_07207,25.12,50.8,2.6,0.863,0.316,3,0.224,0.539,0.324,0.99,0.05
USR_07208,30.8,59.2,8.5,0.806,0.419,2,0.823,0.314,0.374,0.32,0.929
USR_07209,7.01,31.1,3.7,0.549,0.332,1,0.385,0.845,0.302,0.701,0.05
USR_07210,29.1,120.3,2.1,0.773,0.791,3,0.966,0.219,0.753,0.173,0.946
USR_07211,4.85,19.9,4.4,0.629,0.304,2,0.203,0.801,0.325,0.748,0.177
USR_07212,19.11,48.5,10.5,0.811,0.445,5,0.607,0.778,0.763,0.732,0.512
USR_07213,30.07,85.2,7.1,0.818,0.814,3,0.816,0.203,0.839,0.253,0.728
USR_07214,24.79,69.4,5.1,0.727,0.491,3,0.949,0.16,0.632,0.148,0.902
USR_07215,6.47,10.0,6.6,0.541,0.291,1,0.314,0.7,0.05,0.67,0.084
USR_07216,6.97,22.7,5.2,0.539,0.586,3,0.36,0.814,0.388,0.95,0.166
USR_07217,16.06,51.8,5.5,0.926,0.431,4,0.415,0.407,0.727,0.99,0.162
USR_07218,21.45,45.3,10.4,0.69,0.373,5,0.554,0.856,0.689,0.435,0.769
USR_07219,23.45,41.0,4.8,0.793,0.305,3,0.093,0.492,0.707,0.962,0.318
USR_07220,26.46,51.7,8.7,0.571,0.521,4,0.633,0.773,0.621,0.67,0.322
USR_07221,8.57,27.8,5.0,0.59,0.244,1,0.05,0.755,0.077,0.691,0.224
USR_07222,1.0,33.3,3.3,0.706,0.236,2,0.265,0.946,0.288,0.72,0.246
USR_07223,21.32,89.7,2.8,0.852,0.757,3,0.785,0.284,0.968,0.528,0.719
USR_07224,31.17,104.0,5.3,0.806,0.76,3,0.772,0.34,0.632,0.383,0.388
USR_07225,19.72,49.7,8.5,0.667,0.113,4,0.646,0.779,0.622,0.772,0.509
USR_07226,24.84,55.4,4.5,0.865,0.804,2,0.695,0.188,0.736,0.529,0.701
USR_07227,4.9,29.4,4.7,0.635,0.286,1,0.342,0.845,0.215,0.757,0.133
USR_07228,14.2,32.7,7.9,0.72,0.486,5,0.6,0.583,0.74,0.828,0.794
USR_07229,7.0,28.0,2.9,0.571,0.094,1,0.267,0.745,0.266,0.738,0.346
USR_07230,18.74,60.9,9.0,0.804,0.65,4,0.642,0.561,0.592,0.702,0.624
USR_07231,6.57,15.5,6.7,0.426,0.366,2,0.05,0.956,0.462,0.784,0.123
USR_07232,29.09,78.3,7.1,0.9,0.682,2,0.707,0.356,0.614,0.477,0.834
USR_07233,6.63,41.9,3.4,0.632,0.362,2,0.205,0.802,0.488,0.935,0.333
USR_07234,17.47,84.7,3.9,0.932,0.634,2,0.685,0.067,0.872,0.164,0.56
USR_07235,29.4,82.0,1.9,0.834,0.838,3,0.734,0.346,0.853,0.38,0.808
USR_07236,26.24,48.5,6.7,0.931,0.681,2,0.825,0.278,0.659,0.184,0.845
USR_07237,20.29,54.5,6.3,0.842,0.427,2,0.301,0.535,0.439,0.881,0.384
USR_07238,9.02,30.7,6.6,0.473,0.197,1,0.206,0.795,0.228,0.843,0.28
USR_07239,17.11,36.4,8.8,0.598,0.707,5,0.529,0.922,0.435,0.657,0.483
USR_07240,6.4,18.9,2.6,0.445,0.402,3,0.322,0.702,0.344,0.738,0.193
USR_07241,15.6,58.4,5.5,0.755,0.698,3,0.99,0.253,0.717,0.438,0.936
USR_07242,8.13,10.8,2.4,0.789,0.301,1,0.336,0.803,0.178,0.6,0.205
USR_07243,11.0,54.2,6.8,0.91,0.523,2,0.32,0.298,0.417,0.876,0.167
USR_07244,17.82,47.4,8.7,0.619,0.405,4,0.907,0.654,0.634,0.674,0.742
USR_07245,2.87,34.7,4.0,0.459,0.401,3,0.05,0.762,0.175,0.75,0.17
USR_07246,22.56,58.3,6.2,0.769,0.794,3,0.776,0.175,0.916,0.8,0.784
USR_07247,24.45,90.1,6.7,0.923,0.696,4,0.631,0.374,0.691,0.37,0.934
USR_07248,22.35,78.5,4.6,0.728,0.709,2,0.662,0.388,0.707,0.349,0.729
USR_07249,25.99,77.6,7.5,0.955,0.352,3,0.887,0.114,0.501,0.185,0.969
USR_07250,11.49,19.0,3.1,0.527,0.26,1,0.482,0.874,0.103,0.557,0.299
USR_07251,26.23,97.4,5.2,0.788,0.714,4,0.58,0.392,0.916,0.159,0.603
USR_07252,17.26,68.7,7.4,0.841,0.295,4,0.321,0.26,0.511,0.964,0.336
USR_07253,6.26,35.7,1.6,0.602,0.234,1,0.41,0.848,0.218,0.588,0.19
USR_07254,6.39,30.5,4.9,0.529,0.255,1,0.171,0.89,0.106,0.866,0.175
USR_07255,6.33,25.2,4.8,0.645,0.303,1,0.245,0.847,0.061,0.95,0.086
USR_07256,15.05,42.1,9.3,0.765,0.538,5,0.72,0.668,0.64,0.51,0.379
USR_07257,25.06,51.7,7.1,0.603,0.355,4,0.772,0.904,0.687,0.691,0.5
USR_07258,11.52,38.0,6.1,0.749,0.503,5,0.586,0.779,0.593,0.658,0.544
USR_07259,3.75,34.3,2.4,0.667,0.191,2,0.467,0.654,0.212,0.626,0.108
USR_07260,21.96,60.6,6.6,0.879,0.682,3,0.792,0.074,0.753,0.36,0.963
USR_07261,25.78,38.1,8.4,0.682,0.277,4,0.636,0.725,0.685,0.634,0.481
USR_07262,26.37,65.2,5.5,0.833,0.468,2,0.729,0.265,0.595,0.328,0.866
USR_07263,22.26,68.9,5.0,0.841,0.51,2,0.892,0.05,0.826,0.231,0.879
USR_07264,16.31,47.4,9.6,0.925,0.429,4,0.489,0.816,0.791,0.613,0.541
USR_07265,18.51,65.2,7.9,0.663,0.287,4,0.663,0.638,0.599,0.619,0.579
USR_07266,28.01,49.4,6.2,0.942,0.511,2,0.982,0.387,0.731,0.275,0.843
USR_07267,6.28,25.0,5.8,0.846,0.493,2,0.423,0.931,0.219,0.95,0.266
USR_07268,21.04,65.4,10.2,0.777,0.383,4,0.596,0.683,0.621,0.759,0.538
USR_07269,10.9,24.7,4.2,0.475,0.334,2,0.112,0.908,0.172,0.543,0.144
USR_07270,29.63,75.9,7.3,0.917,0.822,2,0.891,0.298,0.974,0.531,0.422
USR_07271,25.41,68.5,5.4,0.797,0.542,2,0.918,0.05,0.353,0.38,0.817
USR_07272,20.65,37.3,6.8,0.891,0.392,4,0.424,0.689,0.472,0.88,0.47
USR_07273,25.49,96.4,5.9,0.956,0.68,3,0.748,0.287,0.829,0.457,0.95
USR_07274,7.92,29.5,3.3,0.516,0.365,2,0.46,0.911,0.267,0.723,0.05
USR_07275,6.82,35.4,4.5,0.54,0.274,2,0.454,0.838,0.075,0.655,0.253
USR_07276,11.42,49.3,6.0,0.903,0.371,2,0.268,0.393,0.347,0.858,0.269
USR_07277,10.5,30.5,3.7,0.73,0.369,3,0.278,0.944,0.374,0.506,0.213
USR_07278,26.85,64.5,4.3,0.8,0.809,3,0.99,0.348,0.826,0.503,0.573
USR_07279,21.75,59.6,8.6,0.777,0.373,4,0.592,0.521,0.696,0.622,0.5
USR_07280,6.1,36.9,3.5,0.543,0.305,1,0.066,0.866,0.33,0.813,0.087
USR_07281,25.37,67.1,5.1,0.99,0.781,3,0.729,0.383,0.761,0.529,0.755
USR_07282,5.53,31.6,3.5,0.492,0.278,1,0.34,0.927,0.24,0.66,0.2
USR_07283,4.46,25.8,5.2,0.804,0.353,2,0.371,0.701,0.05,0.939,0.131
USR_07284,23.31,118.3,4.2,0.814,0.743,3,0.793,0.212,0.911,0.449,0.592
USR_07285,26.84,99.8,5.6,0.985,0.604,4,0.774,0.239,0.797,0.321,0.791
USR_07286,14.94,78.6,6.2,0.883,0.8,3,0.869,0.45,0.751,0.537,0.689
USR_07287,20.66,64.6,5.0,0.903,0.681,2,0.738,0.298,0.905,0.753,0.828
USR_07288,19.91,121.1,1.5,0.815,0.726,2,0.822,0.452,0.695,0.486,0.748
USR_07289,13.23,56.4,8.9,0.736,0.362,4,0.753,0.503,0.658,0.346,0.406
USR_07290,14.71,61.5,7.8,0.837,0.43,2,0.727,0.27,0.732,0.384,0.99
USR_07291,17.22,98.3,6.1,0.731,0.646,2,0.706,0.299,0.47,0.31,0.852
USR_07292,16.43,46.0,8.0,0.908,0.351,4,0.682,0.291,0.649,0.842,0.681
USR_07293,15.68,81.8,5.7,0.876,0.278,4,0.335,0.457,0.707,0.742,0.054
USR_07294,21.63,90.9,5.8,0.976,0.503,3,0.81,0.409,0.624,0.279,0.99
USR_07295,30.19,104.2,4.5,0.815,0.78,3,0.99,0.226,0.946,0.386,0.753
USR_07296,25.33,77.5,5.5,0.937,0.616,3,0.927,0.277,0.866,0.296,0.916
USR_07297,1.75,20.2,7.3,0.508,0.459,3,0.177,0.941,0.253,0.644,0.156
USR_07298,24.75,93.1,5.7,0.877,0.577,3,0.902,0.405,0.698,0.229,0.876
USR_07299,16.15,44.1,6.9,0.805,0.35,5,0.704,0.794,0.647,0.482,0.597
USR_07300,32.94,80.6,4.3,0.75,0.941,4,0.932,0.415,0.89,0.587,0.758
USR_07301,4.94,39.1,2.1,0.701,0.091,1,0.112,0.835,0.21,0.95,0.25
USR_07302,17.26,55.5,4.9,0.99,0.317,3,0.438,0.457,0.894,0.881,0.242
USR_07303,3.85,21.7,2.5,0.598,0.26,2,0.326,0.98,0.2,0.779,0.296
USR_07304,6.9,15.4,4.5,0.565,0.432,1,0.179,0.775,0.298,0.593,0.255
USR_07305,23.1,66.6,6.9,0.911,0.393,3,0.339,0.586,0.522,0.901,0.457
USR_07306,23.36,118.0,2.9,0.774,0.574,4,0.734,0.258,0.726,0.549,0.691
USR_07307,12.88,63.7,5.6,0.76,0.393,3,0.385,0.265,0.676,0.951,0.476
USR_07308,19.25,59.3,5.4,0.99,0.474,2,0.302,0.644,0.289,0.867,0.431
USR_07309,6.28,24.7,5.0,0.487,0.191,2,0.05,0.796,0.287,0.742,0.301
USR_07310,22.85,110.2,2.7,0.831,0.563,3,0.696,0.211,0.99,0.277,0.627
USR_07311,8.25,36.4,5.4,0.711,0.415,3,0.105,0.872,0.266,0.512,0.308
USR_07312,8.92,23.7,5.7,0.677,0.245,3,0.288,0.832,0.25,0.63,0.329
USR_07313,27.74,95.9,5.6,0.814,0.682,3,0.779,0.331,0.701,0.284,0.624
USR_07314,5.88,27.1,3.6,0.499,0.342,1,0.257,0.814,0.112,0.664,0.325
USR_07315,12.25,84.7,6.3,0.99,0.285,3,0.5,0.351,0.225,0.91,0.371
USR_07316,16.7,51.8,7.5,0.775,0.278,4,0.438,0.392,0.48,0.787,0.408
USR_07317,25.49,71.3,8.0,0.886,0.585,3,0.952,0.152,0.466,0.243,0.867
USR_07318,28.71,53.6,7.6,0.714,0.234,3,0.83,0.05,0.361,0.31,0.9
USR_07319,7.29,26.1,5.3,0.596,0.294,1,0.306,0.96,0.2,0.725,0.313
USR_07320,15.89,61.7,9.6,0.99,0.478,2,0.818,0.239,0.736,0.373,0.99
USR_07321,7.21,22.6,5.7,0.39,0.453,1,0.492,0.926,0.442,0.629,0.227
USR_07322,17.3,59.6,5.4,0.937,0.365,2,0.334,0.244,0.573,0.958,0.338
USR_07323,26.81,42.7,6.1,0.81,0.773,3,0.753,0.413,0.718,0.38,0.704
USR_07324,10.61,57.9,8.3,0.813,0.887,4,0.772,0.083,0.78,0.352,0.618
USR_07325,9.2,23.9,1.4,0.598,0.409,2,0.423,0.746,0.269,0.547,0.361
USR_07326,4.83,21.5,1.3,0.726,0.367,2,0.199,0.977,0.087,0.799,0.202
USR_07327,7.91,30.6,5.2,0.547,0.348,2,0.172,0.985,0.336,0.582,0.266
USR_07328,19.5,106.1,3.6,0.832,0.615,3,0.721,0.56,0.963,0.422,0.833
USR_07329,26.63,63.2,6.7,0.799,0.359,3,0.873,0.167,0.525,0.362,0.916
USR_07330,30.11,123.0,4.1,0.954,0.721,4,0.957,0.05,0.7,0.502,0.787
USR_07331,15.87,60.9,4.1,0.765,0.274,3,0.445,0.477,0.574,0.902,0.321
USR_07332,3.01,28.0,5.0,0.669,0.423,1,0.151,0.774,0.258,0.542,0.278
USR_07333,23.02,91.6,4.1,0.778,0.82,2,0.906,0.214,0.89,0.448,0.523
USR_07334,3.52,24.5,4.2,0.499,0.258,2,0.351,0.78,0.262,0.552,0.241
USR_07335,26.23,67.2,5.5,0.89,0.415,2,0.99,0.336,0.643,0.518,0.821
USR_07336,31.72,61.8,7.2,0.792,0.504,5,0.737,0.852,0.584,0.765,0.415
USR_07337,9.66,40.3,7.1,0.871,0.517,3,0.458,0.37,0.631,0.849,0.227
USR_07338,30.43,100.5,2.6,0.96,0.756,3,0.732,0.516,0.782,0.116,0.596
USR_07339,15.72,55.5,8.9,0.755,0.328,4,0.885,0.663,0.566,0.655,0.448
USR_07340,38.67,74.3,4.9,0.904,0.434,3,0.866,0.262,0.408,0.664,0.99
USR_07341,29.64,86.6,7.2,0.789,0.276,2,0.968,0.2,0.796,0.266,0.917
USR_07342,23.5,39.9,8.8,0.74,0.22,4,0.628,0.55,0.755,0.68,0.874
USR_07343,31.88,90.0,4.7,0.766,0.925,2,0.923,0.384,0.662,0.7,0.873
USR_07344,4.07,32.9,5.1,0.757,0.341,3,0.348,0.895,0.223,0.548,0.309
USR_07345,18.46,42.1,4.7,0.854,0.382,3,0.194,0.306,0.658,0.903,0.403
USR_07346,23.29,77.3,7.9,0.84,0.39,3,0.962,0.328,0.57,0.217,0.977
USR_07347,8.92,28.6,3.6,0.569,0.118,2,0.354,0.966,0.336,0.95,0.167
USR_07348,5.76,22.2,4.2,0.38,0.244,2,0.228,0.886,0.374,0.683,0.333
USR_07349,4.9,32.8,5.4,0.768,0.079,1,0.156,0.854,0.225,0.61,0.262
USR_07350,16.36,60.1,5.1,0.909,0.152,3,0.2,0.69,0.358,0.959,0.225
USR_07351,6.44,37.6,5.5,0.653,0.131,1,0.271,0.852,0.218,0.643,0.107
USR_07352,18.07,114.7,4.6,0.875,0.658,2,0.604,0.282,0.873,0.379,0.818
USR_07353,5.48,36.7,4.6,0.509,0.266,3,0.353,0.856,0.157,0.538,0.15
USR_07354,21.0,70.3,3.9,0.823,0.393,3,0.44,0.304,0.577,0.891,0.22
USR_07355,8.05,21.1,3.7,0.457,0.272,3,0.168,0.828,0.121,0.597,0.228
USR_07356,26.48,96.3,4.6,0.8,0.719,4,0.871,0.148,0.976,0.404,0.749
USR_07357,11.35,83.2,3.7,0.899,0.724,3,0.857,0.083,0.755,0.377,0.814
USR_07358,16.46,60.2,4.7,0.901,0.251,2,0.462,0.389,0.611,0.929,0.265
USR_07359,27.1,45.0,11.6,0.631,0.257,4,0.844,0.764,0.616,0.617,0.75
USR_07360,16.79,40.6,10.4,0.789,0.357,5,0.905,0.751,0.704,0.688,0.708
USR_07361,17.86,56.3,5.7,0.871,0.349,3,0.372,0.42,0.48,0.942,0.309
USR_07362,21.14,85.3,6.6,0.787,0.512,2,0.77,0.258,0.541,0.282,0.903
USR_07363,20.18,89.6,8.2,0.75,0.693,2,0.61,0.051,0.859,0.204,0.712
USR_07364,22.04,98.4,4.0,0.909,0.764,3,0.787,0.23,0.99,0.427,0.56
USR_07365,2.49,32.3,3.5,0.655,0.146,3,0.173,0.82,0.41,0.758,0.232
USR_07366,7.41,25.9,3.9,0.649,0.197,1,0.156,0.645,0.163,0.571,0.278
USR_07367,30.1,94.4,6.4,0.812,0.653,2,0.708,0.171,0.908,0.191,0.699
USR_07368,14.51,36.8,5.4,0.872,0.301,2,0.859,0.373,0.827,0.605,0.915
USR_07369,3.14,23.5,1.5,0.48,0.513,2,0.286,0.813,0.066,0.665,0.169
USR_07370,19.45,123.8,4.9,0.765,0.611,3,0.737,0.267,0.829,0.405,0.682
USR_07371,1.0,37.3,4.8,0.589,0.274,2,0.299,0.898,0.315,0.584,0.396
USR_07372,22.49,44.0,6.0,0.72,0.202,5,0.552,0.485,0.618,0.603,0.445
USR_07373,11.69,27.3,5.3,0.614,0.295,2,0.248,0.875,0.443,0.536,0.319
USR_07374,22.5,39.0,9.5,0.661,0.646,4,0.512,0.709,0.459,0.95,0.844
USR_07375,33.33,96.2,2.2,0.734,0.756,3,0.883,0.36,0.659,0.157,0.9
USR_07376,20.45,63.0,4.1,0.845,0.79,3,0.716,0.112,0.99,0.294,0.549
USR_07377,25.88,69.8,5.6,0.845,0.637,2,0.824,0.092,0.845,0.274,0.614
USR_07378,8.7,25.2,5.1,0.658,0.382,1,0.227,0.862,0.178,0.549,0.16
USR_07379,23.0,46.1,9.6,0.675,0.444,5,0.716,0.572,0.73,0.678,0.502
USR_07380,3.38,26.0,4.6,0.46,0.533,1,0.258,0.82,0.213,0.509,0.388
USR_07381,21.23,33.9,9.1,0.708,0.461,5,0.718,0.683,0.633,0.563,0.702
USR_07382,6.69,28.4,2.7,0.422,0.401,2,0.254,0.732,0.25,0.681,0.081
USR_07383,28.67,88.1,4.6,0.804,0.873,3,0.893,0.202,0.957,0.35,0.649
USR_07384,24.78,65.1,7.1,0.905,0.625,3,0.777,0.428,0.686,0.444,0.956
USR_07385,22.71,111.7,3.2,0.875,0.862,3,0.718,0.294,0.727,0.476,0.781
USR_07386,17.43,49.1,4.4,0.814,0.401,5,0.814,0.703,0.351,0.752,0.362
USR_07387,35.81,106.9,5.7,0.745,0.641,2,0.922,0.098,0.848,0.427,0.599
USR_07388,11.12,42.2,5.8,0.849,0.326,3,0.314,0.456,0.589,0.876,0.25
USR_07389,21.35,81.0,4.7,0.783,0.896,3,0.876,0.16,0.686,0.265,0.893
USR_07390,8.07,18.9,3.3,0.618,0.34,1,0.306,0.844,0.345,0.785,0.145
USR_07391,26.65,75.8,4.7,0.792,0.247,3,0.753,0.206,0.712,0.14,0.771
USR_07392,22.52,88.8,2.8,0.793,0.826,3,0.816,0.204,0.868,0.414,0.716
USR_07393,33.6,82.9,5.5,0.952,0.506,2,0.99,0.205,0.693,0.271,0.864
USR_07394,24.69,54.5,6.3,0.874,0.351,3,0.291,0.177,0.485,0.977,0.274
USR_07395,16.33,146.2,4.4,0.654,0.885,4,0.503,0.447,0.911,0.658,0.871
USR_07396,20.95,129.8,4.5,0.857,0.795,3,0.848,0.583,0.724,0.44,0.524
USR_07397,27.58,105.4,4.5,0.88,0.745,3,0.837,0.424,0.679,0.372,0.689
USR_07398,14.28,79.8,5.9,0.892,0.362,3,0.499,0.573,0.673,0.736,0.212
USR_07399,21.31,38.2,7.0,0.929,0.437,4,0.323,0.486,0.597,0.99,0.197
USR_07400,24.5,58.0,7.8,0.965,0.446,2,0.897,0.244,0.661,0.184,0.99
USR_07401,27.59,47.6,8.9,0.843,0.357,4,0.708,0.578,0.834,0.612,0.459
USR_07402,23.82,52.7,6.8,0.93,0.418,3,0.184,0.604,0.595,0.879,0.334
USR_07403,8.42,61.8,7.7,0.797,0.491,2,0.708,0.182,0.691,0.397,0.99
USR_07404,19.66,58.1,6.4,0.764,0.386,3,0.285,0.296,0.732,0.99,0.251
USR_07405,15.3,48.3,6.8,0.956,0.292,2,0.243,0.148,0.372,0.918,0.272
USR_07406,30.1,90.8,5.8,0.99,0.661,4,0.614,0.413,0.891,0.72,0.622
USR_07407,17.51,121.0,2.6,0.922,0.551,2,0.856,0.05,0.76,0.606,0.704
USR_07408,19.55,63.4,8.8,0.806,0.422,4,0.56,0.631,0.616,0.483,0.433
USR_07409,12.8,59.5,5.9,0.704,0.388,2,0.983,0.327,0.678,0.306,0.908
USR_07410,25.7,84.1,3.9,0.925,0.817,4,0.754,0.133,0.915,0.375,0.641
USR_07411,16.93,57.6,5.2,0.697,0.374,3,0.566,0.617,0.45,0.779,0.278
USR_07412,18.63,80.8,7.7,0.853,0.497,3,0.879,0.275,0.577,0.235,0.99
USR_07413,18.89,89.1,8.0,0.689,0.613,2,0.874,0.205,0.629,0.252,0.973
USR_07414,27.5,46.8,7.2,0.713,0.378,5,0.75,0.735,0.565,0.895,0.555
USR_07415,13.59,35.4,7.9,0.899,0.319,2,0.291,0.106,0.774,0.942,0.128
USR_07416,16.55,29.3,9.8,0.67,0.509,5,0.581,0.752,0.557,0.576,0.344
USR_07417,23.77,55.2,5.4,0.832,0.368,3,0.331,0.484,0.596,0.807,0.218
USR_07418,9.7,37.0,3.1,0.553,0.314,2,0.207,0.817,0.355,0.64,0.05
USR_07419,25.68,108.1,4.6,0.851,0.858,2,0.623,0.456,0.862,0.401,0.752
USR_07420,10.83,56.4,6.1,0.99,0.363,3,0.191,0.374,0.576,0.99,0.211
USR_07421,14.11,48.0,6.8,0.905,0.292,3,0.264,0.353,0.52,0.99,0.583
USR_07422,26.05,77.1,4.4,0.815,0.565,2,0.785,0.279,0.545,0.481,0.925
USR_07423,19.55,41.0,4.2,0.717,0.378,3,0.223,0.391,0.413,0.915,0.464
USR_07424,26.26,69.4,6.2,0.814,0.513,3,0.911,0.247,0.439,0.177,0.809
USR_07425,8.62,19.4,3.6,0.436,0.228,2,0.187,0.784,0.05,0.759,0.131
USR_07426,14.42,111.4,4.6,0.889,0.545,3,0.847,0.136,0.242,0.168,0.886
USR_07427,3.72,23.7,5.4,0.673,0.273,2,0.147,0.88,0.178,0.768,0.204
USR_07428,26.52,109.2,3.5,0.748,0.95,3,0.644,0.279,0.912,0.431,0.707
USR_07429,35.73,127.7,4.4,0.878,0.679,3,0.719,0.473,0.955,0.2,0.599
USR_07430,8.11,60.0,4.7,0.902,0.538,3,0.766,0.138,0.715,0.255,0.825
USR_07431,19.87,91.8,3.9,0.86,0.717,3,0.827,0.305,0.604,0.234,0.746
USR_07432,20.92,47.3,3.4,0.781,0.585,2,0.278,0.343,0.662,0.946,0.325
USR_07433,22.36,88.6,6.4,0.777,0.769,2,0.943,0.231,0.517,0.249,0.854
USR_07434,15.6,99.4,4.6,0.83,0.789,3,0.785,0.29,0.742,0.165,0.628
USR_07435,29.49,112.8,5.6,0.913,0.719,2,0.705,0.32,0.927,0.353,0.696
USR_07436,19.73,58.5,6.6,0.99,0.434,2,0.458,0.445,0.527,0.901,0.369
USR_07437,25.78,72.4,5.5,0.803,0.67,4,0.832,0.341,0.76,0.143,0.656
USR_07438,11.11,23.9,3.0,0.552,0.198,1,0.209,0.928,0.05,0.861,0.106
USR_07439,20.83,60.6,7.2,0.849,0.253,3,0.275,0.358,0.515,0.821,0.254
USR_07440,38.13,109.4,4.5,0.688,0.686,2,0.837,0.348,0.746,0.559,0.687
USR_07441,3.31,12.0,6.7,0.637,0.38,2,0.429,0.89,0.194,0.836,0.148
USR_07442,19.45,112.8,4.7,0.899,0.622,2,0.673,0.158,0.897,0.206,0.8
USR_07443,12.43,82.1,8.4,0.688,0.366,3,0.911,0.4,0.426,0.319,0.978
USR_07444,22.61,62.3,10.6,0.742,0.379,5,0.761,0.316,0.45,0.74,0.72
USR_07445,23.1,94.4,3.6,0.857,0.506,2,0.831,0.153,0.643,0.461,0.723
USR_07446,7.12,26.9,4.1,0.596,0.074,1,0.153,0.741,0.406,0.486,0.348
USR_07447,5.66,36.2,5.9,0.461,0.525,1,0.198,0.853,0.196,0.558,0.252
USR_07448,10.19,76.7,10.0,0.787,0.309,4,0.754,0.528,0.716,0.64,0.89
USR_07449,5.92,38.9,4.1,0.57,0.223,1,0.419,0.905,0.325,0.472,0.17
USR_07450,9.01,21.3,2.9,0.673,0.436,1,0.171,0.679,0.086,0.62,0.102
USR_07451,26.13,65.4,5.5,0.918,0.479,2,0.782,0.234,0.75,0.297,0.969
USR_07452,6.55,31.3,3.4,0.622,0.316,2,0.135,0.948,0.125,0.708,0.214
USR_07453,8.39,32.2,7.0,0.719,0.372,3,0.421,0.901,0.12,0.701,0.152
USR_07454,17.6,55.9,6.1,0.858,0.528,2,0.778,0.339,0.654,0.277,0.831
USR_07455,17.68,55.8,5.4,0.708,0.675,2,0.86,0.299,0.375,0.287,0.827
USR_07456,17.7,119.5,2.0,0.84,0.796,3,0.823,0.109,0.603,0.452,0.785
USR_07457,41.89,108.4,3.0,0.803,0.758,3,0.625,0.37,0.714,0.545,0.689
USR_07458,2.84,22.1,3.6,0.57,0.177,1,0.224,0.767,0.196,0.532,0.167
USR_07459,7.19,26.0,4.7,0.567,0.321,2,0.465,0.81,0.285,0.802,0.36
USR_07460,13.95,29.3,10.0,0.892,0.584,4,0.504,0.783,0.619,0.659,0.441
USR_07461,37.19,88.5,5.5,0.946,0.842,3,0.795,0.387,0.869,0.487,0.78
USR_07462,8.76,35.1,1.7,0.5,0.433,1,0.32,0.697,0.085,0.552,0.215
USR_07463,6.01,15.8,3.6,0.528,0.383,2,0.248,0.934,0.055,0.812,0.05
USR_07464,15.57,78.9,5.9,0.84,0.449,2,0.99,0.356,0.632,0.326,0.99
USR_07465,26.51,30.5,5.8,0.973,0.572,4,0.537,0.744,0.553,0.726,0.67
USR_07466,6.46,27.5,2.9,0.493,0.443,2,0.184,0.89,0.372,0.571,0.125
USR_07467,25.41,111.8,4.1,0.902,0.795,2,0.763,0.056,0.964,0.356,0.764
USR_07468,10.95,17.0,2.4,0.795,0.355,3,0.099,0.792,0.05,0.794,0.149
USR_07469,36.75,123.1,4.3,0.815,0.564,3,0.671,0.163,0.622,0.352,0.776
USR_07470,16.16,54.0,5.8,0.869,0.465,3,0.226,0.494,0.63,0.825,0.517
USR_07471,3.9,28.9,5.7,0.412,0.434,2,0.277,0.859,0.268,0.781,0.243
USR_07472,15.42,52.8,5.4,0.81,0.487,3,0.745,0.171,0.668,0.44,0.934
USR_07473,21.59,37.3,8.7,0.599,0.585,5,0.759,0.528,0.765,0.665,0.821
USR_07474,3.36,19.3,5.3,0.556,0.397,2,0.224,0.857,0.348,0.615,0.05
USR_07475,21.5,81.2,5.9,0.748,0.401,3,0.862,0.229,0.841,0.223,0.97
USR_07476,16.76,85.7,6.7,0.702,0.578,3,0.742,0.203,0.534,0.423,0.943
USR_07477,16.88,45.2,5.1,0.835,0.203,4,0.536,0.434,0.237,0.918,0.175
USR_07478,16.3,66.0,6.1,0.821,0.478,3,0.257,0.486,0.495,0.84,0.325
USR_07479,18.54,76.7,5.1,0.866,0.347,2,0.83,0.12,0.735,0.133,0.965
USR_07480,33.91,105.2,4.5,0.99,0.822,2,0.847,0.143,0.745,0.56,0.704
USR_07481,22.25,58.4,4.3,0.893,0.346,4,0.356,0.424,0.654,0.842,0.17
USR_07482,18.45,53.5,7.2,0.9,0.513,2,0.892,0.236,0.43,0.389,0.99
USR_07483,8.49,25.9,6.6,0.428,0.256,2,0.239,0.784,0.371,0.573,0.23
USR_07484,31.97,96.4,5.4,0.844,0.9,4,0.734,0.266,0.661,0.691,0.598
USR_07485,16.65,55.3,8.0,0.592,0.477,5,0.528,0.616,0.872,0.673,0.532
USR_07486,37.23,102.8,3.5,0.897,0.476,4,0.78,0.346,0.99,0.455,0.601
USR_07487,22.76,79.4,4.7,0.792,0.781,3,0.576,0.224,0.878,0.647,0.924
USR_07488,18.08,75.9,6.1,0.895,0.95,3,0.692,0.344,0.99,0.688,0.703
USR_07489,21.9,62.2,8.0,0.829,0.407,3,0.836,0.292,0.57,0.211,0.862
USR_07490,8.29,29.4,2.3,0.724,0.269,2,0.177,0.808,0.425,0.692,0.376
USR_07491,4.85,34.7,7.4,0.563,0.453,1,0.074,0.748,0.097,0.917,0.386
USR_07492,22.13,69.2,6.1,0.79,0.657,2,0.749,0.306,0.515,0.246,0.817
USR_07493,18.56,70.2,5.9,0.876,0.446,3,0.534,0.551,0.668,0.912,0.213
USR_07494,23.57,70.9,7.3,0.744,0.371,3,0.85,0.106,0.404,0.374,0.879
USR_07495,12.18,86.1,3.5,0.701,0.768,4,0.805,0.2,0.934,0.335,0.957
USR_07496,30.78,106.7,5.6,0.788,0.31,2,0.894,0.14,0.646,0.306,0.967
USR_07497,17.09,60.6,5.8,0.852,0.394,4,0.237,0.455,0.677,0.943,0.228
USR_07498,21.69,131.6,4.9,0.817,0.681,3,0.718,0.135,0.897,0.064,0.589
USR_07499,36.7,83.7,3.7,0.851,0.743,2,0.99,0.367,0.841,0.45,0.6
USR_07500,9.61,50.4,6.8,0.885,0.271,4,0.83,0.863,0.907,0.586,0.393
USR_07501,14.32,49.9,9.0,0.777,0.441,5,0.681,0.622,0.551,0.849,0.586
USR_07502,13.92,28.8,4.2,0.813,0.069,1,0.216,0.836,0.259,0.714,0.308
USR_07503,11.74,48.7,7.0,0.879,0.359,3,0.315,0.391,0.9,0.99,0.414
USR_07504,19.11,43.0,7.6,0.942,0.392,2,0.93,0.137,0.421,0.351,0.99
USR_07505,21.81,60.3,8.0,0.879,0.442,5,0.747,0.659,0.53,0.807,0.747
USR_07506,7.13,27.2,3.0,0.516,0.209,2,0.161,0.99,0.387,0.751,0.142
USR_07507,22.65,59.3,7.8,0.85,0.265,5,0.604,0.855,0.51,0.805,0.622
USR_07508,23.8,103.6,7.4,0.649,0.417,2,0.959,0.12,0.498,0.702,0.932
USR_07509,14.67,47.1,6.9,0.594,0.238,5,0.747,0.672,0.412,0.785,0.526
USR_07510,10.21,21.8,4.8,0.554,0.332,2,0.351,0.724,0.308,0.557,0.165
USR_07511,26.53,50.3,9.6,0.736,0.36,5,0.368,0.48,0.701,0.583,0.585
USR_07512,23.71,53.4,4.3,0.99,0.479,2,0.832,0.243,0.45,0.327,0.99
USR_07513,24.99,65.2,5.9,0.849,0.125,2,0.91,0.25,0.546,0.27,0.809
USR_07514,11.22,24.3,3.4,0.695,0.132,1,0.237,0.823,0.216,0.765,0.227
USR_07515,19.56,104.2,3.6,0.986,0.894,3,0.852,0.351,0.912,0.273,0.765
USR_07516,28.03,98.9,4.6,0.907,0.516,3,0.965,0.371,0.8,0.554,0.671
USR_07517,21.62,64.6,8.6,0.775,0.325,3,0.354,0.407,0.442,0.912,0.455
USR_07518,21.99,52.6,5.6,0.804,0.47,3,0.332,0.705,0.688,0.912,0.183
USR_07519,14.82,39.8,5.6,0.805,0.373,3,0.347,0.39,0.444,0.99,0.404
USR_07520,18.5,58.7,7.1,0.768,0.423,3,0.219,0.46,0.353,0.927,0.216
USR_07521,27.15,52.3,5.0,0.929,0.641,3,0.821,0.32,0.642,0.177,0.873
USR_07522,25.82,79.0,3.5,0.95,0.303,3,0.337,0.38,0.355,0.803,0.05
USR_07523,21.92,55.1,7.1,0.869,0.727,2,0.914,0.175,0.421,0.241,0.924
USR_07524,38.09,120.8,4.0,0.783,0.775,3,0.79,0.289,0.834,0.242,0.769
USR_07525,1.21,37.2,3.3,0.666,0.333,3,0.385,0.946,0.388,0.751,0.191
USR_07526,5.32,33.5,3.2,0.465,0.433,2,0.388,0.799,0.1,0.695,0.094
USR_07527,21.09,41.9,7.1,0.939,0.234,4,0.435,0.406,0.699,0.963,0.298
USR_07528,19.1,51.7,5.5,0.884,0.392,3,0.438,0.274,0.376,0.918,0.385
USR_07529,24.29,107.8,3.7,0.865,0.578,2,0.736,0.226,0.686,0.111,0.69
USR_07530,18.38,57.4,5.2,0.891,0.463,2,0.244,0.505,0.856,0.914,0.288
USR_07531,33.72,86.1,4.0,0.821,0.836,3,0.897,0.33,0.99,0.312,0.558
USR_07532,42.0,96.9,5.8,0.876,0.79,2,0.739,0.308,0.834,0.314,0.973
USR_07533,28.03,76.2,4.8,0.788,0.85,3,0.907,0.28,0.939,0.524,0.907
USR_07534,6.65,32.0,3.8,0.747,0.117,1,0.329,0.956,0.245,0.592,0.087
USR_07535,16.53,67.6,6.4,0.83,0.688,3,0.74,0.279,0.589,0.321,0.95
USR_07536,20.07,86.7,4.6,0.863,0.868,3,0.965,0.308,0.773,0.652,0.856
USR_07537,15.71,61.6,7.5,0.85,0.507,4,0.645,0.798,0.683,0.599,0.827
USR_07538,13.67,67.5,6.2,0.947,0.214,2,0.233,0.211,0.745,0.926,0.284
USR_07539,9.36,18.4,3.5,0.673,0.406,1,0.117,0.776,0.248,0.714,0.437
USR_07540,13.5,60.1,5.8,0.853,0.544,3,0.312,0.38,0.634,0.971,0.566
USR_07541,13.55,76.2,7.0,0.787,0.354,2,0.861,0.05,0.493,0.196,0.837
USR_07542,19.51,64.6,7.3,0.884,0.439,3,0.212,0.293,0.9,0.99,0.427
USR_07543,11.12,52.0,6.1,0.863,0.539,2,0.398,0.344,0.724,0.961,0.291
USR_07544,5.13,14.1,5.6,0.668,0.491,1,0.14,0.888,0.345,0.663,0.354
USR_07545,18.65,58.0,5.6,0.801,0.452,4,0.346,0.542,0.618,0.805,0.183
USR_07546,9.57,23.7,5.4,0.768,0.441,2,0.234,0.773,0.147,0.85,0.363
USR_07547,23.37,58.9,6.6,0.95,0.409,3,0.253,0.447,0.793,0.91,0.354
USR_07548,21.22,91.2,5.9,0.793,0.588,2,0.783,0.106,0.717,0.23,0.943
USR_07549,17.06,54.5,8.4,0.882,0.507,3,0.115,0.381,0.434,0.928,0.304
USR_07550,7.94,29.4,3.6,0.618,0.34,3,0.245,0.99,0.305,0.671,0.262
USR_07551,9.73,22.0,6.3,0.701,0.2,2,0.319,0.99,0.367,0.611,0.091
USR_07552,18.99,62.7,5.8,0.895,0.201,2,0.473,0.378,0.327,0.96,0.304
USR_07553,19.47,41.6,7.3,0.739,0.697,4,0.253,0.538,0.514,0.8,0.399
USR_07554,12.82,18.4,3.1,0.777,0.252,2,0.297,0.675,0.302,0.621,0.1
USR_07555,13.0,64.0,7.6,0.764,0.529,2,0.775,0.236,0.708,0.201,0.99
USR_07556,8.67,53.8,8.1,0.787,0.523,5,0.436,0.479,0.546,0.703,0.619
USR_07557,19.35,85.7,4.5,0.774,0.424,3,0.976,0.113,0.538,0.429,0.938
USR_07558,39.23,84.8,4.7,0.907,0.524,3,0.812,0.182,0.808,0.434,0.691
USR_07559,10.57,42.6,6.9,0.834,0.352,3,0.531,0.519,0.834,0.801,0.428
USR_07560,28.38,106.6,4.6,0.787,0.555,4,0.714,0.195,0.814,0.293,0.622
USR_07561,20.13,41.8,11.3,0.89,0.713,4,0.811,0.636,0.95,0.61,0.64
USR_07562,7.7,35.6,6.9,0.455,0.369,2,0.165,0.67,0.233,0.687,0.344
USR_07563,3.11,23.5,5.7,0.599,0.376,1,0.05,0.665,0.076,0.785,0.169
USR_07564,29.78,88.7,4.3,0.858,0.681,3,0.771,0.239,0.591,0.556,0.759
USR_07565,25.78,76.7,5.8,0.753,0.59,2,0.857,0.199,0.573,0.152,0.99
USR_07566,13.21,78.3,5.5,0.709,0.422,2,0.882,0.3,0.628,0.284,0.861
USR_07567,24.13,86.9,6.6,0.857,0.419,3,0.969,0.241,0.544,0.151,0.832
USR_07568,19.41,72.8,6.0,0.862,0.321,2,0.41,0.48,0.717,0.924,0.462
USR_07569,28.51,82.9,5.4,0.833,0.755,2,0.981,0.299,0.561,0.471,0.914
USR_07570,6.77,31.2,2.9,0.413,0.286,1,0.218,0.818,0.196,0.631,0.067
USR_07571,26.95,51.3,5.0,0.812,0.304,5,0.379,0.608,0.605,0.636,0.452
USR_07572,9.34,53.5,6.8,0.873,0.43,4,0.29,0.417,0.745,0.99,0.331
USR_07573,19.08,43.2,3.9,0.937,0.279,3,0.383,0.391,0.684,0.953,0.454
USR_07574,17.37,45.3,9.1,0.616,0.204,5,0.696,0.553,0.384,0.771,0.549
USR_07575,16.58,27.7,9.8,0.668,0.483,5,0.855,0.742,0.598,0.707,0.662
USR_07576,8.15,21.8,4.2,0.798,0.516,1,0.201,0.959,0.05,0.636,0.05
USR_07577,27.76,77.5,4.4,0.946,0.647,3,0.931,0.161,0.568,0.207,0.942
USR_07578,20.23,55.3,5.5,0.876,0.46,3,0.292,0.465,0.518,0.941,0.41
USR_07579,27.85,111.2,4.9,0.99,0.865,3,0.868,0.262,0.895,0.261,0.68
USR_07580,21.65,86.0,3.3,0.782,0.949,3,0.813,0.169,0.957,0.47,0.485
USR_07581,11.74,65.9,5.3,0.934,0.353,2,0.129,0.486,0.46,0.783,0.298
USR_07582,22.49,144.0,6.9,0.861,0.779,4,0.943,0.241,0.813,0.481,0.459
USR_07583,17.35,46.5,6.6,0.796,0.535,4,0.391,0.734,0.702,0.616,0.469
USR_07584,20.9,115.6,3.3,0.732,0.783,3,0.763,0.377,0.908,0.098,0.7
USR_07585,7.24,30.5,7.0,0.36,0.419,2,0.239,0.872,0.123,0.853,0.262
USR_07586,16.91,101.4,6.6,0.861,0.763,3,0.863,0.456,0.758,0.699,0.766
USR_07587,24.78,82.3,5.6,0.846,0.635,3,0.597,0.368,0.89,0.591,0.674
USR_07588,10.2,21.9,3.9,0.502,0.406,1,0.147,0.982,0.201,0.71,0.243
USR_07589,12.7,60.9,6.1,0.824,0.315,3,0.371,0.185,0.772,0.803,0.319
USR_07590,19.93,84.3,5.3,0.824,0.816,2,0.805,0.294,0.82,0.267,0.864
USR_07591,20.07,43.4,7.4,0.791,0.594,2,0.714,0.12,0.473,0.122,0.921
USR_07592,3.96,33.4,4.9,0.41,0.297,1,0.224,0.899,0.313,0.648,0.378
USR_07593,11.99,48.7,6.2,0.843,0.542,3,0.99,0.268,0.855,0.436,0.926
USR_07594,26.32,48.6,7.5,0.671,0.545,5,0.609,0.598,0.889,0.582,0.445
USR_07595,16.22,74.9,7.3,0.93,0.366,3,0.957,0.081,0.778,0.44,0.78
USR_07596,22.47,39.4,5.7,0.76,0.554,5,0.559,0.677,0.816,0.454,0.789
USR_07597,22.2,56.9,4.4,0.99,0.82,3,0.99,0.317,0.99,0.53,0.769
USR_07598,19.17,61.9,6.7,0.835,0.639,3,0.84,0.224,0.566,0.309,0.965
USR_07599,26.61,89.6,4.6,0.875,0.676,4,0.634,0.319,0.658,0.616,0.652
USR_07600,16.77,49.4,7.8,0.893,0.231,2,0.145,0.43,0.526,0.855,0.41
USR_07601,6.98,29.8,1.0,0.494,0.384,2,0.46,0.891,0.334,0.725,0.132
USR_07602,21.13,59.0,5.6,0.977,0.346,4,0.145,0.32,0.618,0.99,0.337
USR_07603,9.65,36.7,3.5,0.657,0.31,1,0.356,0.99,0.188,0.753,0.283
USR_07604,27.45,39.2,4.8,0.778,0.559,3,0.917,0.193,0.752,0.235,0.99
USR_07605,16.07,56.9,7.3,0.882,0.425,2,0.401,0.333,0.306,0.767,0.319
USR_07606,16.52,54.0,4.1,0.882,0.321,4,0.379,0.479,0.72,0.912,0.249
USR_07607,25.05,71.4,6.4,0.69,0.461,3,0.66,0.177,0.595,0.289,0.905
USR_07608,5.19,31.4,3.9,0.646,0.339,3,0.31,0.854,0.138,0.665,0.092
USR_07609,22.49,50.0,8.0,0.903,0.383,4,0.429,0.295,0.38,0.931,0.351
USR_07610,8.02,18.6,4.1,0.431,0.202,2,0.383,0.698,0.442,0.72,0.264
USR_07611,25.48,63.1,5.6,0.867,0.491,3,0.99,0.261,0.792,0.157,0.947
USR_07612,6.96,37.3,5.2,0.671,0.32,3,0.567,0.783,0.518,0.577,0.232
USR_07613,4.3,13.5,1.6,0.644,0.272,1,0.208,0.861,0.157,0.624,0.087
USR_07614,17.51,51.2,5.6,0.898,0.356,2,0.251,0.297,0.411,0.706,0.251
USR_07615,1.22,27.0,4.5,0.45,0.123,2,0.305,0.985,0.191,0.774,0.21
USR_07616,20.11,72.3,7.0,0.892,0.204,2,0.937,0.187,0.41,0.382,0.799
USR_07617,32.7,82.0,5.6,0.908,0.463,2,0.876,0.194,0.615,0.408,0.704
USR_07618,28.74,93.6,4.9,0.835,0.57,2,0.878,0.112,0.535,0.232,0.99
USR_07619,20.17,65.3,5.2,0.969,0.457,2,0.335,0.367,0.743,0.741,0.251
USR_07620,7.44,27.3,3.1,0.646,0.363,2,0.225,0.835,0.286,0.783,0.181
USR_07621,8.12,26.7,2.4,0.61,0.05,2,0.3,0.85,0.064,0.739,0.135
USR_07622,6.83,37.1,1.9,0.554,0.318,1,0.295,0.802,0.113,0.542,0.216
USR_07623,18.78,65.3,5.2,0.907,0.378,3,0.4,0.115,0.538,0.907,0.05
USR_07624,19.39,64.1,4.5,0.859,0.338,2,0.326,0.187,0.485,0.977,0.371
USR_07625,17.73,28.8,7.1,0.96,0.392,3,0.334,0.327,0.692,0.794,0.152
USR_07626,17.66,54.0,6.7,0.722,0.287,4,0.436,0.6,0.548,0.55,0.383
USR_07627,25.35,68.2,6.6,0.823,0.661,2,0.881,0.084,0.293,0.578,0.939
USR_07628,17.03,54.6,6.5,0.868,0.415,3,0.158,0.355,0.467,0.751,0.268
USR_07629,17.17,56.5,2.7,0.862,0.437,2,0.276,0.552,0.827,0.751,0.177
USR_07630,26.34,138.3,4.3,0.983,0.651,4,0.613,0.103,0.802,0.3,0.784
USR_07631,27.55,80.9,6.1,0.838,0.758,3,0.87,0.291,0.747,0.417,0.933
USR_07632,19.68,64.3,5.9,0.963,0.54,4,0.217,0.704,0.696,0.981,0.096
USR_07633,9.85,16.6,2.5,0.542,0.667,3,0.219,0.99,0.05,0.636,0.273
USR_07634,20.14,73.3,8.2,0.679,0.462,3,0.85,0.21,0.709,0.273,0.846
USR_07635,29.34,78.7,3.6,0.876,0.671,3,0.832,0.367,0.593,0.563,0.869
USR_07636,26.18,88.8,4.7,0.904,0.463,2,0.763,0.237,0.81,0.267,0.897
USR_07637,28.9,39.4,6.4,0.83,0.369,2,0.876,0.239,0.701,0.317,0.99
USR_07638,23.64,90.5,5.9,0.854,0.68,4,0.788,0.26,0.836,0.407,0.824
USR_07639,17.78,65.6,11.0,0.774,0.365,4,0.589,0.598,0.799,0.574,0.629
USR_07640,28.81,52.5,8.7,0.66,0.255,2,0.898,0.255,0.516,0.066,0.932
USR_07641,14.5,74.4,9.4,0.74,0.382,5,0.679,0.877,0.635,0.465,0.48
USR_07642,26.4,48.2,9.0,0.538,0.361,4,0.61,0.557,0.719,0.783,0.521
USR_07643,10.21,23.8,3.0,0.71,0.314,1,0.478,0.94,0.198,0.502,0.109
USR_07644,18.33,66.0,6.1,0.769,0.315,3,0.459,0.539,0.564,0.791,0.346
USR_07645,6.79,23.2,4.8,0.557,0.311,3,0.146,0.88,0.285,0.472,0.265
USR_07646,19.29,61.7,4.0,0.911,0.35,3,0.227,0.266,0.621,0.99,0.37
USR_07647,20.11,45.9,4.9,0.804,0.134,2,0.192,0.477,0.611,0.797,0.315
USR_07648,18.91,70.7,2.5,0.933,0.687,2,0.88,0.278,0.406,0.295,0.821
USR_07649,27.0,109.7,6.1,0.882,0.651,3,0.787,0.457,0.899,0.527,0.816
USR_07650,7.08,29.5,5.1,0.601,0.338,1,0.251,0.703,0.241,0.516,0.182
USR_07651,27.47,78.7,8.5,0.815,0.397,2,0.871,0.216,0.804,0.421,0.99
USR_07652,3.37,31.1,5.5,0.618,0.333,2,0.59,0.805,0.238,0.596,0.357
USR_07653,1.68,25.0,1.1,0.599,0.294,1,0.413,0.891,0.267,0.668,0.076
USR_07654,21.84,63.1,6.5,0.87,0.433,3,0.165,0.456,0.496,0.914,0.186
USR_07655,30.01,99.5,2.9,0.841,0.425,2,0.796,0.255,0.545,0.262,0.901
USR_07656,33.45,52.4,5.0,0.823,0.665,3,0.847,0.46,0.771,0.634,0.768
USR_07657,16.65,61.0,7.5,0.941,0.291,2,0.328,0.219,0.556,0.89,0.34
USR_07658,1.43,36.6,5.5,0.499,0.331,1,0.05,0.77,0.365,0.7,0.256
USR_07659,34.72,93.4,2.3,0.922,0.681,2,0.864,0.074,0.824,0.05,0.797
USR_07660,24.57,123.6,4.9,0.839,0.731,2,0.903,0.428,0.77,0.414,0.728
USR_07661,23.06,110.6,3.3,0.874,0.851,2,0.889,0.178,0.99,0.39,0.59
USR_07662,22.74,86.8,6.2,0.855,0.608,3,0.811,0.304,0.898,0.291,0.881
USR_07663,16.14,54.0,6.5,0.937,0.14,4,0.437,0.28,0.38,0.957,0.411
USR_07664,19.05,40.9,7.7,0.714,0.474,4,0.622,0.674,0.908,0.541,0.323
USR_07665,22.26,55.0,6.9,0.891,0.336,3,0.449,0.299,0.596,0.806,0.286
USR_07666,31.55,98.4,5.3,0.857,0.763,3,0.92,0.267,0.898,0.097,0.936
USR_07667,4.91,28.0,7.3,0.532,0.546,2,0.241,0.946,0.389,0.53,0.161
USR_07668,20.5,59.4,4.7,0.925,0.3,3,0.15,0.143,0.639,0.832,0.134
USR_07669,36.7,140.5,5.2,0.866,0.713,3,0.724,0.282,0.953,0.336,0.774
USR_07670,18.76,102.5,4.0,0.987,0.835,2,0.837,0.466,0.914,0.478,0.78
USR_07671,16.68,79.4,9.1,0.959,0.418,3,0.963,0.203,0.722,0.468,0.945
USR_07672,32.47,51.8,3.9,0.737,0.711,2,0.723,0.47,0.861,0.349,0.567
USR_07673,11.94,42.5,7.1,0.654,0.51,4,0.842,0.772,0.683,0.942,0.449
USR_07674,27.08,87.5,7.0,0.825,0.603,2,0.81,0.334,0.693,0.486,0.937
USR_07675,3.44,27.8,4.7,0.399,0.422,1,0.191,0.761,0.318,0.616,0.373
USR_07676,6.91,22.5,3.3,0.682,0.294,1,0.293,0.879,0.187,0.854,0.163
USR_07677,25.71,76.4,4.6,0.905,0.664,2,0.819,0.355,0.815,0.542,0.678
USR_07678,21.81,35.4,8.6,0.752,0.456,5,0.597,0.718,0.768,0.869,0.594
USR_07679,22.44,61.6,4.3,0.804,0.247,4,0.328,0.321,0.794,0.99,0.291
USR_07680,23.52,57.1,6.6,0.748,0.371,3,0.48,0.507,0.601,0.945,0.373
USR_07681,19.31,59.3,5.8,0.882,0.393,2,0.375,0.356,0.343,0.963,0.447
USR_07682,35.84,56.5,5.2,0.848,0.756,4,0.732,0.217,0.875,0.567,0.592
USR_07683,23.79,23.4,7.6,0.83,0.378,4,0.698,0.386,0.595,0.642,0.579
USR_07684,22.71,65.3,9.4,0.722,0.294,5,0.572,0.448,0.514,0.657,0.641
USR_07685,8.63,18.0,3.5,0.652,0.416,3,0.227,0.822,0.181,0.859,0.155
USR_07686,23.53,93.6,4.3,0.797,0.568,2,0.93,0.359,0.761,0.404,0.858
USR_07687,19.45,72.3,5.8,0.807,0.456,2,0.65,0.169,0.462,0.359,0.982
USR_07688,14.88,21.7,7.8,0.99,0.385,4,0.486,0.636,0.666,0.729,0.68
USR_07689,18.75,35.1,8.6,0.64,0.451,4,0.595,0.358,0.426,0.664,0.69
USR_07690,22.93,52.6,4.5,0.818,0.279,3,0.264,0.479,0.262,0.938,0.289
USR_07691,19.06,47.3,7.2,0.864,0.313,3,0.398,0.391,0.491,0.819,0.391
USR_07692,17.04,32.0,10.3,0.781,0.555,4,0.437,0.562,0.704,0.53,0.624
USR_07693,14.34,61.2,8.1,0.896,0.331,3,0.354,0.126,0.448,0.967,0.653
USR_07694,6.62,30.9,4.7,0.497,0.304,2,0.362,0.794,0.317,0.463,0.144
USR_07695,22.84,57.6,6.8,0.733,0.505,4,0.803,0.823,0.631,0.835,0.56
USR_07696,6.28,51.8,11.4,0.659,0.51,5,0.744,0.759,0.734,0.56,0.663
USR_07697,19.58,37.0,10.5,0.909,0.6,4,0.831,0.393,0.508,0.834,0.458
USR_07698,20.34,101.5,3.8,0.99,0.93,3,0.779,0.071,0.92,0.306,0.711
USR_07699,15.53,61.6,7.6,0.905,0.472,3,0.814,0.121,0.514,0.05,0.99
USR_07700,22.04,47.5,6.7,0.903,0.376,3,0.814,0.2,0.476,0.282,0.862
USR_07701,36.26,110.5,4.1,0.794,0.754,2,0.885,0.286,0.704,0.142,0.794
USR_07702,4.02,25.6,2.2,0.49,0.459,2,0.05,0.99,0.325,0.682,0.05
USR_07703,20.29,110.6,3.8,0.881,0.761,3,0.989,0.347,0.675,0.37,0.857
USR_07704,16.32,82.1,7.0,0.811,0.348,3,0.377,0.721,0.495,0.923,0.275
USR_07705,16.94,45.7,4.0,0.83,0.518,2,0.338,0.385,0.425,0.894,0.32
USR_07706,19.28,30.1,9.4,0.747,0.345,4,0.678,0.673,0.709,0.693,0.497
USR_07707,23.89,50.6,6.1,0.784,0.866,2,0.894,0.189,0.779,0.375,0.734
USR_07708,11.68,85.1,5.8,0.75,0.439,2,0.849,0.082,0.887,0.325,0.516
USR_07709,14.41,17.1,11.6,0.808,0.323,5,0.683,0.642,0.461,0.505,0.86
USR_07710,13.73,63.0,8.9,0.765,0.557,4,0.857,0.403,0.614,0.797,0.766
USR_07711,3.91,32.2,2.1,0.416,0.536,2,0.383,0.883,0.233,0.592,0.214
USR_07712,28.01,124.3,3.0,0.944,0.597,4,0.722,0.301,0.82,0.207,0.713
USR_07713,19.12,50.1,8.5,0.562,0.319,4,0.68,0.689,0.427,0.496,0.204
USR_07714,19.34,50.5,5.8,0.881,0.318,3,0.457,0.606,0.637,0.905,0.454
USR_07715,18.05,60.2,7.7,0.949,0.247,2,0.333,0.5,0.599,0.903,0.07
USR_07716,26.15,43.7,6.1,0.612,0.327,5,0.391,0.624,0.705,0.656,0.574
USR_07717,20.35,74.0,4.1,0.827,0.338,3,0.901,0.304,0.436,0.381,0.99
USR_07718,25.81,39.0,5.5,0.854,0.477,4,0.429,0.288,0.384,0.835,0.316
USR_07719,21.53,32.6,4.6,0.875,0.473,3,0.379,0.518,0.532,0.955,0.308
USR_07720,16.4,71.5,8.1,0.884,0.369,4,0.497,0.221,0.444,0.827,0.365
USR_07721,17.96,54.1,7.1,0.678,0.246,5,0.521,0.403,0.806,0.712,0.654
USR_07722,18.13,66.3,5.5,0.916,0.282,4,0.414,0.46,0.473,0.971,0.298
USR_07723,22.01,83.5,5.4,0.801,0.356,3,0.773,0.388,0.721,0.26,0.99
USR_07724,23.56,49.1,10.8,0.775,0.36,5,0.579,0.663,0.443,0.739,0.396
USR_07725,20.55,58.5,6.5,0.888,0.39,3,0.359,0.543,0.616,0.875,0.273
USR_07726,35.69,114.9,5.0,0.892,0.6,3,0.805,0.384,0.918,0.313,0.725
USR_07727,6.41,25.1,3.6,0.284,0.383,1,0.13,0.736,0.24,0.623,0.075
USR_07728,5.24,21.5,4.3,0.589,0.214,2,0.22,0.755,0.05,0.769,0.188
USR_07729,14.02,54.3,6.9,0.883,0.37,2,0.297,0.202,0.645,0.797,0.265
USR_07730,27.69,76.7,5.7,0.88,0.938,4,0.99,0.287,0.891,0.442,0.76
USR_07731,18.22,67.2,6.0,0.514,0.374,4,0.877,0.571,0.806,0.581,0.565
USR_07732,22.71,47.3,10.9,0.85,0.454,4,0.641,0.453,0.646,0.621,0.878
USR_07733,11.4,57.5,4.5,0.959,0.375,3,0.319,0.335,0.701,0.868,0.46
USR_07734,17.49,45.8,6.1,0.758,0.466,3,0.05,0.42,0.738,0.911,0.288
USR_07735,21.61,27.3,5.3,0.826,0.294,4,0.652,0.602,0.755,0.594,0.421
USR_07736,17.9,50.2,10.9,0.592,0.255,5,0.592,0.585,0.676,0.92,0.797
USR_07737,27.34,106.1,4.3,0.907,0.747,2,0.799,0.276,0.92,0.748,0.538
USR_07738,4.16,16.5,4.8,0.732,0.141,2,0.239,0.822,0.412,0.722,0.05
USR_07739,24.46,87.6,6.0,0.84,0.474,2,0.821,0.239,0.732,0.397,0.773
USR_07740,20.0,66.0,4.9,0.766,0.371,2,0.899,0.19,0.293,0.365,0.947
USR_07741,37.55,110.8,6.0,0.774,0.758,2,0.843,0.426,0.99,0.37,0.834
USR_07742,26.19,75.8,3.1,0.677,0.915,2,0.847,0.216,0.81,0.305,0.815
USR_07743,17.92,47.7,5.8,0.93,0.404,3,0.52,0.513,0.439,0.963,0.284
USR_07744,34.11,100.6,4.8,0.786,0.623,3,0.782,0.269,0.625,0.409,0.612
USR_07745,19.81,79.8,6.1,0.833,0.278,3,0.822,0.103,0.589,0.278,0.96
USR_07746,30.77,91.5,6.2,0.953,0.521,2,0.65,0.17,0.676,0.253,0.99
USR_07747,21.33,51.9,5.0,0.91,0.389,3,0.341,0.332,0.587,0.929,0.437
USR_07748,16.6,50.8,9.6,0.652,0.347,5,0.611,0.593,0.622,0.77,0.612
USR_07749,17.28,59.0,6.6,0.734,0.717,4,0.682,0.508,0.899,0.464,0.34
USR_07750,22.36,95.8,4.6,0.836,0.847,4,0.676,0.331,0.745,0.279,0.725
USR_07751,3.21,41.3,2.2,0.784,0.227,2,0.345,0.786,0.118,0.844,0.238
USR_07752,28.15,74.2,6.7,0.768,0.767,3,0.968,0.259,0.861,0.611,0.606
USR_07753,20.16,82.4,6.3,0.831,0.607,3,0.909,0.291,0.601,0.347,0.99
USR_07754,10.83,53.0,10.4,0.713,0.244,4,0.397,0.502,0.63,0.708,0.69
USR_07755,7.2,24.9,2.5,0.407,0.125,2,0.154,0.705,0.146,0.643,0.26
USR_07756,23.67,60.3,6.4,0.863,0.566,2,0.755,0.215,0.743,0.533,0.934
USR_07757,20.32,72.1,6.2,0.942,0.321,3,0.248,0.282,0.652,0.929,0.399
USR_07758,14.52,45.8,6.8,0.913,0.39,2,0.485,0.472,0.629,0.876,0.335
USR_07759,18.12,31.8,12.5,0.797,0.554,5,0.526,0.922,0.568,0.72,0.737
USR_07760,18.07,60.4,6.8,0.872,0.435,2,0.718,0.346,0.607,0.352,0.99
USR_07761,35.14,69.2,5.5,0.781,0.385,3,0.882,0.195,0.421,0.339,0.872
USR_07762,26.19,67.7,6.0,0.857,0.435,2,0.892,0.385,0.765,0.305,0.836
USR_07763,6.06,23.4,3.8,0.537,0.149,1,0.311,0.812,0.12,0.851,0.142
USR_07764,19.29,63.7,6.8,0.924,0.313,2,0.246,0.48,0.461,0.912,0.346
USR_07765,14.32,61.2,7.6,0.914,0.197,2,0.274,0.566,0.552,0.99,0.384
USR_07766,16.77,56.4,6.0,0.956,0.399,3,0.491,0.634,0.724,0.95,0.361
USR_07767,3.67,19.1,1.7,0.538,0.395,1,0.218,0.905,0.358,0.814,0.147
USR_07768,30.7,69.6,4.6,0.789,0.575,3,0.726,0.103,0.99,0.317,0.612
USR_07769,24.84,47.8,5.9,0.756,0.409,4,0.68,0.452,0.427,0.558,0.74
USR_07770,17.35,51.6,6.5,0.786,0.259,5,0.699,0.579,0.471,0.802,0.6
USR_07771,8.18,28.4,3.4,0.527,0.284,2,0.356,0.812,0.063,0.773,0.085
USR_07772,16.36,68.8,6.2,0.811,0.478,5,0.654,0.463,0.737,0.666,0.445
USR_07773,19.52,66.7,4.9,0.68,0.499,4,0.345,0.762,0.445,0.814,0.874
USR_07774,15.9,94.7,6.7,0.887,0.437,3,0.811,0.242,0.373,0.395,0.842
USR_07775,25.24,45.1,5.9,0.914,0.408,3,0.381,0.228,0.519,0.921,0.386
USR_07776,29.07,61.7,1.9,0.747,0.698,2,0.746,0.463,0.904,0.627,0.584
USR_07777,14.44,48.4,5.3,0.865,0.378,4,0.28,0.243,0.707,0.94,0.058
USR_07778,14.86,41.3,5.5,0.685,0.306,3,0.299,0.526,0.497,0.808,0.373
USR_07779,31.24,143.5,5.1,0.84,0.724,4,0.865,0.452,0.743,0.272,0.711
USR_07780,20.97,47.7,7.8,0.782,0.385,4,0.936,0.478,0.582,0.95,0.438
USR_07781,8.47,28.6,1.9,0.558,0.421,1,0.197,0.903,0.058,0.621,0.05
USR_07782,32.91,90.6,5.9,0.821,0.756,3,0.849,0.332,0.862,0.342,0.703
USR_07783,22.12,43.9,5.4,0.773,0.228,3,0.708,0.37,0.556,0.638,0.093
USR_07784,4.01,34.8,1.2,0.512,0.574,2,0.191,0.647,0.199,0.936,0.187
USR_07785,5.08,30.9,1.2,0.621,0.355,1,0.131,0.99,0.387,0.712,0.278
USR_07786,34.34,85.3,4.3,0.99,0.718,2,0.869,0.471,0.972,0.333,0.354
USR_07787,15.81,64.1,6.1,0.904,0.342,3,0.338,0.385,0.724,0.99,0.357
USR_07788,20.41,90.9,5.4,0.873,0.563,2,0.749,0.148,0.625,0.234,0.99
USR_07789,25.76,66.9,4.3,0.896,0.907,3,0.709,0.192,0.638,0.374,0.598
USR_07790,8.6,31.4,2.6,0.434,0.388,2,0.184,0.711,0.284,0.697,0.108
USR_07791,4.01,12.7,4.3,0.644,0.454,2,0.323,0.705,0.282,0.693,0.18
USR_07792,9.29,24.8,3.4,0.442,0.129,3,0.315,0.786,0.213,0.697,0.07
USR_07793,29.3,79.7,3.2,0.825,0.812,3,0.553,0.606,0.609,0.449,0.783
USR_07794,3.78,29.6,2.6,0.423,0.384,1,0.328,0.711,0.171,0.438,0.116
USR_07795,23.3,47.9,8.6,0.776,0.561,4,0.91,0.686,0.683,0.518,0.616
USR_07796,20.44,43.8,5.2,0.826,0.312,3,0.542,0.719,0.613,0.99,0.475
USR_07797,23.38,58.7,7.2,0.823,0.391,2,0.897,0.296,0.766,0.414,0.99
USR_07798,8.16,33.9,5.3,0.485,0.245,2,0.302,0.779,0.286,0.545,0.19
USR_07799,36.07,97.1,4.1,0.832,0.589,3,0.623,0.204,0.936,0.751,0.725
USR_07800,26.02,89.4,6.9,0.968,0.548,2,0.906,0.221,0.732,0.246,0.882
USR_07801,19.73,45.2,8.8,0.731,0.576,4,0.741,0.744,0.54,0.814,0.622
USR_07802,8.9,16.6,5.8,0.556,0.208,1,0.183,0.846,0.052,0.552,0.123
USR_07803,25.89,91.9,8.4,0.876,0.578,2,0.779,0.101,0.728,0.234,0.959
USR_07804,26.49,62.0,4.8,0.943,0.488,2,0.854,0.184,0.556,0.461,0.821
USR_07805,26.63,92.1,6.5,0.895,0.556,2,0.628,0.492,0.99,0.656,0.691
USR_07806,19.89,83.6,4.5,0.9,0.52,3,0.79,0.175,0.586,0.158,0.914
USR_07807,12.09,46.0,7.5,0.863,0.349,3,0.427,0.373,0.569,0.988,0.359
USR_07808,24.97,56.8,8.2,0.714,0.529,5,0.68,0.859,0.466,0.809,0.803
USR_07809,15.23,67.4,5.4,0.855,0.394,2,0.33,0.559,0.365,0.915,0.266
USR_07810,2.24,21.6,4.8,0.591,0.094,2,0.222,0.723,0.269,0.663,0.35
USR_07811,11.87,33.8,5.2,0.651,0.356,1,0.05,0.874,0.246,0.571,0.15
USR_07812,14.22,48.2,4.5,0.875,0.403,3,0.535,0.454,0.636,0.88,0.166
USR_07813,22.45,36.5,5.5,0.885,0.404,2,0.608,0.377,0.405,0.837,0.066
USR_07814,18.67,52.2,5.4,0.903,0.269,3,0.061,0.157,0.596,0.896,0.125
USR_07815,35.37,111.6,3.8,0.824,0.75,3,0.842,0.294,0.975,0.316,0.635
USR_07816,22.28,69.8,4.3,0.878,0.604,2,0.827,0.271,0.685,0.243,0.99
USR_07817,31.99,77.9,7.2,0.714,0.269,3,0.8,0.104,0.524,0.269,0.935
USR_07818,21.14,68.4,10.7,0.747,0.339,5,0.808,0.704,0.44,0.469,0.497
USR_07819,20.33,41.3,6.1,0.78,0.447,5,0.381,0.53,0.555,0.684,0.751
USR_07820,9.25,41.5,5.2,0.671,0.32,1,0.438,0.824,0.095,0.74,0.372
USR_07821,27.97,113.0,3.8,0.893,0.715,2,0.778,0.255,0.726,0.339,0.797
USR_07822,17.69,63.8,6.4,0.891,0.463,2,0.365,0.283,0.463,0.827,0.347
USR_07823,20.7,45.5,6.7,0.85,0.339,2,0.274,0.476,0.572,0.99,0.074
USR_07824,41.02,85.3,5.3,0.747,0.712,2,0.765,0.295,0.801,0.409,0.787
USR_07825,30.85,92.4,6.5,0.837,0.586,2,0.758,0.463,0.771,0.644,0.836
USR_07826,16.27,59.0,8.9,0.89,0.518,5,0.553,0.627,0.697,0.806,0.562
USR_07827,17.96,53.1,12.1,0.896,0.406,4,0.681,0.64,0.491,0.551,0.284
USR_07828,22.28,107.6,4.5,0.84,0.874,2,0.898,0.29,0.856,0.452,0.578
USR_07829,30.48,68.6,8.2,0.862,0.754,3,0.931,0.289,0.831,0.407,0.737
USR_07830,23.73,136.7,5.0,0.771,0.727,3,0.702,0.47,0.775,0.492,0.8
USR_07831,13.54,39.0,5.2,0.888,0.335,4,0.191,0.407,0.541,0.903,0.134
USR_07832,18.53,54.0,6.5,0.83,0.431,2,0.945,0.291,0.583,0.296,0.99
USR_07833,27.09,90.8,2.4,0.788,0.708,2,0.867,0.305,0.55,0.433,0.593
USR_07834,21.66,59.9,4.9,0.851,0.486,2,0.81,0.218,0.366,0.457,0.854
USR_07835,8.55,20.9,2.5,0.589,0.341,3,0.05,0.748,0.175,0.424,0.197
USR_07836,26.38,104.0,4.2,0.789,0.631,4,0.702,0.254,0.85,0.594,0.629
USR_07837,27.16,94.9,3.9,0.874,0.844,4,0.827,0.206,0.812,0.369,0.555
USR_07838,19.55,101.7,4.0,0.933,0.817,2,0.721,0.083,0.676,0.487,0.687
USR_07839,13.51,73.1,6.0,0.79,0.42,2,0.354,0.272,0.699,0.782,0.152
USR_07840,35.17,102.3,3.4,0.907,0.846,3,0.804,0.274,0.875,0.375,0.586
USR_07841,21.02,50.0,4.9,0.84,0.415,3,0.895,0.355,0.571,0.4,0.884
USR_07842,19.62,34.4,3.0,0.791,0.272,2,0.749,0.175,0.317,0.289,0.934
USR_07843,23.42,42.9,6.3,0.645,0.482,4,0.87,0.73,0.659,0.664,0.578
USR_07844,7.03,13.8,1.9,0.794,0.493,3,0.15,0.791,0.461,0.95,0.174
USR_07845,19.71,66.7,9.6,0.754,0.569,4,0.752,0.57,0.816,0.694,0.65
USR_07846,8.96,62.2,6.1,0.922,0.439,3,0.276,0.38,0.591,0.88,0.31
USR_07847,18.66,58.8,5.7,0.914,0.323,3,0.398,0.293,0.546,0.924,0.357
USR_07848,20.75,59.9,3.7,0.83,0.509,3,0.444,0.293,0.357,0.876,0.296
USR_07849,5.44,16.2,2.9,0.503,0.298,1,0.187,0.812,0.224,0.54,0.112
USR_07850,23.06,30.6,6.6,0.709,0.39,4,0.751,0.687,0.894,0.749,0.68
USR_07851,14.62,56.0,6.8,0.823,0.366,3,0.43,0.474,0.721,0.876,0.198
USR_07852,7.61,21.8,7.1,0.553,0.198,2,0.261,0.88,0.205,0.601,0.324
USR_07853,16.35,58.3,8.9,0.56,0.546,4,0.594,0.71,0.65,0.723,0.338
USR_07854,22.18,102.0,5.8,0.839,0.861,3,0.569,0.303,0.827,0.435,0.637
USR_07855,16.63,62.7,5.3,0.963,0.405,3,0.332,0.422,0.721,0.915,0.34
USR_07856,8.41,21.5,2.7,0.557,0.17,1,0.137,0.8,0.281,0.709,0.257
USR_07857,18.67,50.2,4.9,0.794,0.425,3,0.535,0.333,0.825,0.921,0.446
USR_07858,6.6,27.8,3.8,0.537,0.212,2,0.311,0.815,0.242,0.899,0.129
USR_07859,16.88,30.6,8.5,0.88,0.294,4,0.582,0.601,0.374,0.457,0.516
USR_07860,29.86,102.8,5.1,0.862,0.778,2,0.766,0.269,0.608,0.635,0.578
USR_07861,3.64,32.2,3.4,0.501,0.243,1,0.124,0.789,0.238,0.639,0.129
USR_07862,22.85,48.3,8.5,0.742,0.264,5,0.552,0.567,0.591,0.911,0.563
USR_07863,9.77,18.8,2.1,0.585,0.38,2,0.15,0.865,0.587,0.644,0.073
USR_07864,34.87,91.4,1.6,0.834,0.941,3,0.816,0.394,0.61,0.327,0.643
USR_07865,29.74,63.4,4.0,0.815,0.584,3,0.813,0.467,0.815,0.246,0.572
USR_07866,34.7,72.7,4.8,0.877,0.735,3,0.624,0.364,0.894,0.327,0.643
USR_07867,20.97,39.2,6.6,0.956,0.355,3,0.448,0.309,0.441,0.99,0.276
USR_07868,12.88,36.5,8.3,0.91,0.397,4,0.668,0.567,0.4,0.499,0.494
USR_07869,26.45,116.0,4.5,0.914,0.635,4,0.777,0.328,0.792,0.703,0.75
USR_07870,25.02,101.7,5.6,0.925,0.763,3,0.761,0.177,0.868,0.497,0.52
USR_07871,18.11,110.9,5.0,0.885,0.48,4,0.717,0.208,0.75,0.301,0.65
USR_07872,21.82,69.7,8.9,0.71,0.516,5,0.601,0.599,0.543,0.599,0.695
USR_07873,23.33,60.3,6.1,0.806,0.905,2,0.914,0.243,0.763,0.442,0.635
USR_07874,11.51,95.3,1.8,0.911,0.684,2,0.521,0.307,0.678,0.389,0.749
USR_07875,18.73,55.9,4.6,0.806,0.348,2,0.854,0.345,0.384,0.381,0.94
USR_07876,11.66,20.7,3.9,0.179,0.301,3,0.241,0.66,0.16,0.459,0.43
USR_07877,7.96,17.1,4.6,0.512,0.198,3,0.215,0.917,0.331,0.581,0.23
USR_07878,18.64,64.1,5.5,0.982,0.269,3,0.53,0.513,0.647,0.741,0.312
USR_07879,5.99,23.6,4.7,0.47,0.187,3,0.31,0.921,0.191,0.573,0.285
USR_07880,23.67,91.1,8.0,0.867,0.688,2,0.779,0.255,0.6,0.294,0.9
USR_07881,17.89,78.2,5.0,0.861,0.709,4,0.671,0.248,0.925,0.345,0.754
USR_07882,32.72,99.0,4.8,0.914,0.778,3,0.986,0.365,0.848,0.178,0.619
USR_07883,9.26,31.0,3.4,0.671,0.233,2,0.299,0.74,0.26,0.803,0.181
USR_07884,19.36,28.6,6.0,0.533,0.499,4,0.563,0.473,0.702,0.701,0.432
USR_07885,2.13,36.5,3.8,0.714,0.553,1,0.095,0.892,0.165,0.8,0.086
USR_07886,20.9,61.6,4.1,0.964,0.283,3,0.393,0.52,0.572,0.99,0.364
USR_07887,25.61,69.7,5.0,0.769,0.455,2,0.786,0.093,0.416,0.376,0.897
USR_07888,20.84,78.7,4.7,0.988,0.626,3,0.889,0.534,0.685,0.563,0.591
USR_07889,21.65,63.7,7.6,0.765,0.447,2,0.764,0.05,0.517,0.319,0.867
USR_07890,16.35,49.5,9.7,0.87,0.475,2,0.405,0.463,0.504,0.932,0.349
USR_07891,31.74,74.8,5.8,0.883,0.792,3,0.749,0.182,0.797,0.266,0.561
USR_07892,7.91,16.3,4.9,0.524,0.51,2,0.079,0.935,0.362,0.546,0.379
USR_07893,2.64,26.9,2.0,0.409,0.21,2,0.376,0.818,0.303,0.726,0.107
USR_07894,27.01,76.4,8.7,0.99,0.575,3,0.837,0.289,0.697,0.355,0.953
USR_07895,9.39,26.4,2.6,0.603,0.228,3,0.05,0.933,0.259,0.577,0.307
USR_07896,32.39,140.6,4.1,0.814,0.727,2,0.713,0.497,0.884,0.071,0.878
USR_07897,22.03,69.5,11.8,0.638,0.492,4,0.575,0.721,0.717,0.707,0.505
USR_07898,15.96,52.2,6.2,0.816,0.674,5,0.65,0.655,0.744,0.727,0.489
USR_07899,18.13,58.4,5.7,0.969,0.294,2,0.901,0.325,0.607,0.325,0.857
USR_07900,13.5,45.6,5.2,0.911,0.307,4,0.314,0.166,0.535,0.845,0.32
USR_07901,26.14,112.7,3.4,0.793,0.496,2,0.809,0.355,0.568,0.388,0.878
USR_07902,18.75,52.7,3.3,0.99,0.285,4,0.189,0.141,0.539,0.799,0.532
USR_07903,27.43,78.2,4.8,0.835,0.772,2,0.85,0.277,0.966,0.465,0.862
USR_07904,17.7,54.5,5.0,0.834,0.273,4,0.289,0.568,0.438,0.961,0.191
USR_07905,8.85,61.2,6.8,0.898,0.489,5,0.692,0.634,0.668,0.776,0.667
USR_07906,28.09,87.2,4.4,0.973,0.67,3,0.787,0.322,0.972,0.541,0.563
USR_07907,19.57,49.4,9.2,0.966,0.565,4,0.442,0.673,0.709,0.588,0.432
USR_07908,3.56,26.7,1.1,0.658,0.332,2,0.294,0.889,0.133,0.689,0.276
USR_07909,23.13,97.3,6.2,0.838,0.603,2,0.937,0.246,0.531,0.289,0.976
USR_07910,4.97,18.2,2.7,0.675,0.393,3,0.135,0.84,0.134,0.889,0.298
USR_07911,27.25,82.7,5.5,0.892,0.321,3,0.236,0.373,0.475,0.887,0.059
USR_07912,21.16,53.4,4.9,0.801,0.339,4,0.367,0.455,0.793,0.96,0.208
USR_07913,18.69,22.4,10.2,0.87,0.522,5,0.689,0.555,0.499,0.716,0.864
USR_07914,9.68,23.7,4.4,0.49,0.111,2,0.398,0.786,0.317,0.836,0.266
USR_07915,33.52,93.2,5.9,0.939,0.783,3,0.841,0.146,0.832,0.258,0.736
USR_07916,5.22,29.0,4.9,0.646,0.291,2,0.332,0.99,0.159,0.664,0.222
USR_07917,22.36,47.7,5.0,0.927,0.746,2,0.708,0.198,0.942,0.619,0.703
USR_07918,7.65,14.4,4.4,0.629,0.201,2,0.235,0.99,0.186,0.456,0.118
USR_07919,7.87,15.3,5.3,0.468,0.235,1,0.462,0.853,0.174,0.723,0.313
USR_07920,23.78,43.2,7.2,0.83,0.451,5,0.274,0.665,0.396,0.767,0.729
USR_07921,14.33,58.9,6.3,0.918,0.39,3,0.58,0.685,0.571,0.914,0.4
USR_07922,9.62,28.8,5.7,0.326,0.295,2,0.05,0.875,0.05,0.776,0.187
USR_07923,21.96,70.6,7.8,0.904,0.303,2,0.973,0.367,0.594,0.205,0.932
USR_07924,24.84,52.6,7.7,0.75,0.291,5,0.658,0.338,0.685,0.721,0.42
USR_07925,19.41,54.9,6.4,0.825,0.458,2,0.467,0.265,0.374,0.99,0.158
USR_07926,19.45,35.3,8.3,0.606,0.272,4,0.684,0.632,0.751,0.734,0.49
USR_07927,4.65,15.4,3.6,0.373,0.466,3,0.183,0.87,0.27,0.745,0.296
USR_07928,18.57,34.7,8.4,0.899,0.452,2,0.185,0.468,0.671,0.798,0.159
USR_07929,25.34,82.9,5.6,0.796,0.629,3,0.848,0.336,0.816,0.194,0.871
USR_07930,18.37,29.7,7.6,0.791,0.452,4,0.573,0.758,0.636,0.742,0.494
USR_07931,2.74,20.8,1.6,0.514,0.25,2,0.107,0.716,0.328,0.622,0.223
USR_07932,17.47,54.0,5.0,0.913,0.285,4,0.4,0.332,0.56,0.787,0.34
USR_07933,13.08,68.4,7.5,0.99,0.382,5,0.64,0.626,0.721,0.865,0.537
USR_07934,22.69,69.0,6.0,0.694,0.348,5,0.531,0.806,0.256,0.861,0.892
USR_07935,11.78,28.8,4.5,0.476,0.133,1,0.241,0.877,0.179,0.912,0.363
USR_07936,31.86,113.6,4.9,0.822,0.834,2,0.841,0.273,0.796,0.447,0.571
USR_07937,29.4,84.1,2.8,0.771,0.777,4,0.793,0.401,0.91,0.638,0.77
USR_07938,7.89,29.7,4.2,0.582,0.217,2,0.05,0.74,0.266,0.7,0.309
USR_07939,9.98,49.7,5.7,0.815,0.249,2,0.355,0.264,0.496,0.888,0.22
USR_07940,19.89,58.4,5.8,0.834,0.523,2,0.425,0.271,0.607,0.896,0.21
USR_07941,16.93,48.2,9.5,0.733,0.345,5,0.762,0.478,0.47,0.616,0.326
USR_07942,22.34,46.7,6.2,0.908,0.496,2,0.756,0.096,0.701,0.323,0.779
USR_07943,34.37,74.1,4.0,0.848,0.568,3,0.67,0.188,0.934,0.337,0.837
USR_07944,24.39,100.6,8.3,0.848,0.35,2,0.894,0.339,0.621,0.135,0.925
USR_07945,18.98,77.6,7.1,0.807,0.606,3,0.878,0.308,0.675,0.443,0.877
USR_07946,14.9,46.8,8.2,0.644,0.548,4,0.631,0.454,0.779,0.813,0.437
USR_07947,14.33,71.4,9.2,0.99,0.543,4,0.834,0.64,0.611,0.737,0.497
USR_07948,12.32,56.1,5.5,0.869,0.568,3,0.231,0.511,0.68,0.887,0.381
USR_07949,29.06,101.4,3.4,0.888,0.938,3,0.613,0.304,0.715,0.514,0.763
USR_07950,27.08,63.1,9.3,0.668,0.405,4,0.446,0.663,0.549,0.652,0.57
USR_07951,23.91,67.4,6.7,0.853,0.236,3,0.8,0.053,0.523,0.147,0.99
USR_07952,30.79,98.5,3.0,0.985,0.698,4,0.852,0.432,0.874,0.249,0.905
USR_07953,23.0,83.2,6.2,0.888,0.481,3,0.751,0.187,0.799,0.347,0.823
USR_07954,18.84,52.6,6.3,0.946,0.315,2,0.287,0.283,0.378,0.966,0.42
USR_07955,16.11,59.7,6.0,0.958,0.263,3,0.315,0.377,0.735,0.99,0.26
USR_07956,25.95,62.8,6.3,0.666,0.427,2,0.884,0.26,0.394,0.336,0.902
USR_07957,18.69,59.9,5.3,0.829,0.267,3,0.05,0.701,0.494,0.88,0.411
USR_07958,6.27,22.7,4.5,0.436,0.131,3,0.507,0.93,0.305,0.619,0.05
USR_07959,19.06,71.9,6.4,0.844,0.409,2,0.867,0.1,0.653,0.293,0.913
USR_07960,10.31,30.8,5.2,0.389,0.254,2,0.21,0.953,0.05,0.891,0.426
USR_07961,29.25,68.3,6.6,0.928,0.358,2,0.915,0.151,0.462,0.185,0.96
USR_07962,9.72,17.3,4.6,0.359,0.35,2,0.509,0.969,0.149,0.794,0.307
USR_07963,8.61,27.2,1.5,0.59,0.176,1,0.186,0.948,0.212,0.601,0.111
USR_07964,6.14,26.7,1.8,0.559,0.364,1,0.457,0.99,0.161,0.628,0.065
USR_07965,25.65,49.0,3.9,0.874,0.388,3,0.404,0.299,0.786,0.815,0.253
USR_07966,23.34,37.0,9.5,0.609,0.305,5,0.746,0.638,0.721,0.669,0.766
USR_07967,21.47,67.3,11.0,0.718,0.524,4,0.643,0.524,0.553,0.897,0.712
USR_07968,17.05,76.0,5.4,0.695,0.296,2,0.915,0.143,0.565,0.375,0.975
USR_07969,32.27,55.7,9.4,0.787,0.331,4,0.566,0.59,0.882,0.673,0.414
USR_07970,7.3,19.4,2.7,0.395,0.098,2,0.062,0.778,0.345,0.921,0.05
USR_07971,21.32,40.1,10.0,0.597,0.448,5,0.652,0.796,0.583,0.494,0.492
USR_07972,15.35,69.9,7.6,0.903,0.297,3,0.573,0.5,0.655,0.92,0.407
USR_07973,33.5,82.5,5.0,0.877,0.706,4,0.551,0.218,0.968,0.328,0.802
USR_07974,16.68,66.7,6.1,0.907,0.329,3,0.374,0.574,0.381,0.823,0.32
USR_07975,34.89,110.2,5.5,0.901,0.87,3,0.65,0.308,0.672,0.181,0.533
USR_07976,14.59,41.2,8.7,0.631,0.533,4,0.564,0.95,0.627,0.712,0.569
USR_07977,7.3,34.0,6.0,0.74,0.249,2,0.225,0.928,0.169,0.47,0.32
USR_07978,24.62,48.6,6.7,0.841,0.67,3,0.907,0.288,0.466,0.257,0.937
USR_07979,4.55,18.4,3.4,0.508,0.189,2,0.247,0.685,0.116,0.733,0.24
USR_07980,11.2,36.1,4.9,0.617,0.105,1,0.161,0.797,0.198,0.751,0.254
USR_07981,19.28,65.0,7.4,0.823,0.298,3,0.788,0.183,0.675,0.228,0.986
USR_07982,4.97,26.0,4.6,0.492,0.191,3,0.31,0.744,0.338,0.787,0.119
USR_07983,20.74,108.6,4.8,0.923,0.612,4,0.746,0.189,0.893,0.568,0.648
USR_07984,7.53,15.5,4.8,0.479,0.263,1,0.367,0.9,0.29,0.757,0.226
USR_07985,13.64,37.0,10.7,0.553,0.519,4,0.425,0.519,0.625,0.829,0.528
USR_07986,5.43,23.6,4.9,0.68,0.161,1,0.05,0.825,0.097,0.711,0.147
USR_07987,17.34,103.9,5.0,0.794,0.852,3,0.877,0.341,0.947,0.3,0.635
USR_07988,28.16,35.1,6.3,0.724,0.438,4,0.799,0.51,0.95,0.602,0.493
USR_07989,18.49,54.4,8.5,0.692,0.504,5,0.616,0.72,0.543,0.657,0.513
USR_07990,20.25,67.9,2.6,0.889,0.719,4,0.826,0.315,0.738,0.413,0.784
USR_07991,12.23,24.7,2.0,0.52,0.413,3,0.157,0.809,0.348,0.571,0.14
USR_07992,40.55,93.4,5.8,0.927,0.592,4,0.817,0.155,0.905,0.497,0.69
USR_07993,32.83,49.0,8.0,0.99,0.485,2,0.978,0.128,0.522,0.408,0.99
USR_07994,13.21,57.3,8.2,0.774,0.405,4,0.501,0.621,0.713,0.633,0.929
USR_07995,19.05,98.0,5.7,0.851,0.857,3,0.747,0.321,0.677,0.067,0.739
USR_07996,6.56,31.1,4.0,0.316,0.132,1,0.247,0.685,0.082,0.559,0.124
USR_07997,17.72,60.9,6.1,0.889,0.286,2,0.217,0.233,0.581,0.891,0.388
USR_07998,29.41,116.7,4.9,0.686,0.69,3,0.924,0.311,0.743,0.18,0.515
USR_07999,14.04,102.5,6.0,0.775,0.907,3,0.83,0.292,0.745,0.281,0.802
USR_08000,20.25,112.5,6.2,0.76,0.768,2,0.743,0.152,0.99,0.295,0.749
USR_08001,7.95,34.6,3.9,0.56,0.276,1,0.315,0.751,0.265,0.827,0.237
USR_08002,29.42,75.2,6.0,0.828,0.748,3,0.753,0.295,0.848,0.253,0.849
USR_08003,14.73,80.7,4.7,0.99,0.47,2,0.815,0.312,0.592,0.149,0.906
USR_08004,23.64,94.5,6.5,0.887,0.668,3,0.851,0.098,0.473,0.322,0.817
USR_08005,19.55,37.3,9.8,0.696,0.518,5,0.662,0.85,0.598,0.688,0.646
USR_08006,17.47,69.8,5.9,0.766,0.372,3,0.319,0.412,0.594,0.896,0.357
USR_08007,9.36,27.8,2.6,0.615,0.338,2,0.164,0.804,0.318,0.669,0.148
USR_08008,21.88,51.6,5.4,0.76,0.642,5,0.722,0.893,0.569,0.95,0.552
USR_08009,2.53,45.2,3.7,0.738,0.475,3,0.363,0.901,0.07,0.421,0.087
USR_08010,27.8,92.1,5.1,0.922,0.725,3,0.686,0.254,0.673,0.189,0.846
USR_08011,7.38,13.4,3.0,0.625,0.445,1,0.184,0.99,0.207,0.836,0.29
USR_08012,17.18,46.5,9.2,0.779,0.474,5,0.734,0.642,0.545,0.561,0.63
USR_08013,15.99,50.9,5.2,0.945,0.457,3,0.384,0.387,0.449,0.897,0.209
USR_08014,5.06,30.2,4.2,0.475,0.197,2,0.274,0.881,0.486,0.753,0.215
USR_08015,24.54,74.8,7.3,0.709,0.373,2,0.82,0.405,0.626,0.329,0.913
USR_08016,22.47,26.7,6.4,0.911,0.319,2,0.11,0.534,0.451,0.777,0.505
USR_08017,4.58,32.8,1.1,0.571,0.081,3,0.262,0.981,0.059,0.718,0.283
USR_08018,13.31,40.2,5.3,0.864,0.46,3,0.358,0.29,0.415,0.907,0.435
USR_08019,20.13,64.0,9.0,0.806,0.387,5,0.618,0.368,0.57,0.863,0.658
USR_08020,16.18,145.5,3.8,0.852,0.554,3,0.838,0.417,0.646,0.383,0.625
USR_08021,18.61,55.1,6.8,0.895,0.358,3,0.328,0.47,0.629,0.99,0.259
USR_08022,9.36,56.9,7.0,0.867,0.529,3,0.37,0.291,0.581,0.891,0.388
USR_08023,22.83,50.8,5.4,0.86,0.35,2,0.329,0.311,0.652,0.99,0.312
USR_08024,26.99,50.7,7.7,0.644,0.378,5,0.652,0.652,0.716,0.627,0.531
USR_08025,15.69,44.1,10.0,0.81,0.547,4,0.55,0.387,0.573,0.717,0.558
USR_08026,20.0,31.7,3.9,0.869,0.405,4,0.386,0.129,0.417,0.843,0.366
USR_08027,16.28,69.2,7.7,0.957,0.513,2,0.98,0.224,0.588,0.124,0.898
USR_08028,9.32,31.0,3.6,0.623,0.227,2,0.259,0.727,0.215,0.558,0.322
USR_08029,3.87,26.6,2.6,0.464,0.505,2,0.336,0.684,0.143,0.661,0.129
USR_08030,16.24,63.9,6.5,0.898,0.394,4,0.213,0.227,0.467,0.891,0.449
USR_08031,14.54,59.1,6.9,0.867,0.352,4,0.465,0.373,0.48,0.828,0.297
USR_08032,24.31,94.9,4.0,0.792,0.787,2,0.708,0.152,0.892,0.37,0.432
USR_08033,6.84,27.0,3.4,0.587,0.325,3,0.113,0.815,0.311,0.95,0.379
USR_08034,8.12,30.3,2.0,0.617,0.285,1,0.349,0.823,0.053,0.867,0.289
USR_08035,27.73,66.3,6.8,0.806,0.659,3,0.845,0.165,0.647,0.175,0.869
USR_08036,28.88,62.3,7.0,0.885,0.377,5,0.596,0.618,0.661,0.898,0.558
USR_08037,39.45,90.4,3.9,0.841,0.645,4,0.64,0.184,0.99,0.724,0.674
USR_08038,23.15,68.2,6.2,0.862,0.934,2,0.791,0.092,0.865,0.693,0.591
USR_08039,7.24,25.7,5.2,0.672,0.413,2,0.089,0.746,0.441,0.718,0.202
USR_08040,18.33,61.6,6.2,0.876,0.466,2,0.839,0.241,0.536,0.522,0.934
USR_08041,27.39,131.3,4.1,0.904,0.743,3,0.99,0.109,0.797,0.378,0.926
USR_08042,14.91,59.2,6.2,0.887,0.232,4,0.333,0.514,0.551,0.858,0.501
USR_08043,16.07,95.7,6.5,0.779,0.447,2,0.965,0.171,0.677,0.364,0.857
USR_08044,21.69,70.0,7.4,0.781,0.584,3,0.988,0.093,0.672,0.537,0.907
USR_08045,39.32,95.2,3.2,0.862,0.839,4,0.706,0.423,0.682,0.522,0.797
USR_08046,8.93,31.0,2.6,0.589,0.123,1,0.286,0.887,0.303,0.785,0.162
USR_08047,4.13,10.0,6.6,0.464,0.359,2,0.274,0.948,0.09,0.598,0.061
USR_08048,16.64,55.4,6.6,0.934,0.294,4,0.393,0.382,0.234,0.908,0.22
USR_08049,11.61,66.8,1.0,0.99,0.761,3,0.669,0.179,0.855,0.283,0.676
USR_08050,27.52,81.3,6.3,0.855,0.72,3,0.869,0.326,0.82,0.536,0.623
USR_08051,7.71,15.8,4.7,0.567,0.38,2,0.241,0.843,0.42,0.839,0.05
USR_08052,20.15,135.0,6.1,0.847,0.84,3,0.795,0.47,0.856,0.403,0.614
USR_08053,7.41,33.0,2.8,0.601,0.25,2,0.157,0.821,0.409,0.658,0.096
USR_08054,10.69,25.8,5.1,0.512,0.093,2,0.143,0.973,0.123,0.719,0.114
USR_08055,23.98,60.7,6.3,0.835,0.583,3,0.798,0.284,0.641,0.33,0.782
USR_08056,18.66,56.1,12.9,0.76,0.483,4,0.694,0.641,0.591,0.528,0.537
USR_08057,6.18,31.8,5.1,0.549,0.317,2,0.175,0.819,0.104,0.572,0.339
USR_08058,20.28,44.0,9.4,0.798,0.332,4,0.73,0.66,0.62,0.665,0.726
USR_08059,17.13,41.6,5.9,0.931,0.446,4,0.774,0.866,0.614,0.482,0.709
USR_08060,18.48,23.9,5.4,0.797,0.505,4,0.677,0.539,0.641,0.804,0.575
USR_08061,24.2,68.7,6.1,0.951,0.561,3,0.846,0.268,0.754,0.224,0.891
USR_08062,22.31,65.0,6.7,0.874,0.411,2,0.918,0.342,0.785,0.375,0.859
USR_08063,25.92,72.3,6.8,0.944,0.5,3,0.99,0.273,0.488,0.413,0.976
USR_08064,7.86,25.5,6.8,0.588,0.434,2,0.344,0.836,0.077,0.834,0.361
USR_08065,17.35,60.4,5.5,0.922,0.337,3,0.333,0.642,0.572,0.908,0.414
USR_08066,12.94,50.6,7.2,0.716,0.317,4,0.556,0.419,0.808,0.502,0.568
USR_08067,27.06,19.6,9.9,0.615,0.469,5,0.618,0.803,0.739,0.741,0.224
USR_08068,16.05,47.1,7.3,0.96,0.302,3,0.286,0.305,0.656,0.958,0.348
USR_08069,26.0,93.8,5.1,0.836,0.784,2,0.669,0.343,0.801,0.374,0.692
USR_08070,11.15,52.8,3.7,0.951,0.458,3,0.331,0.587,0.466,0.947,0.168
USR_08071,28.71,72.6,4.7,0.99,0.43,3,0.81,0.229,0.435,0.294,0.818
USR_08072,7.72,30.7,1.9,0.493,0.235,2,0.223,0.8,0.206,0.816,0.293
USR_08073,19.38,52.5,6.1,0.817,0.381,2,0.99,0.198,0.4,0.541,0.839
USR_08074,8.05,34.8,6.3,0.399,0.295,2,0.177,0.942,0.214,0.775,0.213
USR_08075,7.26,27.2,5.6,0.52,0.228,2,0.153,0.824,0.137,0.784,0.153
USR_08076,16.19,45.0,4.7,0.818,0.257,3,0.391,0.528,0.598,0.783,0.175
USR_08077,23.64,45.5,9.7,0.822,0.506,4,0.783,0.565,0.78,0.77,0.507
USR_08078,6.73,32.2,4.5,0.616,0.483,2,0.191,0.774,0.134,0.563,0.176
USR_08079,17.0,75.7,5.4,0.886,0.479,3,0.199,0.414,0.638,0.99,0.284
USR_08080,22.95,89.8,7.4,0.817,0.687,2,0.99,0.271,0.469,0.132,0.851
USR_08081,6.87,28.8,1.5,0.595,0.312,1,0.249,0.862,0.197,0.936,0.367
USR_08082,14.6,61.2,5.1,0.904,0.324,4,0.402,0.335,0.7,0.832,0.18
USR_08083,7.95,36.1,5.0,0.571,0.341,2,0.433,0.763,0.151,0.558,0.097
USR_08084,17.15,59.5,4.8,0.893,0.374,3,0.373,0.358,0.371,0.684,0.262
USR_08085,30.98,113.5,4.8,0.889,0.793,3,0.865,0.386,0.802,0.263,0.937
USR_08086,17.25,55.2,5.2,0.893,0.267,3,0.556,0.327,0.341,0.876,0.279
USR_08087,2.44,28.5,3.1,0.722,0.3,1,0.158,0.824,0.289,0.63,0.222
USR_08088,11.16,29.7,6.8,0.675,0.398,2,0.188,0.734,0.172,0.476,0.234
USR_08089,19.89,38.8,6.8,0.864,0.307,4,0.688,0.547,0.54,0.835,0.68
USR_08090,19.5,50.7,6.1,0.793,0.565,3,0.4,0.284,0.73,0.839,0.082
USR_08091,8.62,42.3,5.4,0.69,0.26,3,0.269,0.984,0.21,0.95,0.149
USR_08092,23.06,80.3,3.9,0.762,0.675,3,0.635,0.192,0.841,0.368,0.99
USR_08093,21.94,50.7,6.5,0.808,0.557,4,0.261,0.315,0.678,0.803,0.338
USR_08094,7.23,25.6,3.6,0.636,0.268,1,0.377,0.688,0.417,0.699,0.12
USR_08095,7.38,24.0,2.4,0.574,0.138,1,0.222,0.838,0.265,0.594,0.279
USR_08096,22.48,62.3,3.8,0.889,0.559,2,0.771,0.308,0.445,0.301,0.712
USR_08097,32.25,77.4,5.4,0.814,0.261,3,0.703,0.205,0.55,0.426,0.989
USR_08098,33.91,67.8,4.0,0.84,0.729,2,0.79,0.232,0.922,0.36,0.955
USR_08099,38.36,73.6,4.9,0.99,0.747,3,0.787,0.308,0.718,0.347,0.443
USR_08100,16.28,42.4,3.5,0.897,0.524,3,0.35,0.406,0.579,0.786,0.234
USR_08101,14.97,46.1,3.4,0.831,0.216,3,0.343,0.476,0.354,0.796,0.211
USR_08102,9.28,74.8,4.2,0.861,0.365,3,0.364,0.41,0.573,0.915,0.216
USR_08103,8.39,10.0,2.7,0.781,0.283,1,0.449,0.862,0.204,0.651,0.276
USR_08104,20.78,61.5,5.7,0.94,0.363,3,0.407,0.245,0.608,0.931,0.272
USR_08105,20.08,65.4,5.8,0.669,0.416,5,0.726,0.754,0.37,0.812,0.28
USR_08106,19.37,43.2,7.5,0.588,0.552,5,0.632,0.535,0.51,0.864,0.854
USR_08107,15.92,54.1,6.3,0.807,0.167,2,0.19,0.452,0.252,0.99,0.253
USR_08108,9.49,31.7,4.6,0.454,0.279,1,0.124,0.778,0.241,0.711,0.115
USR_08109,35.88,145.8,5.3,0.876,0.802,2,0.648,0.144,0.858,0.295,0.858
USR_08110,14.84,62.8,4.8,0.822,0.381,4,0.367,0.361,0.484,0.985,0.485
USR_08111,22.77,31.6,6.7,0.474,0.594,5,0.632,0.425,0.562,0.755,0.541
USR_08112,15.45,52.9,6.5,0.816,0.3,3,0.445,0.721,0.511,0.963,0.4
USR_08113,11.6,18.9,1.1,0.501,0.359,1,0.266,0.78,0.29,0.802,0.17
USR_08114,22.32,55.6,7.2,0.798,0.392,5,0.691,0.665,0.718,0.558,0.704
USR_08115,17.91,95.3,6.8,0.932,0.904,3,0.827,0.234,0.986,0.726,0.69
USR_08116,18.12,52.2,6.5,0.912,0.379,4,0.46,0.544,0.544,0.821,0.328
USR_08117,16.58,125.6,4.8,0.834,0.875,3,0.687,0.33,0.847,0.43,0.826
USR_08118,26.8,58.8,4.0,0.878,0.783,3,0.755,0.06,0.845,0.349,0.776
USR_08119,24.95,80.1,2.9,0.952,0.795,4,0.585,0.107,0.831,0.637,0.754
USR_08120,32.28,73.1,5.3,0.803,0.736,3,0.597,0.253,0.894,0.411,0.813
USR_08121,19.27,48.9,7.2,0.733,0.329,5,0.807,0.479,0.596,0.7,0.633
USR_08122,23.87,111.8,4.3,0.856,0.789,3,0.99,0.05,0.823,0.499,0.626
USR_08123,3.97,29.6,3.6,0.555,0.336,3,0.153,0.844,0.405,0.575,0.106
USR_08124,30.63,77.9,4.9,0.795,0.535,2,0.879,0.416,0.536,0.104,0.866
USR_08125,39.92,102.9,4.7,0.838,0.753,3,0.762,0.152,0.722,0.321,0.689
USR_08126,16.53,56.9,7.2,0.844,0.499,4,0.718,0.324,0.68,0.673,0.751
USR_08127,26.21,87.8,5.6,0.907,0.678,3,0.685,0.384,0.775,0.619,0.704
USR_08128,28.04,104.1,4.6,0.861,0.523,3,0.67,0.197,0.622,0.5,0.509
USR_08129,24.97,99.4,7.1,0.99,0.369,3,0.883,0.26,0.784,0.543,0.871
USR_08130,19.14,52.9,5.3,0.778,0.313,2,0.281,0.384,0.754,0.724,0.384
USR_08131,9.38,24.6,4.5,0.588,0.28,1,0.292,0.963,0.151,0.498,0.274
USR_08132,24.23,69.5,7.3,0.828,0.453,3,0.949,0.179,0.9,0.213,0.924
USR_08133,25.39,95.8,5.0,0.805,0.786,2,0.736,0.49,0.756,0.478,0.565
USR_08134,26.3,98.4,4.2,0.874,0.95,3,0.744,0.281,0.676,0.271,0.68
USR_08135,16.74,66.0,5.1,0.815,0.439,3,0.484,0.107,0.491,0.917,0.481
USR_08136,22.7,93.4,3.0,0.885,0.508,4,0.777,0.226,0.606,0.349,0.939
USR_08137,16.33,40.6,11.7,0.73,0.308,4,0.669,0.63,0.481,0.611,0.78
USR_08138,21.9,56.8,4.5,0.779,0.246,3,0.359,0.21,0.51,0.88,0.446
USR_08139,19.8,89.5,3.2,0.861,0.899,2,0.763,0.31,0.819,0.543,0.782
USR_08140,17.83,53.2,3.3,0.98,0.406,3,0.204,0.309,0.536,0.886,0.314
USR_08141,14.98,52.5,5.9,0.989,0.366,3,0.232,0.505,0.347,0.878,0.47
USR_08142,11.5,81.4,6.0,0.904,0.452,2,0.85,0.397,0.68,0.314,0.957
USR_08143,15.59,37.7,9.4,0.812,0.371,5,0.544,0.558,0.64,0.643,0.486
USR_08144,15.43,96.5,5.8,0.76,0.699,2,0.753,0.23,0.538,0.188,0.946
USR_08145,30.44,79.0,7.1,0.737,0.39,2,0.878,0.27,0.669,0.17,0.963
USR_08146,21.84,66.0,8.3,0.827,0.612,2,0.743,0.43,0.653,0.492,0.94
USR_08147,14.32,56.5,5.9,0.903,0.445,3,0.398,0.686,0.769,0.935,0.481
USR_08148,26.8,43.9,8.8,0.851,0.385,4,0.56,0.413,0.865,0.892,0.439
USR_08149,27.85,77.7,5.7,0.672,0.422,3,0.863,0.208,0.688,0.401,0.99
USR_08150,13.69,113.9,4.4,0.929,0.779,4,0.76,0.285,0.955,0.341,0.787
USR_08151,23.42,135.2,2.7,0.911,0.683,2,0.74,0.427,0.742,0.301,0.75
USR_08152,13.28,39.0,3.3,0.822,0.31,4,0.398,0.57,0.422,0.769,0.261
USR_08153,12.2,39.2,5.3,0.821,0.392,3,0.389,0.453,0.826,0.905,0.281
USR_08154,22.67,46.8,5.4,0.921,0.301,3,0.331,0.274,0.328,0.99,0.288
USR_08155,30.43,98.4,4.4,0.839,0.592,4,0.694,0.118,0.723,0.262,0.737
USR_08156,15.85,46.1,10.9,0.733,0.459,5,0.766,0.649,0.856,0.833,0.63
USR_08157,5.03,25.1,5.3,0.648,0.307,2,0.198,0.988,0.424,0.821,0.05
USR_08158,28.04,59.2,5.6,0.817,0.354,2,0.951,0.161,0.791,0.283,0.986
USR_08159,3.99,17.2,2.4,0.642,0.28,2,0.392,0.99,0.198,0.564,0.196
USR_08160,23.69,80.8,4.9,0.732,0.469,2,0.854,0.174,0.596,0.312,0.968
USR_08161,30.62,62.6,5.8,0.99,0.527,3,0.941,0.173,0.68,0.421,0.863
USR_08162,3.78,18.5,4.8,0.706,0.434,1,0.13,0.892,0.199,0.737,0.05
USR_08163,6.45,11.5,4.1,0.673,0.425,3,0.407,0.824,0.166,0.789,0.185
USR_08164,15.07,57.9,11.9,0.7,0.292,5,0.337,0.514,0.58,0.685,0.619
USR_08165,18.86,44.3,5.7,0.796,0.284,3,0.619,0.469,0.605,0.967,0.229
USR_08166,6.68,39.3,4.2,0.692,0.273,2,0.406,0.903,0.139,0.66,0.067
USR_08167,21.55,49.4,6.7,0.856,0.402,3,0.161,0.598,0.498,0.908,0.257
USR_08168,16.48,52.1,4.8,0.905,0.492,2,0.147,0.333,0.652,0.901,0.297
USR_08169,26.04,101.2,2.5,0.82,0.848,2,0.772,0.078,0.927,0.317,0.602
USR_08170,23.63,62.8,8.4,0.792,0.561,3,0.726,0.118,0.61,0.655,0.879
USR_08171,21.16,58.6,8.2,0.753,0.237,5,0.548,0.521,0.797,0.703,0.751
USR_08172,18.23,57.6,7.0,0.863,0.411,3,0.883,0.145,0.708,0.316,0.901
USR_08173,19.58,71.4,4.9,0.943,0.407,2,0.99,0.09,0.654,0.383,0.804
USR_08174,27.04,69.4,6.4,0.848,0.438,2,0.844,0.18,0.576,0.373,0.908
USR_08175,26.64,84.1,5.6,0.912,0.722,2,0.641,0.166,0.87,0.394,0.757
USR_08176,4.93,28.3,3.7,0.467,0.397,1,0.081,0.958,0.301,0.752,0.325
USR_08177,31.8,104.9,4.1,0.912,0.731,3,0.65,0.271,0.77,0.274,0.775
USR_08178,7.7,20.4,3.8,0.749,0.153,3,0.281,0.75,0.143,0.501,0.211
USR_08179,5.52,24.4,3.7,0.666,0.404,1,0.143,0.811,0.192,0.441,0.299
USR_08180,19.43,58.7,4.3,0.886,0.243,2,0.49,0.38,0.442,0.857,0.41
USR_08181,16.06,132.3,5.8,0.894,0.727,4,0.62,0.264,0.651,0.38,0.59
USR_08182,31.77,73.6,5.7,0.935,0.769,4,0.683,0.347,0.815,0.498,0.839
USR_08183,9.41,10.0,4.3,0.391,0.317,2,0.336,0.761,0.416,0.636,0.05
USR_08184,27.46,70.4,6.2,0.723,0.428,3,0.94,0.402,0.538,0.185,0.982
USR_08185,13.13,61.0,8.0,0.795,0.294,4,0.385,0.24,0.39,0.99,0.239
USR_08186,18.43,57.3,5.6,0.635,0.353,5,0.611,0.511,0.477,0.532,0.403
USR_08187,14.4,48.5,6.3,0.808,0.337,2,0.439,0.068,0.833,0.901,0.419
USR_08188,32.23,99.0,5.1,0.871,0.809,3,0.591,0.392,0.791,0.419,0.773
USR_08189,21.97,68.1,7.5,0.977,0.332,2,0.92,0.318,0.769,0.388,0.832
USR_08190,15.75,67.5,5.8,0.778,0.438,3,0.817,0.307,0.574,0.156,0.911
USR_08191,18.74,123.6,2.4,0.845,0.867,4,0.621,0.328,0.779,0.381,0.672
USR_08192,7.4,27.1,5.2,0.644,0.421,2,0.277,0.902,0.344,0.89,0.258
USR_08193,13.35,63.7,6.6,0.858,0.448,2,0.1,0.328,0.337,0.797,0.409
USR_08194,14.88,43.5,6.6,0.786,0.484,4,0.729,0.894,0.593,0.587,0.561
USR_08195,30.07,72.6,7.1,0.865,0.592,2,0.935,0.151,0.529,0.359,0.871
USR_08196,8.57,31.3,5.1,0.532,0.253,1,0.554,0.99,0.079,0.669,0.113
USR_08197,27.94,65.1,6.0,0.706,0.347,4,0.572,0.292,0.56,0.911,0.479
USR_08198,22.45,47.6,9.3,0.703,0.318,4,0.741,0.511,0.659,0.428,0.545
USR_08199,5.05,11.8,3.3,0.324,0.294,1,0.426,0.636,0.066,0.69,0.205
USR_08200,21.28,74.6,6.1,0.907,0.589,2,0.953,0.189,0.662,0.311,0.823
USR_08201,20.78,63.5,6.0,0.886,0.285,2,0.823,0.168,0.696,0.35,0.878
USR_08202,14.45,107.2,4.3,0.755,0.632,4,0.968,0.387,0.919,0.553,0.77
USR_08203,25.01,74.5,6.7,0.795,0.48,3,0.762,0.149,0.824,0.328,0.927
USR_08204,20.59,45.8,3.6,0.842,0.848,3,0.629,0.24,0.623,0.341,0.642
USR_08205,3.54,33.7,5.4,0.544,0.221,1,0.272,0.86,0.134,0.715,0.176
USR_08206,18.64,70.3,5.2,0.727,0.34,3,0.86,0.05,0.62,0.317,0.99
USR_08207,17.23,44.5,4.0,0.766,0.345,4,0.408,0.57,0.569,0.847,0.271
USR_08208,22.73,42.9,9.4,0.642,0.664,5,0.633,0.694,0.374,0.399,0.577
USR_08209,16.56,54.7,8.9,0.848,0.62,4,0.501,0.793,0.6,0.786,0.715
USR_08210,21.38,37.7,9.5,0.758,0.531,5,0.541,0.3,0.483,0.766,0.606
USR_08211,14.43,50.0,7.6,0.762,0.465,4,0.587,0.767,0.81,0.648,0.54
USR_08212,31.66,98.6,4.1,0.99,0.731,4,0.92,0.196,0.777,0.457,0.861
USR_08213,29.47,50.9,2.5,0.818,0.792,3,0.807,0.05,0.771,0.417,0.694
USR_08214,18.93,118.8,3.9,0.874,0.768,2,0.749,0.219,0.906,0.613,0.852
USR_08215,23.48,47.5,7.5,0.594,0.412,4,0.56,0.781,0.513,0.616,0.811
USR_08216,8.45,29.5,3.1,0.66,0.249,3,0.376,0.703,0.124,0.775,0.08
USR_08217,21.25,71.4,4.7,0.921,0.731,4,0.654,0.407,0.794,0.484,0.514
USR_08218,15.41,50.4,7.3,0.85,0.353,3,0.297,0.374,0.357,0.824,0.474
USR_08219,12.7,34.6,6.8,0.615,0.303,4,0.61,0.619,0.671,0.729,0.467
USR_08220,5.28,22.1,4.2,0.619,0.271,3,0.2,0.757,0.246,0.661,0.298
USR_08221,8.78,34.3,5.4,0.719,0.197,2,0.243,0.901,0.327,0.692,0.239
USR_08222,25.96,118.6,5.3,0.714,0.813,3,0.596,0.464,0.758,0.4,0.584
USR_08223,22.76,54.3,5.3,0.946,0.409,3,0.464,0.187,0.42,0.99,0.401
USR_08224,19.48,88.8,6.2,0.861,0.694,4,0.434,0.27,0.99,0.493,0.677
USR_08225,23.82,70.9,7.6,0.945,0.656,3,0.919,0.073,0.529,0.466,0.882
USR_08226,24.16,71.4,5.3,0.756,0.405,3,0.781,0.294,0.547,0.283,0.889
USR_08227,24.18,84.1,6.7,0.885,0.795,3,0.8,0.107,0.852,0.68,0.659
USR_08228,5.14,35.6,6.1,0.626,0.288,2,0.103,0.99,0.259,0.587,0.085
USR_08229,4.73,23.6,4.2,0.674,0.474,1,0.05,0.952,0.065,0.95,0.22
USR_08230,15.42,42.5,7.0,0.752,0.522,4,0.539,0.568,0.599,0.577,0.886
USR_08231,23.12,96.3,5.6,0.866,0.552,2,0.895,0.341,0.354,0.549,0.952
USR_08232,10.54,29.4,3.1,0.615,0.328,1,0.05,0.888,0.187,0.579,0.324
USR_08233,22.82,111.1,3.5,0.867,0.722,3,0.873,0.235,0.614,0.323,0.542
USR_08234,22.7,70.6,3.9,0.85,0.695,4,0.954,0.232,0.873,0.368,0.99
USR_08235,22.79,52.7,5.4,0.893,0.381,2,0.662,0.365,0.72,0.803,0.335
USR_08236,26.65,64.2,5.3,0.866,0.793,4,0.643,0.087,0.863,0.57,0.609
USR_08237,21.51,59.0,8.8,0.865,0.575,4,0.611,0.75,0.845,0.67,0.548
USR_08238,17.37,90.5,1.6,0.873,0.777,3,0.775,0.149,0.804,0.632,0.773
USR_08239,25.81,100.5,5.8,0.866,0.684,3,0.902,0.481,0.716,0.259,0.868
USR_08240,3.22,33.2,5.6,0.643,0.197,1,0.314,0.644,0.24,0.658,0.211
USR_08241,11.82,20.7,6.3,0.858,0.389,5,0.699,0.59,0.716,0.675,0.878
USR_08242,29.58,76.0,3.0,0.888,0.677,3,0.592,0.341,0.99,0.525,0.822
USR_08243,10.42,20.6,2.7,0.552,0.278,2,0.25,0.77,0.215,0.629,0.165
USR_08244,26.75,66.8,1.6,0.963,0.75,3,0.967,0.397,0.84,0.413,0.687
USR_08245,2.55,22.3,2.7,0.487,0.414,2,0.207,0.789,0.069,0.718,0.194
USR_08246,25.97,41.6,7.0,0.622,0.399,4,0.662,0.494,0.53,0.804,0.445
USR_08247,15.23,54.1,5.6,0.672,0.504,5,0.453,0.723,0.531,0.849,0.554
USR_08248,10.65,37.2,5.0,0.776,0.446,5,0.439,0.694,0.782,0.83,0.426
USR_08249,19.44,43.9,6.5,0.869,0.248,4,0.332,0.775,0.862,0.989,0.255
USR_08250,12.55,45.0,11.3,0.818,0.52,5,0.51,0.636,0.626,0.587,0.634
USR_08251,16.86,49.4,7.1,0.716,0.358,5,0.51,0.503,0.758,0.538,0.428
USR_08252,14.0,58.8,3.7,0.851,0.437,4,0.13,0.373,0.674,0.933,0.05
USR_08253,17.95,75.7,6.5,0.907,0.405,2,0.871,0.274,0.526,0.18,0.802
USR_08254,23.94,64.8,6.1,0.808,0.494,3,0.328,0.546,0.195,0.96,0.298
USR_08255,30.98,74.7,2.6,0.718,0.794,2,0.802,0.214,0.915,0.366,0.714
USR_08256,8.64,23.4,3.2,0.908,0.4,2,0.243,0.83,0.096,0.589,0.186
USR_08257,27.56,77.7,6.9,0.791,0.61,3,0.99,0.186,0.575,0.069,0.921
USR_08258,10.34,29.0,1.0,0.486,0.245,1,0.203,0.776,0.297,0.68,0.186
USR_08259,30.6,80.1,5.6,0.794,0.786,2,0.845,0.096,0.629,0.241,0.716
USR_08260,21.27,85.3,5.7,0.854,0.533,2,0.812,0.192,0.878,0.272,0.871
USR_08261,18.33,72.0,3.2,0.843,0.693,3,0.903,0.279,0.927,0.502,0.727
USR_08262,12.34,29.5,3.5,0.612,0.185,2,0.145,0.798,0.191,0.754,0.081
USR_08263,25.04,42.5,6.9,0.778,0.515,4,0.642,0.655,0.804,0.708,0.57
USR_08264,19.67,60.9,8.6,0.626,0.341,5,0.689,0.84,0.774,0.623,0.479
USR_08265,22.15,74.7,5.5,0.77,0.468,2,0.248,0.307,0.619,0.815,0.151
USR_08266,15.08,67.4,5.8,0.798,0.403,4,0.254,0.191,0.326,0.849,0.182
USR_08267,19.0,54.7,4.5,0.804,0.95,3,0.76,0.392,0.851,0.434,0.791
USR_08268,22.15,69.6,4.2,0.99,0.547,3,0.791,0.288,0.476,0.279,0.929
USR_08269,13.07,54.1,4.4,0.919,0.378,3,0.501,0.078,0.633,0.841,0.378
USR_08270,26.22,56.0,5.1,0.88,0.218,2,0.481,0.103,0.549,0.951,0.44
USR_08271,22.49,51.8,7.5,0.879,0.351,4,0.245,0.509,0.9,0.854,0.279
USR_08272,15.12,87.7,6.6,0.797,0.493,3,0.99,0.205,0.692,0.335,0.956
USR_08273,20.82,82.3,6.0,0.899,0.52,2,0.732,0.313,0.45,0.112,0.829
USR_08274,26.02,91.1,6.0,0.875,0.825,3,0.781,0.255,0.842,0.48,0.833
USR_08275,7.32,34.1,1.8,0.811,0.281,1,0.05,0.729,0.13,0.822,0.05
USR_08276,19.89,49.2,5.0,0.99,0.326,2,0.371,0.641,0.36,0.872,0.178
USR_08277,18.76,49.7,5.2,0.893,0.334,3,0.427,0.429,0.301,0.906,0.341
USR_08278,10.1,10.3,3.6,0.519,0.231,3,0.07,0.891,0.05,0.745,0.128
USR_08279,9.55,29.6,6.9,0.601,0.344,3,0.289,0.938,0.204,0.803,0.231
USR_08280,26.46,69.3,5.7,0.825,0.584,3,0.729,0.179,0.877,0.539,0.879
USR_08281,16.75,46.0,11.2,0.78,0.494,4,0.634,0.584,0.711,0.705,0.814
USR_08282,6.15,24.0,2.3,0.516,0.347,2,0.179,0.946,0.141,0.673,0.354
USR_08283,14.41,49.5,6.3,0.906,0.526,3,0.395,0.298,0.609,0.778,0.171
USR_08284,20.49,56.0,4.1,0.882,0.385,3,0.391,0.487,0.689,0.99,0.238
USR_08285,28.61,97.6,5.1,0.875,0.81,3,0.885,0.388,0.77,0.405,0.836
USR_08286,15.17,91.9,5.1,0.967,0.339,2,0.943,0.261,0.669,0.302,0.966
USR_08287,21.24,53.3,3.0,0.881,0.458,2,0.96,0.137,0.624,0.327,0.961
USR_08288,16.24,59.6,5.0,0.785,0.37,4,0.352,0.47,0.598,0.81,0.22
USR_08289,19.27,66.0,4.4,0.844,0.698,3,0.77,0.216,0.742,0.396,0.852
USR_08290,10.15,34.1,4.3,0.588,0.434,1,0.386,0.851,0.219,0.593,0.076
USR_08291,5.61,15.3,4.4,0.557,0.219,3,0.464,0.791,0.133,0.638,0.101
USR_08292,11.21,48.6,10.5,0.88,0.389,5,0.719,0.751,0.701,0.865,0.562
USR_08293,16.52,58.4,8.1,0.422,0.541,5,0.553,0.601,0.649,0.613,0.676
USR_08294,5.55,29.3,5.6,0.486,0.6,2,0.066,0.84,0.343,0.873,0.318
USR_08295,16.06,53.8,3.7,0.928,0.467,3,0.121,0.365,0.9,0.99,0.294
USR_08296,9.42,47.9,6.3,0.88,0.402,3,0.509,0.189,0.749,0.927,0.153
USR_08297,7.55,43.0,2.9,0.603,0.347,1,0.249,0.662,0.239,0.95,0.327
USR_08298,17.3,42.2,7.3,0.841,0.553,4,0.753,0.602,0.447,0.709,0.541
USR_08299,13.48,83.3,4.5,0.796,0.646,2,0.7,0.272,0.918,0.643,0.693
USR_08300,11.96,32.3,7.3,0.775,0.459,2,0.18,0.507,0.648,0.751,0.435
USR_08301,14.36,69.8,7.0,0.847,0.47,4,0.202,0.581,0.448,0.854,0.253
USR_08302,26.17,55.1,4.5,0.738,0.387,2,0.886,0.278,0.685,0.467,0.8
USR_08303,11.63,57.2,10.3,0.968,0.367,5,0.458,0.634,0.648,0.646,0.642
USR_08304,9.94,37.1,10.0,0.842,0.66,5,0.552,0.799,0.73,0.584,0.374
USR_08305,14.86,103.1,3.0,0.939,0.678,4,0.769,0.227,0.821,0.571,0.736
USR_08306,17.58,56.1,6.2,0.969,0.475,3,0.404,0.431,0.671,0.867,0.349
USR_08307,6.4,29.7,2.4,0.736,0.374,1,0.299,0.87,0.294,0.731,0.278
USR_08308,23.44,60.6,6.4,0.838,0.422,2,0.756,0.242,0.703,0.232,0.928
USR_08309,23.02,69.6,7.4,0.733,0.43,3,0.86,0.125,0.476,0.239,0.99
USR_08310,28.52,68.2,5.7,0.952,0.844,4,0.904,0.38,0.783,0.44,0.665
USR_08311,8.38,35.2,2.8,0.495,0.452,1,0.244,0.947,0.219,0.532,0.172
USR_08312,37.02,75.8,6.8,0.849,0.706,3,0.828,0.343,0.812,0.233,0.523
USR_08313,13.08,100.7,3.5,0.803,0.715,2,0.72,0.361,0.626,0.196,0.634
USR_08314,4.69,23.2,7.2,0.653,0.23,1,0.338,0.99,0.05,0.621,0.265
USR_08315,19.82,88.2,5.3,0.863,0.885,2,0.872,0.151,0.85,0.36,0.709
USR_08316,19.0,56.3,7.2,0.821,0.418,3,0.805,0.306,0.606,0.265,0.964
USR_08317,14.9,69.1,5.0,0.811,0.559,3,0.837,0.295,0.709,0.256,0.926
USR_08318,5.75,23.5,4.8,0.856,0.14,2,0.483,0.781,0.295,0.744,0.189
USR_08319,27.21,97.0,7.5,0.982,0.542,3,0.727,0.299,0.824,0.409,0.849
USR_08320,9.08,28.2,4.4,0.487,0.448,2,0.388,0.672,0.223,0.744,0.23
USR_08321,18.73,43.0,6.0,0.813,0.364,3,0.309,0.411,0.524,0.99,0.436
USR_08322,23.55,68.0,5.8,0.858,0.548,3,0.88,0.316,0.68,0.147,0.87
USR_08323,37.47,95.2,3.6,0.917,0.715,3,0.852,0.482,0.786,0.352,0.626
USR_08324,26.2,73.2,5.9,0.856,0.435,2,0.8,0.148,0.455,0.508,0.99
USR_08325,18.21,126.6,3.1,0.919,0.804,2,0.752,0.398,0.812,0.375,0.74
USR_08326,17.75,57.4,5.1,0.77,0.338,5,0.717,0.571,0.707,0.596,0.831
USR_08327,6.47,22.6,1.9,0.62,0.336,1,0.388,0.832,0.333,0.83,0.063
USR_08328,19.03,50.6,7.4,0.596,0.385,4,0.676,0.508,0.634,0.826,0.361
USR_08329,6.39,18.8,3.3,0.697,0.285,3,0.05,0.777,0.251,0.7,0.217
USR_08330,17.46,59.4,5.7,0.921,0.261,4,0.18,0.57,0.38,0.956,0.294
USR_08331,18.69,62.8,4.3,0.842,0.413,2,0.172,0.423,0.472,0.899,0.346
USR_08332,23.18,100.3,4.0,0.855,0.95,2,0.75,0.189,0.648,0.232,0.512
USR_08333,5.0,25.6,3.9,0.663,0.454,1,0.397,0.88,0.113,0.901,0.143
USR_08334,17.87,56.5,4.2,0.845,0.457,4,0.417,0.501,0.9,0.835,0.367
USR_08335,11.92,54.8,6.5,0.804,0.266,2,0.355,0.429,0.588,0.99,0.235
USR_08336,29.63,60.4,4.7,0.891,0.54,3,0.911,0.05,0.551,0.334,0.99
USR_08337,24.83,101.6,6.5,0.779,0.648,4,0.785,0.234,0.99,0.315,0.748
USR_08338,8.85,52.6,6.8,0.739,0.214,2,0.137,0.514,0.765,0.903,0.178
USR_08339,14.27,52.5,5.5,0.917,0.428,4,0.322,0.345,0.518,0.769,0.359
USR_08340,31.01,82.6,5.8,0.858,0.497,3,0.867,0.271,0.616,0.32,0.99
USR_08341,26.36,27.5,9.2,0.645,0.365,5,0.714,0.809,0.614,0.574,0.725
USR_08342,24.83,86.9,5.2,0.929,0.582,3,0.834,0.091,0.526,0.402,0.99
USR_08343,17.37,43.0,8.9,0.744,0.557,5,0.271,0.436,0.88,0.739,0.647
USR_08344,23.22,73.0,4.0,0.832,0.75,3,0.586,0.366,0.735,0.491,0.69
USR_08345,15.95,38.5,5.5,0.948,0.24,4,0.546,0.457,0.368,0.753,0.478
USR_08346,21.15,87.2,6.3,0.784,0.756,3,0.959,0.203,0.72,0.351,0.633
USR_08347,1.94,28.3,4.6,0.378,0.232,2,0.154,0.609,0.244,0.617,0.282
USR_08348,26.05,79.6,2.8,0.94,0.701,4,0.8,0.258,0.881,0.626,0.642
USR_08349,21.38,33.2,9.3,0.614,0.503,5,0.711,0.525,0.506,0.746,0.444
USR_08350,18.99,49.5,9.7,0.758,0.38,5,0.527,0.361,0.686,0.565,0.876
USR_08351,6.29,33.4,3.7,0.257,0.312,1,0.05,0.863,0.314,0.746,0.29
USR_08352,34.22,80.0,5.2,0.74,0.643,3,0.754,0.369,0.983,0.576,0.785
USR_08353,27.53,83.1,7.9,0.797,0.678,2,0.77,0.426,0.502,0.456,0.831
USR_08354,32.2,89.1,3.0,0.899,0.581,2,0.953,0.489,0.906,0.571,0.904
USR_08355,15.31,59.6,4.8,0.88,0.249,4,0.377,0.593,0.9,0.9,0.357
USR_08356,6.56,29.9,5.3,0.611,0.341,2,0.376,0.768,0.362,0.65,0.206
USR_08357,4.27,19.2,5.1,0.517,0.252,1,0.228,0.931,0.204,0.732,0.238
USR_08358,29.2,94.9,4.6,0.858,0.65,3,0.971,0.335,0.935,0.422,0.423
USR_08359,18.08,53.6,9.2,0.864,0.412,4,0.672,0.855,0.571,0.756,0.599
USR_08360,29.65,71.1,6.6,0.949,0.549,2,0.684,0.342,0.833,0.539,0.68
USR_08361,30.85,91.1,6.0,0.905,0.78,4,0.766,0.249,0.851,0.289,0.59
USR_08362,11.14,12.3,4.1,0.598,0.301,1,0.44,0.894,0.315,0.692,0.11
USR_08363,20.12,57.9,6.5,0.961,0.339,3,0.225,0.365,0.667,0.976,0.266
USR_08364,19.74,61.7,6.3,0.99,0.395,2,0.313,0.545,0.502,0.795,0.546
USR_08365,16.19,76.7,5.7,0.99,0.312,2,0.05,0.41,0.612,0.98,0.179
USR_08366,13.41,55.2,8.4,0.692,0.423,4,0.637,0.708,0.64,0.516,0.408
USR_08367,22.26,80.5,6.3,0.854,0.437,2,0.962,0.235,0.541,0.224,0.99
USR_08368,33.98,80.7,5.0,0.921,0.16,2,0.778,0.45,0.467,0.428,0.947
USR_08369,14.27,76.6,6.2,0.873,0.708,3,0.914,0.212,0.84,0.46,0.942
USR_08370,23.14,24.9,10.3,0.736,0.383,5,0.457,0.675,0.784,0.721,0.519
USR_08371,23.32,45.3,5.3,0.794,0.206,2,0.316,0.117,0.746,0.974,0.279
USR_08372,25.17,82.6,4.3,0.872,0.71,2,0.685,0.184,0.908,0.231,0.733
USR_08373,20.64,67.2,6.3,0.802,0.346,3,0.211,0.525,0.62,0.882,0.289
USR_08374,11.4,17.8,5.8,0.688,0.392,2,0.281,0.944,0.477,0.692,0.176
USR_08375,4.49,14.5,4.4,0.473,0.487,3,0.31,0.763,0.249,0.692,0.186
USR_08376,21.05,76.2,5.6,0.805,0.654,3,0.773,0.315,0.732,0.25,0.932
USR_08377,17.55,17.9,4.1,0.304,0.458,1,0.216,0.812,0.28,0.593,0.357
USR_08378,20.84,61.6,5.4,0.832,0.469,2,0.63,0.163,0.633,0.289,0.907
USR_08379,18.59,66.0,4.4,0.929,0.532,2,0.804,0.182,0.857,0.461,0.771
USR_08380,16.37,48.8,7.9,0.99,0.213,2,0.173,0.332,0.364,0.833,0.277
USR_08381,6.64,22.2,3.9,0.517,0.376,3,0.375,0.813,0.091,0.607,0.261
USR_08382,24.43,128.7,2.7,0.983,0.704,2,0.734,0.406,0.859,0.655,0.681
USR_08383,21.31,52.6,8.6,0.75,0.514,2,0.99,0.162,0.873,0.196,0.867
USR_08384,19.35,46.3,6.4,0.844,0.45,2,0.85,0.182,0.49,0.219,0.834
USR_08385,27.27,55.8,9.0,0.604,0.165,4,0.589,0.599,0.79,0.873,0.643
USR_08386,19.06,88.0,4.0,0.773,0.771,3,0.765,0.073,0.553,0.219,0.658
USR_08387,20.43,47.4,5.3,0.752,0.575,3,0.754,0.302,0.525,0.217,0.805
USR_08388,13.62,66.8,5.5,0.823,0.342,3,0.371,0.613,0.386,0.867,0.095
USR_08389,20.5,54.3,8.9,0.599,0.512,4,0.815,0.728,0.5,0.62,0.584
USR_08390,8.69,31.0,4.9,0.705,0.208,3,0.196,0.685,0.261,0.619,0.301
USR_08391,31.3,105.3,5.0,0.922,0.742,4,0.854,0.163,0.753,0.143,0.983
USR_08392,22.25,53.0,8.4,0.598,0.61,5,0.616,0.85,0.618,0.842,0.475
USR_08393,30.06,73.4,5.5,0.861,0.873,3,0.917,0.158,0.859,0.11,0.831
USR_08394,31.74,73.7,7.3,0.836,0.39,2,0.921,0.095,0.394,0.381,0.882
USR_08395,21.71,32.5,4.7,0.756,0.368,5,0.6,0.687,0.653,0.608,0.574
USR_08396,17.53,70.5,6.7,0.866,0.461,2,0.803,0.05,0.9,0.153,0.973
USR_08397,15.02,70.7,5.8,0.793,0.557,2,0.282,0.651,0.495,0.954,0.269
USR_08398,10.37,99.0,5.0,0.888,0.864,3,0.651,0.166,0.866,0.435,0.857
USR_08399,21.55,61.4,6.2,0.99,0.296,4,0.187,0.432,0.654,0.79,0.345
USR_08400,13.33,67.1,5.6,0.777,0.215,3,0.969,0.176,0.672,0.259,0.959
USR_08401,24.55,79.1,5.3,0.72,0.675,3,0.812,0.093,0.562,0.255,0.805
USR_08402,24.04,97.5,6.3,0.887,0.703,4,0.72,0.05,0.678,0.507,0.443
USR_08403,12.09,80.6,9.6,0.735,0.57,4,0.788,0.579,0.683,0.694,0.643
USR_08404,25.04,89.4,4.2,0.817,0.705,3,0.882,0.108,0.565,0.257,0.961
USR_08405,10.48,41.1,3.1,0.597,0.276,2,0.228,0.827,0.31,0.588,0.294
USR_08406,14.93,48.9,10.5,0.821,0.386,4,0.485,0.696,0.519,0.618,0.579
USR_08407,16.03,58.9,6.4,0.836,0.4,3,0.147,0.617,0.671,0.782,0.476
USR_08408,17.82,28.0,9.5,0.572,0.453,4,0.752,0.606,0.8,0.489,0.507
USR_08409,5.72,32.8,4.9,0.561,0.331,1,0.351,0.81,0.31,0.732,0.1
USR_08410,6.96,33.8,5.2,0.365,0.165,2,0.392,0.863,0.2,0.68,0.149
USR_08411,20.93,38.2,9.2,0.832,0.498,5,0.853,0.461,0.432,0.758,0.664
USR_08412,8.26,23.6,5.1,0.54,0.415,2,0.144,0.81,0.154,0.528,0.326
USR_08413,19.51,44.3,7.4,0.674,0.424,5,0.403,0.757,0.642,0.813,0.798
USR_08414,27.84,40.5,8.0,0.769,0.371,2,0.99,0.379,0.796,0.236,0.849
USR_08415,2.5,18.6,5.4,0.527,0.335,2,0.438,0.846,0.241,0.887,0.442
USR_08416,22.3,90.3,3.3,0.829,0.281,3,0.857,0.136,0.479,0.309,0.987
USR_08417,7.81,36.6,6.5,0.449,0.189,1,0.344,0.864,0.374,0.608,0.125
USR_08418,27.48,70.6,7.6,0.61,0.492,2,0.883,0.082,0.669,0.405,0.885
USR_08419,25.42,55.1,3.3,0.819,0.608,3,0.525,0.419,0.927,0.311,0.746
USR_08420,20.19,84.1,6.0,0.834,0.518,2,0.819,0.229,0.457,0.404,0.99
USR_08421,32.52,68.4,6.8,0.607,0.531,2,0.95,0.05,0.695,0.37,0.839
USR_08422,18.37,42.1,5.3,0.839,0.202,3,0.379,0.404,0.797,0.831,0.264
USR_08423,11.31,31.6,1.9,0.57,0.33,2,0.373,0.805,0.229,0.763,0.185
USR_08424,29.07,57.8,5.9,0.727,0.854,3,0.832,0.503,0.904,0.338,0.771
USR_08425,11.14,54.1,4.8,0.986,0.53,2,0.352,0.373,0.9,0.773,0.315
USR_08426,3.55,31.7,3.6,0.542,0.251,2,0.193,0.99,0.412,0.824,0.25
USR_08427,18.47,37.2,8.3,0.857,0.578,5,0.645,0.702,0.527,0.688,0.471
USR_08428,22.86,116.0,3.7,0.761,0.584,3,0.853,0.43,0.581,0.175,0.649
USR_08429,4.95,21.8,6.7,0.728,0.05,1,0.389,0.671,0.178,0.563,0.127
USR_08430,21.28,65.8,5.2,0.854,0.321,3,0.248,0.409,0.489,0.907,0.413
USR_08431,20.56,42.0,7.5,0.724,0.332,4,0.431,0.766,0.95,0.772,0.542
USR_08432,25.71,54.0,7.8,0.681,0.59,2,0.961,0.105,0.686,0.59,0.911
USR_08433,19.01,57.9,4.0,0.868,0.316,3,0.5,0.079,0.668,0.871,0.203
USR_08434,14.18,47.7,3.7,0.876,0.219,3,0.108,0.566,0.594,0.99,0.309
USR_08435,28.43,78.1,2.6,0.913,0.632,3,0.739,0.375,0.99,0.323,0.565
USR_08436,16.93,36.3,5.0,0.786,0.706,5,0.489,0.595,0.435,0.579,0.553
USR_08437,26.85,41.2,5.5,0.894,0.405,3,0.99,0.134,0.724,0.254,0.871
USR_08438,19.06,35.2,7.9,0.744,0.425,5,0.626,0.764,0.417,0.697,0.817
USR_08439,26.93,55.7,8.2,0.885,0.331,2,0.835,0.078,0.67,0.277,0.91
USR_08440,11.26,26.2,9.7,0.679,0.573,4,0.158,0.251,0.506,0.519,0.28
USR_08441,20.96,81.5,3.8,0.917,0.622,3,0.705,0.437,0.681,0.395,0.605
USR_08442,15.33,45.1,8.6,0.703,0.443,4,0.489,0.599,0.527,0.751,0.521
USR_08443,22.24,72.4,4.8,0.853,0.809,2,0.886,0.234,0.797,0.598,0.888
USR_08444,18.37,41.9,6.7,0.848,0.311,2,0.21,0.489,0.568,0.99,0.242
USR_08445,33.33,130.0,3.3,0.915,0.643,3,0.784,0.541,0.801,0.437,0.792
USR_08446,26.77,57.3,4.4,0.896,0.524,3,0.811,0.308,0.718,0.239,0.873
USR_08447,16.43,88.7,2.5,0.699,0.516,2,0.777,0.143,0.59,0.431,0.946
USR_08448,27.34,42.5,7.9,0.788,0.549,5,0.947,0.735,0.527,0.86,0.627
USR_08449,6.4,25.8,3.2,0.666,0.424,1,0.397,0.922,0.195,0.793,0.28
USR_08450,29.52,96.1,2.9,0.731,0.789,4,0.984,0.359,0.855,0.569,0.837
USR_08451,3.69,43.3,5.0,0.61,0.378,3,0.191,0.764,0.189,0.752,0.289
USR_08452,13.34,29.5,8.7,0.516,0.237,4,0.508,0.527,0.556,0.649,0.384
USR_08453,18.88,44.0,4.9,0.843,0.23,2,0.18,0.56,0.469,0.965,0.141
USR_08454,26.59,77.9,5.1,0.835,0.923,3,0.719,0.146,0.734,0.576,0.643
USR_08455,12.19,29.2,4.7,0.643,0.367,2,0.05,0.99,0.41,0.615,0.224
USR_08456,15.6,66.1,9.3,0.698,0.547,5,0.387,0.809,0.587,0.794,0.727
USR_08457,28.03,108.5,2.6,0.766,0.61,3,0.759,0.399,0.778,0.505,0.902
USR_08458,14.51,56.4,7.6,0.824,0.474,2,0.893,0.314,0.542,0.224,0.897
USR_08459,18.15,39.7,5.9,0.862,0.346,3,0.333,0.378,0.463,0.818,0.05
USR_08460,23.41,72.4,5.4,0.866,0.375,3,0.78,0.161,0.507,0.467,0.843
USR_08461,29.58,99.3,4.4,0.748,0.507,2,0.911,0.14,0.649,0.304,0.968
USR_08462,7.57,20.0,4.4,0.468,0.377,1,0.092,0.862,0.109,0.734,0.281
USR_08463,27.68,56.5,6.1,0.816,0.541,4,0.936,0.5,0.919,0.729,0.71
USR_08464,24.19,50.0,10.9,0.867,0.289,5,0.545,0.596,0.491,0.78,0.438
USR_08465,23.49,55.0,4.9,0.848,0.52,3,0.42,0.527,0.464,0.888,0.362
USR_08466,11.41,37.7,5.2,0.539,0.345,3,0.329,0.967,0.242,0.744,0.05
USR_08467,1.67,28.7,2.3,0.489,0.324,2,0.227,0.692,0.057,0.542,0.165
USR_08468,38.22,86.7,3.3,0.901,0.726,4,0.61,0.276,0.744,0.617,0.855
USR_08469,28.27,91.1,1.5,0.825,0.622,4,0.99,0.508,0.857,0.37,0.688
USR_08470,12.57,55.3,8.6,0.815,0.419,4,0.753,0.542,0.493,0.533,0.869
USR_08471,23.8,87.5,5.2,0.811,0.95,3,0.946,0.245,0.99,0.253,0.607
USR_08472,20.19,53.9,5.7,0.896,0.324,3,0.308,0.365,0.449,0.89,0.41
USR_08473,4.87,33.8,5.7,0.57,0.394,1,0.375,0.957,0.484,0.699,0.233
USR_08474,7.02,21.4,3.0,0.412,0.487,2,0.223,0.66,0.193,0.469,0.226
USR_08475,19.67,116.2,4.7,0.84,0.696,3,0.797,0.28,0.886,0.218,0.421
USR_08476,5.19,33.2,5.0,0.722,0.224,1,0.275,0.971,0.361,0.619,0.23
USR_08477,6.8,18.1,3.3,0.684,0.405,1,0.188,0.898,0.234,0.571,0.158
USR_08478,14.55,52.9,8.8,0.99,0.559,4,0.738,0.853,0.431,0.745,0.762
USR_08479,3.87,31.5,2.0,0.782,0.273,2,0.517,0.92,0.379,0.598,0.05
USR_08480,25.21,85.2,3.5,0.833,0.532,2,0.886,0.155,0.8,0.354,0.99
USR_08481,7.22,28.5,4.7,0.628,0.203,1,0.127,0.864,0.178,0.624,0.298
USR_08482,15.4,53.9,6.2,0.89,0.363,3,0.474,0.517,0.585,0.936,0.365
USR_08483,27.18,97.3,4.8,0.865,0.613,3,0.622,0.389,0.912,0.311,0.882
USR_08484,26.64,74.7,6.6,0.968,0.602,3,0.733,0.35,0.698,0.308,0.794
USR_08485,28.43,66.2,4.1,0.812,0.452,3,0.261,0.215,0.67,0.886,0.2
USR_08486,18.02,54.2,5.1,0.761,0.341,3,0.334,0.35,0.674,0.859,0.256
USR_08487,3.85,16.8,1.5,0.429,0.233,3,0.265,0.884,0.309,0.642,0.133
USR_08488,20.04,65.9,8.0,0.963,0.297,2,0.899,0.227,0.721,0.447,0.895
USR_08489,41.92,118.8,3.5,0.91,0.598,4,0.615,0.469,0.782,0.303,0.836
USR_08490,26.19,116.6,4.6,0.813,0.703,2,0.815,0.351,0.737,0.564,0.99
USR_08491,22.12,61.2,8.3,0.503,0.487,5,0.509,0.638,0.647,0.582,0.743
USR_08492,18.01,58.3,5.2,0.879,0.457,3,0.43,0.374,0.507,0.99,0.388
USR_08493,24.64,56.6,5.6,0.99,0.261,3,0.534,0.554,0.737,0.822,0.261
USR_08494,18.93,90.6,5.2,0.751,0.76,4,0.792,0.465,0.829,0.664,0.987
USR_08495,26.18,74.5,8.5,0.876,0.486,2,0.778,0.148,0.528,0.369,0.797
USR_08496,41.74,78.3,8.3,0.968,0.346,3,0.925,0.05,0.746,0.302,0.99
USR_08497,10.25,45.9,6.0,0.956,0.245,3,0.406,0.338,0.261,0.922,0.383
USR_08498,16.14,51.7,5.6,0.863,0.384,3,0.604,0.518,0.615,0.816,0.247
USR_08499,21.66,102.3,3.5,0.982,0.843,3,0.877,0.05,0.728,0.24,0.778
USR_08500,21.49,34.5,5.8,0.711,0.281,4,0.402,0.606,0.703,0.816,0.526
